sample_idx,true_fault,mode_a_prob_anom,threshold,mode_b_triggered,mode_a_pred,mode_b_pred,final_pred,mode_a_lat_us,mode_b_lat_us,total_lat_us,deadline_5ms_met,deadline_10ms_met,deadline_20ms_met,deadline_50ms_met
0,3,0.989894,0.5,1,1,2.0,2,116.7,146.4,263.1,1,1,1,1
1,2,1.0,0.5,1,1,3.0,3,115.0,137.8,252.8,1,1,1,1
2,2,0.997497,0.5,1,1,2.0,2,122.4,96.6,219.0,1,1,1,1
3,0,0.0,0.5,0,0,,0,100.8,0.0,100.8,1,1,1,1
4,0,0.0,0.5,0,0,,0,71.6,0.0,71.6,1,1,1,1
5,2,0.989894,0.5,1,1,2.0,2,85.5,82.2,167.7,1,1,1,1
6,0,0.0,0.5,0,0,,0,68.4,0.0,68.4,1,1,1,1
7,0,0.0,0.5,0,0,,0,67.7,0.0,67.7,1,1,1,1
8,0,0.0,0.5,0,0,,0,65.4,0.0,65.4,1,1,1,1
9,0,0.0,0.5,0,0,,0,65.6,0.0,65.6,1,1,1,1
10,0,0.0,0.5,0,0,,0,65.4,0.0,65.4,1,1,1,1
11,0,0.0,0.5,0,0,,0,72.2,0.0,72.2,1,1,1,1
12,3,0.989894,0.5,1,1,2.0,2,64.7,75.1,139.8,1,1,1,1
13,3,1.0,0.5,1,1,3.0,3,65.0,82.5,147.5,1,1,1,1
14,0,0.0,0.5,0,0,,0,73.5,0.0,73.5,1,1,1,1
15,0,0.0,0.5,0,0,,0,65.2,0.0,65.2,1,1,1,1
16,3,0.989894,0.5,1,1,3.0,3,63.1,72.1,135.2,1,1,1,1
17,2,0.989894,0.5,1,1,3.0,3,79.7,76.2,155.9,1,1,1,1
18,0,0.0,0.5,0,0,,0,65.5,0.0,65.5,1,1,1,1
19,0,0.0,0.5,0,0,,0,64.1,0.0,64.1,1,1,1,1
20,1,1.0,0.5,1,1,1.0,1,73.6,75.4,149.0,1,1,1,1
21,2,0.989894,0.5,1,1,2.0,2,64.3,72.7,137.0,1,1,1,1
22,0,0.0,0.5,0,0,,0,64.0,0.0,64.0,1,1,1,1
23,1,0.999232,0.5,1,1,1.0,1,63.3,82.3,145.6,1,1,1,1
24,3,0.989894,0.5,1,1,2.0,2,64.7,289.8,354.5,1,1,1,1
25,0,0.0,0.5,0,0,,0,159.9,0.0,159.9,1,1,1,1
26,1,0.997497,0.5,1,1,1.0,1,99.7,121.3,221.0,1,1,1,1
27,3,0.989894,0.5,1,1,3.0,3,82.1,99.1,181.2,1,1,1,1
28,0,0.0,0.5,0,0,,0,101.8,0.0,101.8,1,1,1,1
29,0,0.0,0.5,0,0,,0,101.1,0.0,101.1,1,1,1,1
30,3,1.0,0.5,1,1,2.0,2,67.5,72.3,139.8,1,1,1,1
31,1,0.989894,0.5,1,1,1.0,1,73.7,76.8,150.5,1,1,1,1
32,2,1.0,0.5,1,1,3.0,3,69.7,100.3,170.0,1,1,1,1
33,3,0.989894,0.5,1,1,2.0,2,71.2,74.8,146.0,1,1,1,1
34,0,0.0,0.5,0,0,,0,73.5,0.0,73.5,1,1,1,1
35,0,0.0,0.5,0,0,,0,66.0,0.0,66.0,1,1,1,1
36,3,1.0,0.5,1,1,2.0,2,85.2,76.1,161.3,1,1,1,1
37,0,0.0,0.5,0,0,,0,64.4,0.0,64.4,1,1,1,1
38,2,0.989894,0.5,1,1,2.0,2,66.9,72.5,139.4,1,1,1,1
39,2,1.0,0.5,1,1,2.0,2,63.1,91.2,154.3,1,1,1,1
40,1,1.0,0.5,1,1,1.0,1,66.3,82.7,149.0,1,1,1,1
41,0,0.0,0.5,0,0,,0,70.2,0.0,70.2,1,1,1,1
42,0,0.177465,0.5,0,0,,0,65.9,0.0,65.9,1,1,1,1
43,2,0.989894,0.5,1,1,3.0,3,85.3,81.9,167.2,1,1,1,1
44,3,1.0,0.5,1,1,3.0,3,69.5,73.6,143.1,1,1,1,1
45,1,0.999232,0.5,1,1,1.0,1,63.8,71.7,135.5,1,1,1,1
46,2,1.0,0.5,1,1,2.0,2,63.5,90.9,154.4,1,1,1,1
47,1,0.989894,0.5,1,1,2.0,2,75.9,75.0,150.9,1,1,1,1
48,2,0.989894,0.5,1,1,2.0,2,68.2,70.3,138.5,1,1,1,1
49,3,0.989894,0.5,1,1,3.0,3,62.7,69.7,132.4,1,1,1,1
50,3,0.989894,0.5,1,1,2.0,2,173.3,147.6,320.9,1,1,1,1
51,0,0.0,0.5,0,0,,0,114.5,0.0,114.5,1,1,1,1
52,1,0.999232,0.5,1,1,1.0,1,80.4,78.5,158.9,1,1,1,1
53,3,0.989894,0.5,1,1,3.0,3,70.6,78.4,149.0,1,1,1,1
54,3,0.989894,0.5,1,1,3.0,3,65.9,75.0,140.9,1,1,1,1
55,2,0.989894,0.5,1,1,2.0,2,66.0,73.2,139.2,1,1,1,1
56,0,0.0,0.5,0,0,,0,65.0,0.0,65.0,1,1,1,1
57,0,0.0,0.5,0,0,,0,62.4,0.0,62.4,1,1,1,1
58,3,0.989894,0.5,1,1,3.0,3,63.4,70.1,133.5,1,1,1,1
59,1,0.997497,0.5,1,1,1.0,1,63.2,71.4,134.6,1,1,1,1
60,0,0.0,0.5,0,0,,0,62.0,0.0,62.0,1,1,1,1
61,1,1.0,0.5,1,1,1.0,1,60.4,69.8,130.2,1,1,1,1
62,3,0.989894,0.5,1,1,3.0,3,62.1,69.0,131.1,1,1,1,1
63,1,1.0,0.5,1,1,1.0,1,62.0,75.7,137.7,1,1,1,1
64,0,0.0,0.5,0,0,,0,64.8,0.0,64.8,1,1,1,1
65,2,0.989894,0.5,1,1,3.0,3,62.6,71.3,133.9,1,1,1,1
66,1,0.989894,0.5,1,1,1.0,1,61.5,82.5,144.0,1,1,1,1
67,3,1.0,0.5,1,1,3.0,3,62.9,71.1,134.0,1,1,1,1
68,3,0.989894,0.5,1,1,3.0,3,62.6,70.1,132.7,1,1,1,1
69,0,0.0,0.5,0,0,,0,59.7,0.0,59.7,1,1,1,1
70,1,1.0,0.5,1,1,1.0,1,62.1,69.9,132.0,1,1,1,1
71,1,0.989894,0.5,1,1,1.0,1,63.0,69.1,132.1,1,1,1,1
72,2,0.989894,0.5,1,1,3.0,3,60.7,69.1,129.8,1,1,1,1
73,0,0.0,0.5,0,0,,0,61.2,0.0,61.2,1,1,1,1
74,0,0.0,0.5,0,0,,0,61.2,0.0,61.2,1,1,1,1
75,0,0.0,0.5,0,0,,0,60.4,0.0,60.4,1,1,1,1
76,3,0.989894,0.5,1,1,2.0,2,61.5,70.3,131.8,1,1,1,1
77,2,0.989894,0.5,1,1,3.0,3,62.0,68.1,130.1,1,1,1,1
78,2,0.989894,0.5,1,1,2.0,2,62.0,69.5,131.5,1,1,1,1
79,2,0.989894,0.5,1,1,3.0,3,60.0,85.5,145.5,1,1,1,1
80,2,1.0,0.5,1,1,3.0,3,70.1,70.6,140.7,1,1,1,1
81,0,0.0,0.5,0,0,,0,61.5,0.0,61.5,1,1,1,1
82,0,0.0,0.5,0,0,,0,61.9,0.0,61.9,1,1,1,1
83,2,0.989894,0.5,1,1,2.0,2,77.4,73.5,150.9,1,1,1,1
84,0,0.0,0.5,0,0,,0,63.3,0.0,63.3,1,1,1,1
85,1,1.0,0.5,1,1,1.0,1,63.3,73.9,137.2,1,1,1,1
86,0,0.0,0.5,0,0,,0,79.5,0.0,79.5,1,1,1,1
87,1,1.0,0.5,1,1,1.0,1,68.9,73.8,142.7,1,1,1,1
88,2,0.989894,0.5,1,1,3.0,3,66.0,70.1,136.1,1,1,1,1
89,2,0.989894,0.5,1,1,2.0,2,63.7,82.7,146.4,1,1,1,1
90,1,1.0,0.5,1,1,1.0,1,66.2,74.3,140.5,1,1,1,1
91,3,0.989894,0.5,1,1,3.0,3,65.7,68.6,134.3,1,1,1,1
92,0,0.0,0.5,0,0,,0,61.7,0.0,61.7,1,1,1,1
93,3,0.999232,0.5,1,1,3.0,3,64.6,72.2,136.8,1,1,1,1
94,3,0.989894,0.5,1,1,3.0,3,60.8,68.1,128.9,1,1,1,1
95,2,0.989894,0.5,1,1,3.0,3,61.7,70.1,131.8,1,1,1,1
96,1,1.0,0.5,1,1,1.0,1,72.4,73.4,145.8,1,1,1,1
97,2,0.999232,0.5,1,1,2.0,2,62.2,69.4,131.6,1,1,1,1
98,0,0.0,0.5,0,0,,0,61.4,0.0,61.4,1,1,1,1
99,1,1.0,0.5,1,1,1.0,1,92.3,81.3,173.6,1,1,1,1
100,1,0.989894,0.5,1,1,1.0,1,64.3,69.5,133.8,1,1,1,1
101,3,0.989894,0.5,1,1,3.0,3,62.4,69.8,132.2,1,1,1,1
102,2,0.989894,0.5,1,1,3.0,3,61.0,81.2,142.2,1,1,1,1
103,0,0.0,0.5,0,0,,0,65.3,0.0,65.3,1,1,1,1
104,1,1.0,0.5,1,1,1.0,1,62.1,69.6,131.7,1,1,1,1
105,3,0.989894,0.5,1,1,3.0,3,60.3,79.9,140.2,1,1,1,1
106,3,0.989894,0.5,1,1,2.0,2,173.2,159.6,332.8,1,1,1,1
107,0,0.0,0.5,0,0,,0,106.8,0.0,106.8,1,1,1,1
108,0,0.0,0.5,0,0,,0,87.1,0.0,87.1,1,1,1,1
109,0,0.0,0.5,0,0,,0,73.5,0.0,73.5,1,1,1,1
110,1,0.997497,0.5,1,1,1.0,1,67.7,78.2,145.9,1,1,1,1
111,3,0.989894,0.5,1,1,3.0,3,79.4,83.5,162.9,1,1,1,1
112,0,0.177465,0.5,0,0,,0,69.0,0.0,69.0,1,1,1,1
113,3,0.989894,0.5,1,1,3.0,3,65.6,73.4,139.0,1,1,1,1
114,0,0.177465,0.5,0,0,,0,78.9,0.0,78.9,1,1,1,1
115,1,0.999232,0.5,1,1,1.0,1,64.1,76.9,141.0,1,1,1,1
116,2,0.989894,0.5,1,1,3.0,3,69.1,74.0,143.1,1,1,1,1
117,0,0.0,0.5,0,0,,0,73.8,0.0,73.8,1,1,1,1
118,0,0.0,0.5,0,0,,0,68.1,0.0,68.1,1,1,1,1
119,3,0.989894,0.5,1,1,3.0,3,70.5,73.0,143.5,1,1,1,1
120,1,0.989894,0.5,1,1,1.0,1,64.7,84.1,148.8,1,1,1,1
121,0,0.0,0.5,0,0,,0,68.3,0.0,68.3,1,1,1,1
122,3,0.989894,0.5,1,1,2.0,2,66.5,85.5,152.0,1,1,1,1
123,0,0.177465,0.5,0,0,,0,79.6,0.0,79.6,1,1,1,1
124,0,0.0,0.5,0,0,,0,84.7,0.0,84.7,1,1,1,1
125,3,0.989894,0.5,1,1,1.0,1,66.6,72.8,139.4,1,1,1,1
126,0,0.0,0.5,0,0,,0,75.4,0.0,75.4,1,1,1,1
127,2,0.989894,0.5,1,1,2.0,2,67.2,72.7,139.9,1,1,1,1
128,0,0.177465,0.5,0,0,,0,64.1,0.0,64.1,1,1,1,1
129,3,0.989894,0.5,1,1,3.0,3,67.4,87.0,154.4,1,1,1,1
130,0,0.0,0.5,0,0,,0,67.3,0.0,67.3,1,1,1,1
131,2,0.989894,0.5,1,1,2.0,2,85.3,110.0,195.3,1,1,1,1
132,3,0.989894,0.5,1,1,3.0,3,111.6,95.7,207.3,1,1,1,1
133,0,0.0,0.5,0,0,,0,84.6,0.0,84.6,1,1,1,1
134,2,0.999232,0.5,1,1,3.0,3,177.2,239.6,416.8,1,1,1,1
135,0,0.0,0.5,0,0,,0,111.9,0.0,111.9,1,1,1,1
136,2,0.989894,0.5,1,1,3.0,3,188.6,164.0,352.6,1,1,1,1
137,2,0.989894,0.5,1,1,2.0,2,176.5,163.8,340.3,1,1,1,1
138,1,0.177465,0.5,0,0,,0,128.2,0.0,128.2,1,1,1,1
139,3,0.989894,0.5,1,1,3.0,3,123.5,150.9,274.4,1,1,1,1
140,2,0.989894,0.5,1,1,1.0,1,94.6,87.0,181.6,1,1,1,1
141,1,0.989894,0.5,1,1,1.0,1,72.2,78.3,150.5,1,1,1,1
142,0,0.0,0.5,0,0,,0,69.6,0.0,69.6,1,1,1,1
143,1,0.989894,0.5,1,1,1.0,1,65.7,72.2,137.9,1,1,1,1
144,2,0.989894,0.5,1,1,3.0,3,64.5,74.3,138.8,1,1,1,1
145,1,0.997497,0.5,1,1,1.0,1,64.7,71.2,135.9,1,1,1,1
146,2,0.989894,0.5,1,1,2.0,2,64.3,74.5,138.8,1,1,1,1
147,2,0.989894,0.5,1,1,3.0,3,67.8,76.0,143.8,1,1,1,1
148,3,0.989894,0.5,1,1,3.0,3,64.6,73.2,137.8,1,1,1,1
149,1,1.0,0.5,1,1,1.0,1,64.8,70.8,135.6,1,1,1,1
150,0,0.0,0.5,0,0,,0,64.0,0.0,64.0,1,1,1,1
151,3,0.989894,0.5,1,1,3.0,3,82.5,126.4,208.9,1,1,1,1
152,2,0.989894,0.5,1,1,3.0,3,122.0,127.8,249.8,1,1,1,1
153,0,0.0,0.5,0,0,,0,115.1,0.0,115.1,1,1,1,1
154,1,0.997497,0.5,1,1,1.0,1,72.2,76.7,148.9,1,1,1,1
155,2,0.989894,0.5,1,1,2.0,2,66.7,73.5,140.2,1,1,1,1
156,3,0.989894,0.5,1,1,3.0,3,83.5,78.6,162.1,1,1,1,1
157,2,0.989894,0.5,1,1,3.0,3,71.8,70.6,142.4,1,1,1,1
158,3,1.0,0.5,1,1,2.0,2,65.3,70.9,136.2,1,1,1,1
159,0,0.0,0.5,0,0,,0,62.1,0.0,62.1,1,1,1,1
160,2,0.989894,0.5,1,1,3.0,3,66.2,69.0,135.2,1,1,1,1
161,1,0.989894,0.5,1,1,1.0,1,73.3,71.8,145.1,1,1,1,1
162,1,0.989894,0.5,1,1,1.0,1,70.8,94.5,165.3,1,1,1,1
163,1,0.997497,0.5,1,1,1.0,1,75.2,77.2,152.4,1,1,1,1
164,0,0.0,0.5,0,0,,0,67.7,0.0,67.7,1,1,1,1
165,2,0.989894,0.5,1,1,2.0,2,116.9,130.6,247.5,1,1,1,1
166,0,0.0,0.5,0,0,,0,249.4,0.0,249.4,1,1,1,1
167,3,0.989894,0.5,1,1,2.0,2,150.3,150.0,300.3,1,1,1,1
168,2,0.989894,0.5,1,1,2.0,2,153.7,178.0,331.7,1,1,1,1
169,0,0.0,0.5,0,0,,0,112.0,0.0,112.0,1,1,1,1
170,3,0.989894,0.5,1,1,2.0,2,104.3,86.0,190.3,1,1,1,1
171,2,0.989894,0.5,1,1,2.0,2,70.2,76.5,146.7,1,1,1,1
172,0,0.0,0.5,0,0,,0,77.2,0.0,77.2,1,1,1,1
173,0,0.0,0.5,0,0,,0,72.0,0.0,72.0,1,1,1,1
174,0,0.0,0.5,0,0,,0,65.6,0.0,65.6,1,1,1,1
175,0,0.0,0.5,0,0,,0,64.1,0.0,64.1,1,1,1,1
176,3,1.0,0.5,1,1,2.0,2,68.6,72.5,141.1,1,1,1,1
177,2,0.989894,0.5,1,1,3.0,3,63.3,72.1,135.4,1,1,1,1
178,0,0.0,0.5,0,0,,0,62.8,0.0,62.8,1,1,1,1
179,2,1.0,0.5,1,1,3.0,3,68.5,71.7,140.2,1,1,1,1
180,2,0.989894,0.5,1,1,3.0,3,61.9,71.1,133.0,1,1,1,1
181,3,0.989894,0.5,1,1,2.0,2,63.1,68.6,131.7,1,1,1,1
182,2,0.989894,0.5,1,1,2.0,2,74.7,74.6,149.3,1,1,1,1
183,3,0.989894,0.5,1,1,2.0,2,63.5,71.6,135.1,1,1,1,1
184,1,0.177465,0.5,0,0,,0,63.8,0.0,63.8,1,1,1,1
185,3,0.989894,0.5,1,1,2.0,2,74.6,74.0,148.6,1,1,1,1
186,2,0.999232,0.5,1,1,3.0,3,63.8,73.1,136.9,1,1,1,1
187,3,0.989894,0.5,1,1,3.0,3,63.1,70.2,133.3,1,1,1,1
188,0,0.0,0.5,0,0,,0,63.8,0.0,63.8,1,1,1,1
189,3,0.989894,0.5,1,1,3.0,3,66.5,72.1,138.6,1,1,1,1
190,3,0.989894,0.5,1,1,3.0,3,62.3,85.7,148.0,1,1,1,1
191,3,0.989894,0.5,1,1,2.0,2,86.6,95.6,182.2,1,1,1,1
192,0,0.0,0.5,0,0,,0,69.7,0.0,69.7,1,1,1,1
193,2,0.989894,0.5,1,1,2.0,2,67.2,74.3,141.5,1,1,1,1
194,0,0.0,0.5,0,0,,0,65.2,0.0,65.2,1,1,1,1
195,0,0.0,0.5,0,0,,0,99.2,0.0,99.2,1,1,1,1
196,2,0.989894,0.5,1,1,2.0,2,76.1,115.0,191.1,1,1,1,1
197,1,0.989894,0.5,1,1,1.0,1,146.3,148.8,295.1,1,1,1,1
198,3,0.989894,0.5,1,1,2.0,2,120.0,147.4,267.4,1,1,1,1
199,1,0.997497,0.5,1,1,1.0,1,115.3,128.6,243.9,1,1,1,1
200,0,0.177465,0.5,0,0,,0,93.7,0.0,93.7,1,1,1,1
201,0,0.0,0.5,0,0,,0,82.6,0.0,82.6,1,1,1,1
202,3,0.989894,0.5,1,1,2.0,2,124.5,102.7,227.2,1,1,1,1
203,3,0.999232,0.5,1,1,2.0,2,91.9,86.5,178.4,1,1,1,1
204,0,0.0,0.5,0,0,,0,74.5,0.0,74.5,1,1,1,1
205,3,0.989894,0.5,1,1,3.0,3,67.4,75.3,142.7,1,1,1,1
206,1,0.989894,0.5,1,1,1.0,1,67.5,75.6,143.1,1,1,1,1
207,1,0.989894,0.5,1,1,1.0,1,66.4,74.7,141.1,1,1,1,1
208,0,0.0,0.5,0,0,,0,66.6,0.0,66.6,1,1,1,1
209,2,1.0,0.5,1,1,2.0,2,66.8,75.9,142.7,1,1,1,1
210,1,0.989894,0.5,1,1,1.0,1,66.0,74.4,140.4,1,1,1,1
211,3,0.989894,0.5,1,1,3.0,3,64.9,72.4,137.3,1,1,1,1
212,0,0.0,0.5,0,0,,0,68.5,0.0,68.5,1,1,1,1
213,2,0.999232,0.5,1,1,3.0,3,64.2,70.8,135.0,1,1,1,1
214,1,0.999232,0.5,1,1,1.0,1,63.0,70.8,133.8,1,1,1,1
215,1,1.0,0.5,1,1,1.0,1,63.6,70.2,133.8,1,1,1,1
216,0,0.0,0.5,0,0,,0,63.1,0.0,63.1,1,1,1,1
217,1,0.997497,0.5,1,1,1.0,1,63.7,71.9,135.6,1,1,1,1
218,3,0.989894,0.5,1,1,3.0,3,64.8,70.4,135.2,1,1,1,1
219,1,1.0,0.5,1,1,1.0,1,63.2,72.0,135.2,1,1,1,1
220,0,0.0,0.5,0,0,,0,63.6,0.0,63.6,1,1,1,1
221,2,0.989894,0.5,1,1,3.0,3,63.9,81.5,145.4,1,1,1,1
222,2,0.989894,0.5,1,1,2.0,2,191.6,161.4,353.0,1,1,1,1
223,2,0.989894,0.5,1,1,2.0,2,154.6,117.8,272.4,1,1,1,1
224,3,0.989894,0.5,1,1,3.0,3,93.7,109.7,203.4,1,1,1,1
225,2,0.989894,0.5,1,1,2.0,2,203.0,187.9,390.9,1,1,1,1
226,2,1.0,0.5,1,1,2.0,2,118.3,113.6,231.9,1,1,1,1
227,2,1.0,0.5,1,1,2.0,2,87.9,85.0,172.9,1,1,1,1
228,0,0.0,0.5,0,0,,0,89.8,0.0,89.8,1,1,1,1
229,0,0.0,0.5,0,0,,0,69.6,0.0,69.6,1,1,1,1
230,3,1.0,0.5,1,1,2.0,2,70.5,77.7,148.2,1,1,1,1
231,2,0.989894,0.5,1,1,2.0,2,79.8,82.1,161.9,1,1,1,1
232,1,1.0,0.5,1,1,1.0,1,68.2,80.3,148.5,1,1,1,1
233,3,1.0,0.5,1,1,3.0,3,67.9,73.4,141.3,1,1,1,1
234,0,0.0,0.5,0,0,,0,66.3,0.0,66.3,1,1,1,1
235,3,0.989894,0.5,1,1,2.0,2,74.3,76.0,150.3,1,1,1,1
236,3,0.989894,0.5,1,1,2.0,2,68.7,75.5,144.2,1,1,1,1
237,1,1.0,0.5,1,1,1.0,1,66.9,84.9,151.8,1,1,1,1
238,0,0.0,0.5,0,0,,0,69.7,0.0,69.7,1,1,1,1
239,1,1.0,0.5,1,1,1.0,1,67.2,75.3,142.5,1,1,1,1
240,1,0.999232,0.5,1,1,1.0,1,66.1,77.0,143.1,1,1,1,1
241,0,0.177465,0.5,0,0,,0,75.8,0.0,75.8,1,1,1,1
242,3,0.989894,0.5,1,1,3.0,3,64.9,74.0,138.9,1,1,1,1
243,0,0.0,0.5,0,0,,0,63.0,0.0,63.0,1,1,1,1
244,0,0.0,0.5,0,0,,0,74.0,0.0,74.0,1,1,1,1
245,0,0.0,0.5,0,0,,0,68.1,0.0,68.1,1,1,1,1
246,1,1.0,0.5,1,1,1.0,1,65.4,75.2,140.6,1,1,1,1
247,3,0.999232,0.5,1,1,3.0,3,64.1,84.8,148.9,1,1,1,1
248,1,0.997497,0.5,1,1,1.0,1,68.8,73.4,142.2,1,1,1,1
249,1,0.999232,0.5,1,1,1.0,1,63.9,74.5,138.4,1,1,1,1
250,2,0.989894,0.5,1,1,2.0,2,63.9,82.4,146.3,1,1,1,1
251,1,0.997497,0.5,1,1,1.0,1,71.1,73.5,144.6,1,1,1,1
252,0,0.0,0.5,0,0,,0,65.0,0.0,65.0,1,1,1,1
253,2,0.989894,0.5,1,1,2.0,2,65.1,72.7,137.8,1,1,1,1
254,3,0.989894,0.5,1,1,2.0,2,75.4,71.6,147.0,1,1,1,1
255,3,0.989894,0.5,1,1,3.0,3,63.6,71.1,134.7,1,1,1,1
256,0,0.0,0.5,0,0,,0,62.5,0.0,62.5,1,1,1,1
257,2,0.989894,0.5,1,1,2.0,2,68.8,75.2,144.0,1,1,1,1
258,0,0.0,0.5,0,0,,0,66.0,0.0,66.0,1,1,1,1
259,1,0.989894,0.5,1,1,1.0,1,63.1,72.6,135.7,1,1,1,1
260,1,1.0,0.5,1,1,1.0,1,62.1,79.6,141.7,1,1,1,1
261,2,0.989894,0.5,1,1,2.0,2,67.3,71.8,139.1,1,1,1,1
262,2,1.0,0.5,1,1,3.0,3,61.8,71.1,132.9,1,1,1,1
263,2,0.999232,0.5,1,1,2.0,2,62.2,73.0,135.2,1,1,1,1
264,2,0.989894,0.5,1,1,2.0,2,72.6,74.3,146.9,1,1,1,1
265,0,0.177465,0.5,0,0,,0,64.9,0.0,64.9,1,1,1,1
266,3,0.989894,0.5,1,1,3.0,3,62.6,70.6,133.2,1,1,1,1
267,2,0.989894,0.5,1,1,2.0,2,72.8,76.0,148.8,1,1,1,1
268,2,0.989894,0.5,1,1,3.0,3,63.1,71.5,134.6,1,1,1,1
269,0,0.0,0.5,0,0,,0,63.5,0.0,63.5,1,1,1,1
270,1,0.999232,0.5,1,1,1.0,1,62.0,82.0,144.0,1,1,1,1
271,3,0.989894,0.5,1,1,3.0,3,65.3,71.7,137.0,1,1,1,1
272,0,0.0,0.5,0,0,,0,61.7,0.0,61.7,1,1,1,1
273,3,1.0,0.5,1,1,2.0,2,62.6,77.5,140.1,1,1,1,1
274,0,0.0,0.5,0,0,,0,67.8,0.0,67.8,1,1,1,1
275,2,1.0,0.5,1,1,3.0,3,62.8,71.5,134.3,1,1,1,1
276,3,0.989894,0.5,1,1,2.0,2,62.7,102.2,164.9,1,1,1,1
277,2,0.989894,0.5,1,1,2.0,2,83.9,74.9,158.8,1,1,1,1
278,0,0.0,0.5,0,0,,0,63.9,0.0,63.9,1,1,1,1
279,1,0.989894,0.5,1,1,1.0,1,61.5,72.3,133.8,1,1,1,1
280,3,0.989894,0.5,1,1,1.0,1,73.1,76.9,150.0,1,1,1,1
281,3,0.989894,0.5,1,1,2.0,2,67.9,73.4,141.3,1,1,1,1
282,1,0.999232,0.5,1,1,1.0,1,64.3,75.3,139.6,1,1,1,1
283,0,0.0,0.5,0,0,,0,66.4,0.0,66.4,1,1,1,1
284,0,0.0,0.5,0,0,,0,77.8,0.0,77.8,1,1,1,1
285,3,0.989894,0.5,1,1,3.0,3,67.6,73.5,141.1,1,1,1,1
286,0,0.0,0.5,0,0,,0,67.9,0.0,67.9,1,1,1,1
287,3,0.999232,0.5,1,1,2.0,2,71.9,81.8,153.7,1,1,1,1
288,3,1.0,0.5,1,1,2.0,2,69.4,81.0,150.4,1,1,1,1
289,3,1.0,0.5,1,1,2.0,2,73.4,90.8,164.2,1,1,1,1
290,3,0.989894,0.5,1,1,3.0,3,80.0,83.6,163.6,1,1,1,1
291,2,0.989894,0.5,1,1,2.0,2,72.2,84.0,156.2,1,1,1,1
292,2,0.989894,0.5,1,1,3.0,3,74.0,80.8,154.8,1,1,1,1
293,2,0.989894,0.5,1,1,3.0,3,86.1,91.0,177.1,1,1,1,1
294,1,1.0,0.5,1,1,1.0,1,75.0,86.1,161.1,1,1,1,1
295,0,0.0,0.5,0,0,,0,76.6,0.0,76.6,1,1,1,1
296,0,0.0,0.5,0,0,,0,87.9,0.0,87.9,1,1,1,1
297,2,1.0,0.5,1,1,3.0,3,78.4,82.7,161.1,1,1,1,1
298,1,0.997497,0.5,1,1,1.0,1,72.9,81.9,154.8,1,1,1,1
299,3,0.989894,0.5,1,1,3.0,3,71.3,90.1,161.4,1,1,1,1
300,2,0.989894,0.5,1,1,2.0,2,76.4,76.0,152.4,1,1,1,1
301,3,0.989894,0.5,1,1,3.0,3,69.6,78.8,148.4,1,1,1,1
302,2,1.0,0.5,1,1,2.0,2,69.9,85.0,154.9,1,1,1,1
303,2,0.989894,0.5,1,1,2.0,2,74.0,80.8,154.8,1,1,1,1
304,0,0.0,0.5,0,0,,0,67.3,0.0,67.3,1,1,1,1
305,3,0.989894,0.5,1,1,2.0,2,64.7,73.8,138.5,1,1,1,1
306,2,0.989894,0.5,1,1,3.0,3,74.2,72.4,146.6,1,1,1,1
307,3,0.999232,0.5,1,1,2.0,2,64.5,68.4,132.9,1,1,1,1
308,2,0.997497,0.5,1,1,2.0,2,61.8,67.2,129.0,1,1,1,1
309,3,0.989894,0.5,1,1,3.0,3,62.3,78.6,140.9,1,1,1,1
310,1,1.0,0.5,1,1,1.0,1,63.2,67.9,131.1,1,1,1,1
311,2,0.989894,0.5,1,1,3.0,3,62.3,70.9,133.2,1,1,1,1
312,2,0.989894,0.5,1,1,2.0,2,61.6,76.1,137.7,1,1,1,1
313,0,0.0,0.5,0,0,,0,67.5,0.0,67.5,1,1,1,1
314,2,1.0,0.5,1,1,2.0,2,62.1,68.6,130.7,1,1,1,1
315,0,0.0,0.5,0,0,,0,59.9,0.0,59.9,1,1,1,1
316,1,1.0,0.5,1,1,1.0,1,71.0,71.5,142.5,1,1,1,1
317,2,0.989894,0.5,1,1,3.0,3,63.2,70.1,133.3,1,1,1,1
318,2,1.0,0.5,1,1,3.0,3,60.4,69.2,129.6,1,1,1,1
319,0,0.989894,0.5,1,1,2.0,2,70.6,75.9,146.5,1,1,1,1
320,3,0.989894,0.5,1,1,3.0,3,63.1,69.2,132.3,1,1,1,1
321,3,0.989894,0.5,1,1,2.0,2,62.4,68.4,130.8,1,1,1,1
322,0,0.177465,0.5,0,0,,0,60.9,0.0,60.9,1,1,1,1
323,2,0.989894,0.5,1,1,3.0,3,64.2,70.8,135.0,1,1,1,1
324,0,0.0,0.5,0,0,,0,61.9,0.0,61.9,1,1,1,1
325,2,1.0,0.5,1,1,3.0,3,62.5,69.0,131.5,1,1,1,1
326,1,1.0,0.5,1,1,1.0,1,71.9,70.8,142.7,1,1,1,1
327,1,1.0,0.5,1,1,1.0,1,61.1,71.9,133.0,1,1,1,1
328,1,0.997497,0.5,1,1,1.0,1,62.5,68.3,130.8,1,1,1,1
329,0,0.0,0.5,0,0,,0,71.2,0.0,71.2,1,1,1,1
330,2,0.989894,0.5,1,1,3.0,3,74.7,74.1,148.8,1,1,1,1
331,2,0.989894,0.5,1,1,2.0,2,70.9,74.0,144.9,1,1,1,1
332,3,0.989894,0.5,1,1,2.0,2,76.0,91.4,167.4,1,1,1,1
333,2,0.989894,0.5,1,1,3.0,3,74.9,98.7,173.6,1,1,1,1
334,3,0.989894,0.5,1,1,2.0,2,174.2,230.3,404.5,1,1,1,1
335,1,1.0,0.5,1,1,1.0,1,216.2,224.6,440.8,1,1,1,1
336,3,0.989894,0.5,1,1,3.0,3,113.1,85.0,198.1,1,1,1,1
337,0,0.0,0.5,0,0,,0,74.4,0.0,74.4,1,1,1,1
338,0,0.0,0.5,0,0,,0,61.7,0.0,61.7,1,1,1,1
339,2,0.989894,0.5,1,1,1.0,1,60.2,71.9,132.1,1,1,1,1
340,1,0.989894,0.5,1,1,1.0,1,62.7,80.0,142.7,1,1,1,1
341,0,0.0,0.5,0,0,,0,65.1,0.0,65.1,1,1,1,1
342,3,0.989894,0.5,1,1,2.0,2,61.3,70.4,131.7,1,1,1,1
343,2,0.989894,0.5,1,1,3.0,3,60.0,76.2,136.2,1,1,1,1
344,0,0.0,0.5,0,0,,0,67.0,0.0,67.0,1,1,1,1
345,0,0.0,0.5,0,0,,0,62.2,0.0,62.2,1,1,1,1
346,3,0.989894,0.5,1,1,2.0,2,60.1,67.3,127.4,1,1,1,1
347,1,0.989894,0.5,1,1,1.0,1,71.3,73.7,145.0,1,1,1,1
348,1,0.989894,0.5,1,1,1.0,1,61.9,67.6,129.5,1,1,1,1
349,2,0.989894,0.5,1,1,3.0,3,61.7,67.9,129.6,1,1,1,1
350,0,0.0,0.5,0,0,,0,60.8,0.0,60.8,1,1,1,1
351,0,0.0,0.5,0,0,,0,64.2,0.0,64.2,1,1,1,1
352,0,0.0,0.5,0,0,,0,62.1,0.0,62.1,1,1,1,1
353,1,0.989894,0.5,1,1,1.0,1,61.9,77.0,138.9,1,1,1,1
354,3,1.0,0.5,1,1,2.0,2,65.6,70.4,136.0,1,1,1,1
355,3,1.0,0.5,1,1,2.0,2,61.7,73.4,135.1,1,1,1,1
356,0,0.0,0.5,0,0,,0,60.4,0.0,60.4,1,1,1,1
357,3,0.989894,0.5,1,1,2.0,2,73.4,72.1,145.5,1,1,1,1
358,3,0.989894,0.5,1,1,2.0,2,62.0,68.5,130.5,1,1,1,1
359,2,0.989894,0.5,1,1,2.0,2,61.4,69.6,131.0,1,1,1,1
360,0,0.0,0.5,0,0,,0,68.2,0.0,68.2,1,1,1,1
361,2,0.989894,0.5,1,1,2.0,2,64.4,69.1,133.5,1,1,1,1
362,1,0.999232,0.5,1,1,1.0,1,60.7,67.8,128.5,1,1,1,1
363,3,0.989894,0.5,1,1,2.0,2,60.8,80.0,140.8,1,1,1,1
364,2,0.989894,0.5,1,1,2.0,2,63.7,70.4,134.1,1,1,1,1
365,3,0.989894,0.5,1,1,2.0,2,65.9,70.6,136.5,1,1,1,1
366,2,0.989894,0.5,1,1,3.0,3,60.7,68.3,129.0,1,1,1,1
367,2,0.989894,0.5,1,1,3.0,3,72.2,70.8,143.0,1,1,1,1
368,2,1.0,0.5,1,1,2.0,2,61.1,72.0,133.1,1,1,1,1
369,3,0.989894,0.5,1,1,3.0,3,62.5,70.2,132.7,1,1,1,1
370,3,0.989894,0.5,1,1,3.0,3,70.1,73.3,143.4,1,1,1,1
371,2,0.989894,0.5,1,1,3.0,3,61.8,69.7,131.5,1,1,1,1
372,3,0.989894,0.5,1,1,2.0,2,61.0,67.9,128.9,1,1,1,1
373,2,0.989894,0.5,1,1,2.0,2,60.6,80.9,141.5,1,1,1,1
374,2,0.989894,0.5,1,1,2.0,2,64.2,69.2,133.4,1,1,1,1
375,3,0.989894,0.5,1,1,2.0,2,61.2,69.0,130.2,1,1,1,1
376,3,0.989894,0.5,1,1,2.0,2,60.9,82.3,143.2,1,1,1,1
377,1,1.0,0.5,1,1,1.0,1,68.5,78.7,147.2,1,1,1,1
378,2,0.997497,0.5,1,1,2.0,2,76.9,76.4,153.3,1,1,1,1
379,0,0.0,0.5,0,0,,0,67.2,0.0,67.2,1,1,1,1
380,2,0.989894,0.5,1,1,3.0,3,66.7,70.3,137.0,1,1,1,1
381,0,0.0,0.5,0,0,,0,62.4,0.0,62.4,1,1,1,1
382,2,0.989894,0.5,1,1,2.0,2,59.9,69.1,129.0,1,1,1,1
383,2,1.0,0.5,1,1,2.0,2,72.0,74.8,146.8,1,1,1,1
384,3,1.0,0.5,1,1,2.0,2,62.7,69.9,132.6,1,1,1,1
385,0,0.0,0.5,0,0,,0,63.2,0.0,63.2,1,1,1,1
386,0,0.0,0.5,0,0,,0,59.8,0.0,59.8,1,1,1,1
387,0,0.0,0.5,0,0,,0,63.8,0.0,63.8,1,1,1,1
388,3,0.989894,0.5,1,1,2.0,2,63.4,70.6,134.0,1,1,1,1
389,2,0.989894,0.5,1,1,3.0,3,62.5,81.2,143.7,1,1,1,1
390,0,0.0,0.5,0,0,,0,64.5,0.0,64.5,1,1,1,1
391,3,0.989894,0.5,1,1,2.0,2,75.7,76.0,151.7,1,1,1,1
392,1,0.989894,0.5,1,1,2.0,2,61.1,77.8,138.9,1,1,1,1
393,0,0.0,0.5,0,0,,0,66.7,0.0,66.7,1,1,1,1
394,2,0.989894,0.5,1,1,3.0,3,66.1,67.4,133.5,1,1,1,1
395,0,0.0,0.5,0,0,,0,60.3,0.0,60.3,1,1,1,1
396,1,1.0,0.5,1,1,1.0,1,73.6,72.1,145.7,1,1,1,1
397,1,1.0,0.5,1,1,1.0,1,62.4,69.7,132.1,1,1,1,1
398,2,0.989894,0.5,1,1,3.0,3,61.0,67.4,128.4,1,1,1,1
399,0,0.0,0.5,0,0,,0,67.6,0.0,67.6,1,1,1,1
400,3,0.999232,0.5,1,1,2.0,2,61.5,68.4,129.9,1,1,1,1
401,1,0.989894,0.5,1,1,1.0,1,60.5,70.5,131.0,1,1,1,1
402,0,0.0,0.5,0,0,,0,59.9,0.0,59.9,1,1,1,1
403,2,0.989894,0.5,1,1,3.0,3,64.9,70.5,135.4,1,1,1,1
404,3,0.989894,0.5,1,1,2.0,2,61.6,69.9,131.5,1,1,1,1
405,2,0.999232,0.5,1,1,3.0,3,62.7,69.5,132.2,1,1,1,1
406,0,0.0,0.5,0,0,,0,66.6,0.0,66.6,1,1,1,1
407,3,0.989894,0.5,1,1,3.0,3,62.0,70.4,132.4,1,1,1,1
408,3,1.0,0.5,1,1,1.0,1,61.0,69.0,130.0,1,1,1,1
409,3,0.989894,0.5,1,1,3.0,3,70.8,72.7,143.5,1,1,1,1
410,2,0.989894,0.5,1,1,3.0,3,61.0,68.9,129.9,1,1,1,1
411,1,1.0,0.5,1,1,1.0,1,60.4,69.7,130.1,1,1,1,1
412,0,0.0,0.5,0,0,,0,59.8,0.0,59.8,1,1,1,1
413,2,0.997497,0.5,1,1,2.0,2,64.9,73.1,138.0,1,1,1,1
414,1,1.0,0.5,1,1,1.0,1,62.1,70.3,132.4,1,1,1,1
415,1,1.0,0.5,1,1,1.0,1,60.8,77.5,138.3,1,1,1,1
416,0,0.0,0.5,0,0,,0,67.7,0.0,67.7,1,1,1,1
417,2,1.0,0.5,1,1,2.0,2,63.0,69.6,132.6,1,1,1,1
418,2,0.989894,0.5,1,1,2.0,2,61.7,68.4,130.1,1,1,1,1
419,2,0.989894,0.5,1,1,3.0,3,71.7,72.9,144.6,1,1,1,1
420,0,0.0,0.5,0,0,,0,62.6,0.0,62.6,1,1,1,1
421,1,0.997497,0.5,1,1,1.0,1,62.3,69.4,131.7,1,1,1,1
422,0,0.0,0.5,0,0,,0,68.2,0.0,68.2,1,1,1,1
423,3,0.989894,0.5,1,1,2.0,2,62.0,70.2,132.2,1,1,1,1
424,3,0.989894,0.5,1,1,3.0,3,61.3,66.8,128.1,1,1,1,1
425,3,0.989894,0.5,1,1,3.0,3,61.2,78.2,139.4,1,1,1,1
426,0,0.0,0.5,0,0,,0,64.4,0.0,64.4,1,1,1,1
427,0,0.0,0.5,0,0,,0,60.5,0.0,60.5,1,1,1,1
428,0,0.177465,0.5,0,0,,0,61.3,0.0,61.3,1,1,1,1
429,1,1.0,0.5,1,1,1.0,1,74.3,72.8,147.1,1,1,1,1
430,0,0.0,0.5,0,0,,0,61.8,0.0,61.8,1,1,1,1
431,3,0.989894,0.5,1,1,2.0,2,60.0,69.1,129.1,1,1,1,1
432,1,0.997497,0.5,1,1,1.0,1,69.7,73.1,142.8,1,1,1,1
433,1,0.997497,0.5,1,1,1.0,1,64.0,70.2,134.2,1,1,1,1
434,2,0.989894,0.5,1,1,2.0,2,60.5,68.1,128.6,1,1,1,1
435,3,0.989894,0.5,1,1,2.0,2,60.3,80.9,141.2,1,1,1,1
436,0,0.0,0.5,0,0,,0,64.0,0.0,64.0,1,1,1,1
437,0,0.0,0.5,0,0,,0,61.4,0.0,61.4,1,1,1,1
438,2,0.999232,0.5,1,1,2.0,2,61.5,75.3,136.8,1,1,1,1
439,0,0.177465,0.5,0,0,,0,66.3,0.0,66.3,1,1,1,1
440,1,0.999232,0.5,1,1,1.0,1,65.2,70.3,135.5,1,1,1,1
441,1,0.999232,0.5,1,1,1.0,1,62.7,69.2,131.9,1,1,1,1
442,0,0.0,0.5,0,0,,0,72.2,0.0,72.2,1,1,1,1
443,1,1.0,0.5,1,1,1.0,1,61.5,71.3,132.8,1,1,1,1
444,2,1.0,0.5,1,1,3.0,3,63.5,72.6,136.1,1,1,1,1
445,0,0.0,0.5,0,0,,0,78.8,0.0,78.8,1,1,1,1
446,2,0.989894,0.5,1,1,2.0,2,68.0,79.0,147.0,1,1,1,1
447,2,0.989894,0.5,1,1,2.0,2,80.7,89.9,170.6,1,1,1,1
448,3,1.0,0.5,1,1,3.0,3,85.6,97.8,183.4,1,1,1,1
449,0,0.0,0.5,0,0,,0,120.8,0.0,120.8,1,1,1,1
450,2,0.989894,0.5,1,1,3.0,3,79.8,74.8,154.6,1,1,1,1
451,3,1.0,0.5,1,1,3.0,3,68.1,70.6,138.7,1,1,1,1
452,3,0.989894,0.5,1,1,2.0,2,63.3,68.2,131.5,1,1,1,1
453,0,0.0,0.5,0,0,,0,61.4,0.0,61.4,1,1,1,1
454,2,0.999232,0.5,1,1,2.0,2,65.4,73.3,138.7,1,1,1,1
455,3,0.989894,0.5,1,1,2.0,2,62.2,70.6,132.8,1,1,1,1
456,2,0.989894,0.5,1,1,2.0,2,60.9,77.2,138.1,1,1,1,1
457,0,0.0,0.5,0,0,,0,68.1,0.0,68.1,1,1,1,1
458,2,0.989894,0.5,1,1,3.0,3,62.8,69.0,131.8,1,1,1,1
459,2,0.989894,0.5,1,1,2.0,2,61.0,69.7,130.7,1,1,1,1
460,3,1.0,0.5,1,1,2.0,2,72.1,71.5,143.6,1,1,1,1
461,0,0.0,0.5,0,0,,0,61.4,0.0,61.4,1,1,1,1
462,1,0.989894,0.5,1,1,1.0,1,60.8,67.7,128.5,1,1,1,1
463,3,1.0,0.5,1,1,2.0,2,61.0,80.5,141.5,1,1,1,1
464,2,0.989894,0.5,1,1,3.0,3,63.4,68.9,132.3,1,1,1,1
465,1,1.0,0.5,1,1,1.0,1,60.3,68.4,128.7,1,1,1,1
466,3,0.989894,0.5,1,1,3.0,3,60.1,75.2,135.3,1,1,1,1
467,0,0.0,0.5,0,0,,0,67.6,0.0,67.6,1,1,1,1
468,0,0.0,0.5,0,0,,0,61.4,0.0,61.4,1,1,1,1
469,1,0.997497,0.5,1,1,1.0,1,61.9,68.6,130.5,1,1,1,1
470,1,1.0,0.5,1,1,1.0,1,71.2,71.0,142.2,1,1,1,1
471,1,0.989894,0.5,1,1,1.0,1,61.6,71.6,133.2,1,1,1,1
472,1,0.989894,0.5,1,1,1.0,1,60.3,69.2,129.5,1,1,1,1
473,3,0.999232,0.5,1,1,3.0,3,60.7,80.7,141.4,1,1,1,1
474,3,0.989894,0.5,1,1,2.0,2,63.3,69.6,132.9,1,1,1,1
475,1,1.0,0.5,1,1,1.0,1,60.4,69.2,129.6,1,1,1,1
476,0,0.0,0.5,0,0,,0,60.5,0.0,60.5,1,1,1,1
477,0,0.0,0.5,0,0,,0,66.6,0.0,66.6,1,1,1,1
478,1,0.999232,0.5,1,1,1.0,1,61.2,67.7,128.9,1,1,1,1
479,0,0.177465,0.5,0,0,,0,60.3,0.0,60.3,1,1,1,1
480,0,0.0,0.5,0,0,,0,72.7,0.0,72.7,1,1,1,1
481,0,0.0,0.5,0,0,,0,62.4,0.0,62.4,1,1,1,1
482,1,1.0,0.5,1,1,1.0,1,60.7,68.9,129.6,1,1,1,1
483,0,0.177465,0.5,0,0,,0,68.3,0.0,68.3,1,1,1,1
484,0,0.0,0.5,0,0,,0,69.2,0.0,69.2,1,1,1,1
485,1,1.0,0.5,1,1,1.0,1,62.4,69.2,131.6,1,1,1,1
486,2,0.989894,0.5,1,1,3.0,3,60.3,80.8,141.1,1,1,1,1
487,3,0.989894,0.5,1,1,3.0,3,63.3,70.7,134.0,1,1,1,1
488,3,0.989894,0.5,1,1,3.0,3,61.8,67.4,129.2,1,1,1,1
489,3,0.989894,0.5,1,1,3.0,3,60.2,76.4,136.6,1,1,1,1
490,3,0.989894,0.5,1,1,2.0,2,65.3,70.7,136.0,1,1,1,1
491,2,0.989894,0.5,1,1,3.0,3,60.8,70.0,130.8,1,1,1,1
492,2,0.989894,0.5,1,1,2.0,2,60.7,69.4,130.1,1,1,1,1
493,1,1.0,0.5,1,1,1.0,1,72.6,71.1,143.7,1,1,1,1
494,3,0.989894,0.5,1,1,3.0,3,61.5,69.4,130.9,1,1,1,1
495,2,0.989894,0.5,1,1,3.0,3,60.2,70.3,130.5,1,1,1,1
496,0,0.0,0.5,0,0,,0,61.0,0.0,61.0,1,1,1,1
497,0,0.0,0.5,0,0,,0,65.7,0.0,65.7,1,1,1,1
498,2,1.0,0.5,1,1,3.0,3,86.4,79.9,166.3,1,1,1,1
499,2,0.989894,0.5,1,1,3.0,3,63.1,81.5,144.6,1,1,1,1
500,3,1.0,0.5,1,1,3.0,3,64.0,68.2,132.2,1,1,1,1
501,1,1.0,0.5,1,1,1.0,1,63.3,69.0,132.3,1,1,1,1
502,3,0.989894,0.5,1,1,2.0,2,59.3,78.3,137.6,1,1,1,1
503,0,0.0,0.5,0,0,,0,66.6,0.0,66.6,1,1,1,1
504,0,0.0,0.5,0,0,,0,61.4,0.0,61.4,1,1,1,1
505,2,1.0,0.5,1,1,2.0,2,61.7,69.5,131.2,1,1,1,1
506,1,0.997497,0.5,1,1,1.0,1,73.5,71.6,145.1,1,1,1,1
507,3,0.989894,0.5,1,1,3.0,3,62.2,69.5,131.7,1,1,1,1
508,2,0.999232,0.5,1,1,3.0,3,60.8,67.5,128.3,1,1,1,1
509,0,0.0,0.5,0,0,,0,71.8,0.0,71.8,1,1,1,1
510,0,0.0,0.5,0,0,,0,61.1,0.0,61.1,1,1,1,1
511,1,0.989894,0.5,1,1,1.0,1,60.3,69.1,129.4,1,1,1,1
512,0,0.0,0.5,0,0,,0,61.2,0.0,61.2,1,1,1,1
513,3,0.989894,0.5,1,1,3.0,3,65.0,67.9,132.9,1,1,1,1
514,1,1.0,0.5,1,1,1.0,1,61.0,69.9,130.9,1,1,1,1
515,3,0.989894,0.5,1,1,3.0,3,60.3,69.4,129.7,1,1,1,1
516,0,0.0,0.5,0,0,,0,72.8,0.0,72.8,1,1,1,1
517,0,0.0,0.5,0,0,,0,62.9,0.0,62.9,1,1,1,1
518,1,1.0,0.5,1,1,1.0,1,61.1,69.1,130.2,1,1,1,1
519,2,0.989894,0.5,1,1,3.0,3,70.9,74.2,145.1,1,1,1,1
520,0,0.0,0.5,0,0,,0,62.9,0.0,62.9,1,1,1,1
521,1,0.989894,0.5,1,1,1.0,1,62.7,68.3,131.0,1,1,1,1
522,0,0.0,0.5,0,0,,0,62.0,0.0,62.0,1,1,1,1
523,2,0.989894,0.5,1,1,3.0,3,64.4,69.5,133.9,1,1,1,1
524,2,0.997497,0.5,1,1,2.0,2,61.8,69.0,130.8,1,1,1,1
525,2,0.989894,0.5,1,1,2.0,2,63.2,76.0,139.2,1,1,1,1
526,1,1.0,0.5,1,1,1.0,1,66.7,70.8,137.5,1,1,1,1
527,3,0.989894,0.5,1,1,2.0,2,61.9,69.5,131.4,1,1,1,1
528,2,0.999232,0.5,1,1,2.0,2,61.3,68.9,130.2,1,1,1,1
529,0,0.0,0.5,0,0,,0,73.0,0.0,73.0,1,1,1,1
530,1,1.0,0.5,1,1,1.0,1,62.0,67.5,129.5,1,1,1,1
531,0,0.0,0.5,0,0,,0,61.4,0.0,61.4,1,1,1,1
532,1,1.0,0.5,1,1,1.0,1,60.1,79.8,139.9,1,1,1,1
533,0,0.0,0.5,0,0,,0,64.4,0.0,64.4,1,1,1,1
534,0,0.0,0.5,0,0,,0,60.5,0.0,60.5,1,1,1,1
535,0,0.0,0.5,0,0,,0,59.9,0.0,59.9,1,1,1,1
536,0,0.0,0.5,0,0,,0,65.5,0.0,65.5,1,1,1,1
537,1,1.0,0.5,1,1,1.0,1,62.5,70.3,132.8,1,1,1,1
538,3,1.0,0.5,1,1,3.0,3,59.5,69.3,128.8,1,1,1,1
539,0,0.0,0.5,0,0,,0,73.0,0.0,73.0,1,1,1,1
540,3,0.989894,0.5,1,1,3.0,3,63.1,69.9,133.0,1,1,1,1
541,0,0.0,0.5,0,0,,0,61.6,0.0,61.6,1,1,1,1
542,2,0.989894,0.5,1,1,2.0,2,68.8,74.0,142.8,1,1,1,1
543,3,0.989894,0.5,1,1,2.0,2,62.6,70.6,133.2,1,1,1,1
544,3,0.989894,0.5,1,1,3.0,3,60.3,68.2,128.5,1,1,1,1
545,2,0.989894,0.5,1,1,3.0,3,61.2,79.3,140.5,1,1,1,1
546,0,0.0,0.5,0,0,,0,64.6,0.0,64.6,1,1,1,1
547,0,0.0,0.5,0,0,,0,61.4,0.0,61.4,1,1,1,1
548,2,0.989894,0.5,1,1,1.0,1,61.2,68.1,129.3,1,1,1,1
549,2,0.989894,0.5,1,1,2.0,2,67.5,70.8,138.3,1,1,1,1
550,2,0.989894,0.5,1,1,3.0,3,61.7,68.9,130.6,1,1,1,1
551,3,0.989894,0.5,1,1,3.0,3,61.3,70.7,132.0,1,1,1,1
552,1,0.997497,0.5,1,1,1.0,1,70.9,73.8,144.7,1,1,1,1
553,0,0.177465,0.5,0,0,,0,76.3,0.0,76.3,1,1,1,1
554,2,0.989894,0.5,1,1,3.0,3,61.5,70.1,131.6,1,1,1,1
555,2,0.989894,0.5,1,1,3.0,3,60.6,81.0,141.6,1,1,1,1
556,0,0.177465,0.5,0,0,,0,63.2,0.0,63.2,1,1,1,1
557,3,0.989894,0.5,1,1,2.0,2,61.3,67.8,129.1,1,1,1,1
558,2,0.989894,0.5,1,1,3.0,3,59.1,75.6,134.7,1,1,1,1
559,3,0.989894,0.5,1,1,2.0,2,66.0,72.5,138.5,1,1,1,1
560,2,0.989894,0.5,1,1,2.0,2,61.9,69.6,131.5,1,1,1,1
561,0,0.989894,0.5,1,1,0.0,0,60.6,68.8,129.4,1,1,1,1
562,2,0.989894,0.5,1,1,3.0,3,74.2,71.5,145.7,1,1,1,1
563,1,1.0,0.5,1,1,1.0,1,63.3,71.0,134.3,1,1,1,1
564,0,0.0,0.5,0,0,,0,63.4,0.0,63.4,1,1,1,1
565,2,0.999232,0.5,1,1,2.0,2,78.6,74.5,153.1,1,1,1,1
566,0,0.0,0.5,0,0,,0,68.1,0.0,68.1,1,1,1,1
567,0,0.0,0.5,0,0,,0,65.0,0.0,65.0,1,1,1,1
568,3,0.989894,0.5,1,1,2.0,2,80.2,77.9,158.1,1,1,1,1
569,0,0.0,0.5,0,0,,0,66.4,0.0,66.4,1,1,1,1
570,1,1.0,0.5,1,1,1.0,1,61.7,69.3,131.0,1,1,1,1
571,2,0.999232,0.5,1,1,3.0,3,60.6,81.5,142.1,1,1,1,1
572,2,0.999232,0.5,1,1,3.0,3,65.0,69.8,134.8,1,1,1,1
573,3,0.999232,0.5,1,1,2.0,2,61.3,69.1,130.4,1,1,1,1
574,3,0.989894,0.5,1,1,3.0,3,61.2,79.6,140.8,1,1,1,1
575,0,0.0,0.5,0,0,,0,66.4,0.0,66.4,1,1,1,1
576,0,0.0,0.5,0,0,,0,61.6,0.0,61.6,1,1,1,1
577,3,1.0,0.5,1,1,2.0,2,61.7,68.0,129.7,1,1,1,1
578,0,0.0,0.5,0,0,,0,71.1,0.0,71.1,1,1,1,1
579,0,0.0,0.5,0,0,,0,61.2,0.0,61.2,1,1,1,1
580,1,0.989894,0.5,1,1,1.0,1,60.8,70.7,131.5,1,1,1,1
581,1,0.989894,0.5,1,1,1.0,1,70.1,72.1,142.2,1,1,1,1
582,3,0.989894,0.5,1,1,3.0,3,61.4,67.6,129.0,1,1,1,1
583,3,0.989894,0.5,1,1,3.0,3,60.2,70.4,130.6,1,1,1,1
584,0,0.0,0.5,0,0,,0,59.3,0.0,59.3,1,1,1,1
585,1,0.989894,0.5,1,1,1.0,1,65.2,70.7,135.9,1,1,1,1
586,3,0.989894,0.5,1,1,2.0,2,62.0,70.6,132.6,1,1,1,1
587,1,1.0,0.5,1,1,1.0,1,60.8,78.1,138.9,1,1,1,1
588,2,0.989894,0.5,1,1,3.0,3,64.5,71.5,136.0,1,1,1,1
589,1,1.0,0.5,1,1,1.0,1,62.6,70.4,133.0,1,1,1,1
590,2,1.0,0.5,1,1,3.0,3,60.9,70.0,130.9,1,1,1,1
591,0,0.0,0.5,0,0,,0,71.5,0.0,71.5,1,1,1,1
592,3,0.989894,0.5,1,1,2.0,2,61.5,67.8,129.3,1,1,1,1
593,1,1.0,0.5,1,1,1.0,1,60.6,69.1,129.7,1,1,1,1
594,2,0.989894,0.5,1,1,2.0,2,59.1,79.7,138.8,1,1,1,1
595,1,0.989894,0.5,1,1,1.0,1,63.5,69.9,133.4,1,1,1,1
596,0,0.0,0.5,0,0,,0,60.4,0.0,60.4,1,1,1,1
597,1,0.997497,0.5,1,1,1.0,1,62.0,78.6,140.6,1,1,1,1
598,0,0.0,0.5,0,0,,0,65.5,0.0,65.5,1,1,1,1
599,0,0.0,0.5,0,0,,0,62.0,0.0,62.0,1,1,1,1
600,0,0.0,0.5,0,0,,0,60.4,0.0,60.4,1,1,1,1
601,0,0.0,0.5,0,0,,0,73.8,0.0,73.8,1,1,1,1
602,3,0.989894,0.5,1,1,2.0,2,60.6,68.5,129.1,1,1,1,1
603,3,0.989894,0.5,1,1,2.0,2,61.1,70.9,132.0,1,1,1,1
604,3,0.989894,0.5,1,1,2.0,2,66.0,73.3,139.3,1,1,1,1
605,3,0.989894,0.5,1,1,3.0,3,64.9,69.8,134.7,1,1,1,1
606,0,0.0,0.5,0,0,,0,61.5,0.0,61.5,1,1,1,1
607,0,0.0,0.5,0,0,,0,60.1,0.0,60.1,1,1,1,1
608,0,0.0,0.5,0,0,,0,66.0,0.0,66.0,1,1,1,1
609,0,0.0,0.5,0,0,,0,62.4,0.0,62.4,1,1,1,1
610,0,0.0,0.5,0,0,,0,61.9,0.0,61.9,1,1,1,1
611,3,0.989894,0.5,1,1,2.0,2,72.3,71.8,144.1,1,1,1,1
612,0,0.0,0.5,0,0,,0,61.3,0.0,61.3,1,1,1,1
613,0,0.0,0.5,0,0,,0,62.5,0.0,62.5,1,1,1,1
614,2,0.989894,0.5,1,1,2.0,2,68.8,76.0,144.8,1,1,1,1
615,2,0.989894,0.5,1,1,3.0,3,63.3,72.1,135.4,1,1,1,1
616,2,0.989894,0.5,1,1,3.0,3,61.8,69.8,131.6,1,1,1,1
617,1,0.989894,0.5,1,1,1.0,1,61.3,78.8,140.1,1,1,1,1
618,3,0.989894,0.5,1,1,3.0,3,63.8,69.2,133.0,1,1,1,1
619,1,0.989894,0.5,1,1,1.0,1,61.0,69.6,130.6,1,1,1,1
620,2,0.989894,0.5,1,1,2.0,2,62.0,73.9,135.9,1,1,1,1
621,3,0.989894,0.5,1,1,2.0,2,66.8,70.8,137.6,1,1,1,1
622,0,0.0,0.5,0,0,,0,60.6,0.0,60.6,1,1,1,1
623,3,1.0,0.5,1,1,2.0,2,61.0,69.1,130.1,1,1,1,1
624,2,0.989894,0.5,1,1,2.0,2,71.3,70.8,142.1,1,1,1,1
625,0,0.0,0.5,0,0,,0,62.1,0.0,62.1,1,1,1,1
626,3,0.989894,0.5,1,1,3.0,3,60.7,68.1,128.8,1,1,1,1
627,2,0.989894,0.5,1,1,2.0,2,61.1,79.3,140.4,1,1,1,1
628,3,0.989894,0.5,1,1,3.0,3,62.7,69.7,132.4,1,1,1,1
629,1,1.0,0.5,1,1,1.0,1,62.2,69.6,131.8,1,1,1,1
630,0,0.0,0.5,0,0,,0,60.1,0.0,60.1,1,1,1,1
631,2,0.989894,0.5,1,1,2.0,2,67.4,71.2,138.6,1,1,1,1
632,2,0.989894,0.5,1,1,2.0,2,61.6,70.6,132.2,1,1,1,1
633,0,0.0,0.5,0,0,,0,60.6,0.0,60.6,1,1,1,1
634,3,1.0,0.5,1,1,2.0,2,70.2,71.2,141.4,1,1,1,1
635,1,0.989894,0.5,1,1,1.0,1,62.0,69.3,131.3,1,1,1,1
636,1,0.997497,0.5,1,1,1.0,1,60.1,69.0,129.1,1,1,1,1
637,0,0.0,0.5,0,0,,0,60.2,0.0,60.2,1,1,1,1
638,2,0.989894,0.5,1,1,3.0,3,63.3,69.8,133.1,1,1,1,1
639,3,0.989894,0.5,1,1,2.0,2,61.1,70.2,131.3,1,1,1,1
640,0,0.0,0.5,0,0,,0,61.2,0.0,61.2,1,1,1,1
641,2,1.0,0.5,1,1,2.0,2,66.5,69.5,136.0,1,1,1,1
642,2,1.0,0.5,1,1,2.0,2,60.1,69.4,129.5,1,1,1,1
643,2,0.989894,0.5,1,1,3.0,3,60.1,68.3,128.4,1,1,1,1
644,1,0.997497,0.5,1,1,1.0,1,72.7,71.8,144.5,1,1,1,1
645,3,1.0,0.5,1,1,3.0,3,62.4,68.2,130.6,1,1,1,1
646,3,0.989894,0.5,1,1,3.0,3,60.3,68.0,128.3,1,1,1,1
647,3,0.989894,0.5,1,1,2.0,2,66.2,74.3,140.5,1,1,1,1
648,1,0.997497,0.5,1,1,1.0,1,63.6,69.0,132.6,1,1,1,1
649,0,0.0,0.5,0,0,,0,61.5,0.0,61.5,1,1,1,1
650,2,0.989894,0.5,1,1,3.0,3,59.4,77.7,137.1,1,1,1,1
651,1,0.999232,0.5,1,1,1.0,1,66.0,72.4,138.4,1,1,1,1
652,3,1.0,0.5,1,1,2.0,2,61.6,68.0,129.6,1,1,1,1
653,1,0.999232,0.5,1,1,1.0,1,60.0,70.0,130.0,1,1,1,1
654,0,0.0,0.5,0,0,,0,71.3,0.0,71.3,1,1,1,1
655,3,1.0,0.5,1,1,3.0,3,62.1,69.8,131.9,1,1,1,1
656,0,0.0,0.5,0,0,,0,60.1,0.0,60.1,1,1,1,1
657,3,0.989894,0.5,1,1,2.0,2,68.4,73.8,142.2,1,1,1,1
658,3,0.989894,0.5,1,1,3.0,3,61.1,68.0,129.1,1,1,1,1
659,3,0.989894,0.5,1,1,3.0,3,60.5,69.4,129.9,1,1,1,1
660,0,0.0,0.5,0,0,,0,60.7,0.0,60.7,1,1,1,1
661,2,0.989894,0.5,1,1,2.0,2,65.6,70.4,136.0,1,1,1,1
662,1,0.997497,0.5,1,1,1.0,1,61.4,68.1,129.5,1,1,1,1
663,2,1.0,0.5,1,1,2.0,2,60.2,68.5,128.7,1,1,1,1
664,2,0.989894,0.5,1,1,2.0,2,71.3,72.1,143.4,1,1,1,1
665,1,1.0,0.5,1,1,1.0,1,62.3,68.1,130.4,1,1,1,1
666,0,0.0,0.5,0,0,,0,61.6,0.0,61.6,1,1,1,1
667,0,0.0,0.5,0,0,,0,71.5,0.0,71.5,1,1,1,1
668,3,0.999232,0.5,1,1,3.0,3,73.0,71.3,144.3,1,1,1,1
669,3,0.989894,0.5,1,1,3.0,3,61.8,69.8,131.6,1,1,1,1
670,1,0.989894,0.5,1,1,1.0,1,61.5,79.0,140.5,1,1,1,1
671,0,0.0,0.5,0,0,,0,64.2,0.0,64.2,1,1,1,1
672,3,0.989894,0.5,1,1,2.0,2,60.4,67.6,128.0,1,1,1,1
673,3,0.989894,0.5,1,1,2.0,2,62.4,76.0,138.4,1,1,1,1
674,1,0.989894,0.5,1,1,1.0,1,65.2,69.2,134.4,1,1,1,1
675,2,1.0,0.5,1,1,3.0,3,60.0,70.2,130.2,1,1,1,1
676,2,0.989894,0.5,1,1,2.0,2,60.0,67.8,127.8,1,1,1,1
677,2,0.989894,0.5,1,1,3.0,3,72.2,71.0,143.2,1,1,1,1
678,1,1.0,0.5,1,1,1.0,1,62.2,68.6,130.8,1,1,1,1
679,2,1.0,0.5,1,1,3.0,3,62.3,69.2,131.5,1,1,1,1
680,0,0.0,0.5,0,0,,0,59.7,0.0,59.7,1,1,1,1
681,3,1.0,0.5,1,1,3.0,3,64.8,69.7,134.5,1,1,1,1
682,1,1.0,0.5,1,1,1.0,1,61.2,68.6,129.8,1,1,1,1
683,2,0.989894,0.5,1,1,2.0,2,61.1,77.0,138.1,1,1,1,1
684,1,0.989894,0.5,1,1,1.0,1,72.2,69.5,141.7,1,1,1,1
685,0,0.0,0.5,0,0,,0,64.2,0.0,64.2,1,1,1,1
686,1,0.997497,0.5,1,1,1.0,1,63.6,80.1,143.7,1,1,1,1
687,0,0.0,0.5,0,0,,0,70.8,0.0,70.8,1,1,1,1
688,3,0.989894,0.5,1,1,2.0,2,63.1,69.0,132.1,1,1,1,1
689,0,0.0,0.5,0,0,,0,62.2,0.0,62.2,1,1,1,1
690,3,0.989894,0.5,1,1,3.0,3,71.7,71.8,143.5,1,1,1,1
691,2,0.989894,0.5,1,1,3.0,3,61.0,69.5,130.5,1,1,1,1
692,2,0.989894,0.5,1,1,3.0,3,61.0,69.0,130.0,1,1,1,1
693,0,0.0,0.5,0,0,,0,62.2,0.0,62.2,1,1,1,1
694,0,0.0,0.5,0,0,,0,64.2,0.0,64.2,1,1,1,1
695,0,0.0,0.5,0,0,,0,61.6,0.0,61.6,1,1,1,1
696,2,0.989894,0.5,1,1,3.0,3,60.8,77.3,138.1,1,1,1,1
697,0,0.0,0.5,0,0,,0,94.2,0.0,94.2,1,1,1,1
698,0,0.0,0.5,0,0,,0,61.2,0.0,61.2,1,1,1,1
699,2,0.989894,0.5,1,1,3.0,3,60.5,69.2,129.7,1,1,1,1
700,2,0.989894,0.5,1,1,2.0,2,72.1,73.1,145.2,1,1,1,1
701,2,0.989894,0.5,1,1,3.0,3,62.3,68.9,131.2,1,1,1,1
702,0,0.0,0.5,0,0,,0,61.3,0.0,61.3,1,1,1,1
703,0,0.0,0.5,0,0,,0,69.8,0.0,69.8,1,1,1,1
704,0,0.0,0.5,0,0,,0,61.9,0.0,61.9,1,1,1,1
705,3,0.989894,0.5,1,1,3.0,3,62.1,69.0,131.1,1,1,1,1
706,3,0.989894,0.5,1,1,2.0,2,61.0,80.7,141.7,1,1,1,1
707,2,0.989894,0.5,1,1,3.0,3,63.0,70.0,133.0,1,1,1,1
708,3,0.989894,0.5,1,1,2.0,2,61.2,69.6,130.8,1,1,1,1
709,2,0.989894,0.5,1,1,2.0,2,61.8,74.9,136.7,1,1,1,1
710,0,0.0,0.5,0,0,,0,64.9,0.0,64.9,1,1,1,1
711,2,0.989894,0.5,1,1,3.0,3,60.4,69.7,130.1,1,1,1,1
712,2,0.999232,0.5,1,1,3.0,3,62.3,66.6,128.9,1,1,1,1
713,2,0.989894,0.5,1,1,2.0,2,70.9,71.0,141.9,1,1,1,1
714,2,0.989894,0.5,1,1,2.0,2,62.0,69.5,131.5,1,1,1,1
715,1,1.0,0.5,1,1,1.0,1,61.8,70.4,132.2,1,1,1,1
716,0,0.0,0.5,0,0,,0,60.3,0.0,60.3,1,1,1,1
717,3,0.989894,0.5,1,1,3.0,3,64.6,69.6,134.2,1,1,1,1
718,1,0.997497,0.5,1,1,1.0,1,61.4,69.4,130.8,1,1,1,1
719,2,0.989894,0.5,1,1,2.0,2,61.7,77.5,139.2,1,1,1,1
720,0,0.0,0.5,0,0,,0,65.1,0.0,65.1,1,1,1,1
721,1,1.0,0.5,1,1,1.0,1,61.8,69.9,131.7,1,1,1,1
722,2,0.999232,0.5,1,1,2.0,2,86.4,125.9,212.3,1,1,1,1
723,1,0.997497,0.5,1,1,1.0,1,116.2,118.7,234.9,1,1,1,1
724,1,1.0,0.5,1,1,1.0,1,75.9,76.3,152.2,1,1,1,1
725,3,1.0,0.5,1,1,3.0,3,80.3,73.6,153.9,1,1,1,1
726,3,0.989894,0.5,1,1,3.0,3,62.7,69.8,132.5,1,1,1,1
727,0,0.513514,0.5,1,1,0.0,0,61.9,70.9,132.8,1,1,1,1
728,2,1.0,0.5,1,1,3.0,3,73.6,71.5,145.1,1,1,1,1
729,2,0.989894,0.5,1,1,3.0,3,63.9,71.0,134.9,1,1,1,1
730,0,0.0,0.5,0,0,,0,61.1,0.0,61.1,1,1,1,1
731,0,0.0,0.5,0,0,,0,60.9,0.0,60.9,1,1,1,1
732,3,0.989894,0.5,1,1,3.0,3,62.9,70.5,133.4,1,1,1,1
733,1,1.0,0.5,1,1,1.0,1,62.6,68.3,130.9,1,1,1,1
734,2,0.989894,0.5,1,1,2.0,2,61.2,79.0,140.2,1,1,1,1
735,0,0.0,0.5,0,0,,0,67.7,0.0,67.7,1,1,1,1
736,0,0.0,0.5,0,0,,0,63.1,0.0,63.1,1,1,1,1
737,2,0.989894,0.5,1,1,3.0,3,62.2,69.9,132.1,1,1,1,1
738,1,1.0,0.5,1,1,1.0,1,73.7,71.8,145.5,1,1,1,1
739,0,0.989894,0.5,1,1,0.0,0,61.7,72.4,134.1,1,1,1,1
740,3,0.989894,0.5,1,1,2.0,2,61.4,71.7,133.1,1,1,1,1
741,0,0.0,0.5,0,0,,0,72.2,0.0,72.2,1,1,1,1
742,2,0.999232,0.5,1,1,3.0,3,62.4,70.4,132.8,1,1,1,1
743,3,0.989894,0.5,1,1,3.0,3,61.5,69.2,130.7,1,1,1,1
744,3,0.989894,0.5,1,1,2.0,2,60.6,79.4,140.0,1,1,1,1
745,1,0.989894,0.5,1,1,1.0,1,65.3,71.1,136.4,1,1,1,1
746,3,0.989894,0.5,1,1,2.0,2,60.8,69.4,130.2,1,1,1,1
747,1,0.989894,0.5,1,1,1.0,1,61.0,77.8,138.8,1,1,1,1
748,2,0.989894,0.5,1,1,2.0,2,66.5,69.9,136.4,1,1,1,1
749,3,0.989894,0.5,1,1,3.0,3,62.7,68.1,130.8,1,1,1,1
750,3,0.989894,0.5,1,1,2.0,2,61.1,71.5,132.6,1,1,1,1
751,0,0.0,0.5,0,0,,0,73.4,0.0,73.4,1,1,1,1
752,3,0.989894,0.5,1,1,3.0,3,62.3,68.9,131.2,1,1,1,1
753,3,0.989894,0.5,1,1,3.0,3,62.5,68.8,131.3,1,1,1,1
754,3,0.999232,0.5,1,1,3.0,3,67.2,74.2,141.4,1,1,1,1
755,3,1.0,0.5,1,1,3.0,3,63.5,69.8,133.3,1,1,1,1
756,3,0.989894,0.5,1,1,3.0,3,60.7,69.2,129.9,1,1,1,1
757,2,0.989894,0.5,1,1,3.0,3,61.5,79.5,141.0,1,1,1,1
758,2,0.989894,0.5,1,1,2.0,2,62.7,70.6,133.3,1,1,1,1
759,3,0.989894,0.5,1,1,3.0,3,60.6,69.2,129.8,1,1,1,1
760,3,0.989894,0.5,1,1,2.0,2,60.6,68.2,128.8,1,1,1,1
761,2,0.989894,0.5,1,1,2.0,2,73.0,72.5,145.5,1,1,1,1
762,2,0.989894,0.5,1,1,3.0,3,62.2,70.8,133.0,1,1,1,1
763,0,0.0,0.5,0,0,,0,62.0,0.0,62.0,1,1,1,1
764,3,0.989894,0.5,1,1,3.0,3,70.7,72.7,143.4,1,1,1,1
765,0,0.0,0.5,0,0,,0,60.7,0.0,60.7,1,1,1,1
766,0,0.0,0.5,0,0,,0,59.5,0.0,59.5,1,1,1,1
767,1,1.0,0.5,1,1,1.0,1,60.4,80.6,141.0,1,1,1,1
768,2,0.989894,0.5,1,1,3.0,3,65.0,68.4,133.4,1,1,1,1
769,2,0.989894,0.5,1,1,2.0,2,62.2,69.6,131.8,1,1,1,1
770,3,0.989894,0.5,1,1,3.0,3,62.1,76.6,138.7,1,1,1,1
771,0,0.177465,0.5,0,0,,0,66.5,0.0,66.5,1,1,1,1
772,1,1.0,0.5,1,1,1.0,1,61.9,68.1,130.0,1,1,1,1
773,0,0.0,0.5,0,0,,0,61.7,0.0,61.7,1,1,1,1
774,3,0.989894,0.5,1,1,2.0,2,71.3,69.7,141.0,1,1,1,1
775,1,0.997497,0.5,1,1,1.0,1,61.9,68.0,129.9,1,1,1,1
776,2,0.989894,0.5,1,1,3.0,3,60.6,68.1,128.7,1,1,1,1
777,0,0.0,0.5,0,0,,0,61.2,0.0,61.2,1,1,1,1
778,0,0.177465,0.5,0,0,,0,62.9,0.0,62.9,1,1,1,1
779,1,1.0,0.5,1,1,1.0,1,61.5,70.3,131.8,1,1,1,1
780,0,0.0,0.5,0,0,,0,61.5,0.0,61.5,1,1,1,1
781,3,0.989894,0.5,1,1,2.0,2,66.4,80.3,146.7,1,1,1,1
782,3,0.989894,0.5,1,1,3.0,3,66.3,69.4,135.7,1,1,1,1
783,3,0.989894,0.5,1,1,3.0,3,61.2,69.7,130.9,1,1,1,1
784,1,0.989894,0.5,1,1,1.0,1,70.9,72.5,143.4,1,1,1,1
785,0,0.0,0.5,0,0,,0,61.0,0.0,61.0,1,1,1,1
786,2,0.989894,0.5,1,1,3.0,3,61.1,69.5,130.6,1,1,1,1
787,0,0.0,0.5,0,0,,0,68.5,0.0,68.5,1,1,1,1
788,3,0.989894,0.5,1,1,3.0,3,61.8,69.0,130.8,1,1,1,1
789,2,0.997497,0.5,1,1,2.0,2,61.8,69.9,131.7,1,1,1,1
790,1,1.0,0.5,1,1,1.0,1,59.6,79.0,138.6,1,1,1,1
791,2,0.989894,0.5,1,1,3.0,3,64.9,70.4,135.3,1,1,1,1
792,0,0.0,0.5,0,0,,0,61.2,0.0,61.2,1,1,1,1
793,1,0.997497,0.5,1,1,1.0,1,60.5,68.5,129.0,1,1,1,1
794,0,0.0,0.5,0,0,,0,70.7,0.0,70.7,1,1,1,1
795,0,0.177465,0.5,0,0,,0,61.6,0.0,61.6,1,1,1,1
796,3,0.989894,0.5,1,1,2.0,2,61.1,68.9,130.0,1,1,1,1
797,2,0.989894,0.5,1,1,3.0,3,71.9,72.9,144.8,1,1,1,1
798,3,0.989894,0.5,1,1,2.0,2,61.3,68.3,129.6,1,1,1,1
799,0,0.0,0.5,0,0,,0,61.0,0.0,61.0,1,1,1,1
800,2,0.989894,0.5,1,1,2.0,2,60.9,80.7,141.6,1,1,1,1
801,2,0.989894,0.5,1,1,2.0,2,65.7,80.3,146.0,1,1,1,1
802,2,0.989894,0.5,1,1,3.0,3,63.5,70.3,133.8,1,1,1,1
803,2,1.0,0.5,1,1,2.0,2,61.2,80.6,141.8,1,1,1,1
804,3,0.989894,0.5,1,1,3.0,3,66.4,70.2,136.6,1,1,1,1
805,3,0.989894,0.5,1,1,3.0,3,61.5,71.5,133.0,1,1,1,1
806,3,0.989894,0.5,1,1,2.0,2,62.7,68.1,130.8,1,1,1,1
807,1,1.0,0.5,1,1,1.0,1,72.3,73.2,145.5,1,1,1,1
808,3,0.989894,0.5,1,1,2.0,2,61.0,68.6,129.6,1,1,1,1
809,2,0.989894,0.5,1,1,2.0,2,62.5,69.2,131.7,1,1,1,1
810,0,0.0,0.5,0,0,,0,68.8,0.0,68.8,1,1,1,1
811,0,0.0,0.5,0,0,,0,61.8,0.0,61.8,1,1,1,1
812,2,0.989894,0.5,1,1,3.0,3,61.4,68.5,129.9,1,1,1,1
813,1,1.0,0.5,1,1,1.0,1,61.6,78.3,139.9,1,1,1,1
814,0,0.0,0.5,0,0,,0,63.3,0.0,63.3,1,1,1,1
815,2,0.989894,0.5,1,1,3.0,3,62.7,71.2,133.9,1,1,1,1
816,3,1.0,0.5,1,1,2.0,2,61.3,76.7,138.0,1,1,1,1
817,0,0.0,0.5,0,0,,0,68.4,0.0,68.4,1,1,1,1
818,1,1.0,0.5,1,1,1.0,1,61.2,69.6,130.8,1,1,1,1
819,0,0.0,0.5,0,0,,0,60.5,0.0,60.5,1,1,1,1
820,0,0.0,0.5,0,0,,0,72.7,0.0,72.7,1,1,1,1
821,0,0.0,0.5,0,0,,0,61.7,0.0,61.7,1,1,1,1
822,3,0.989894,0.5,1,1,2.0,2,60.6,69.1,129.7,1,1,1,1
823,1,1.0,0.5,1,1,1.0,1,60.3,80.1,140.4,1,1,1,1
824,1,1.0,0.5,1,1,1.0,1,64.8,71.2,136.0,1,1,1,1
825,1,1.0,0.5,1,1,1.0,1,62.0,68.6,130.6,1,1,1,1
826,2,0.989894,0.5,1,1,3.0,3,61.1,77.5,138.6,1,1,1,1
827,0,0.0,0.5,0,0,,0,67.4,0.0,67.4,1,1,1,1
828,0,0.0,0.5,0,0,,0,61.5,0.0,61.5,1,1,1,1
829,3,0.989894,0.5,1,1,2.0,2,62.5,67.9,130.4,1,1,1,1
830,2,0.989894,0.5,1,1,2.0,2,72.5,71.6,144.1,1,1,1,1
831,2,0.989894,0.5,1,1,2.0,2,62.8,70.4,133.2,1,1,1,1
832,0,0.0,0.5,0,0,,0,60.9,0.0,60.9,1,1,1,1
833,1,1.0,0.5,1,1,1.0,1,69.7,73.9,143.6,1,1,1,1
834,3,0.989894,0.5,1,1,2.0,2,63.2,70.2,133.4,1,1,1,1
835,1,0.997497,0.5,1,1,1.0,1,61.2,69.0,130.2,1,1,1,1
836,2,0.989894,0.5,1,1,3.0,3,60.7,79.7,140.4,1,1,1,1
837,3,1.0,0.5,1,1,3.0,3,66.5,69.9,136.4,1,1,1,1
838,3,0.989894,0.5,1,1,3.0,3,60.8,68.6,129.4,1,1,1,1
839,0,0.0,0.5,0,0,,0,60.4,0.0,60.4,1,1,1,1
840,3,0.989894,0.5,1,1,2.0,2,72.4,71.4,143.8,1,1,1,1
841,3,0.989894,0.5,1,1,3.0,3,63.7,68.8,132.5,1,1,1,1
842,1,1.0,0.5,1,1,1.0,1,60.9,69.3,130.2,1,1,1,1
843,0,0.177465,0.5,0,0,,0,72.3,0.0,72.3,1,1,1,1
844,2,0.989894,0.5,1,1,2.0,2,62.9,68.3,131.2,1,1,1,1
845,3,0.989894,0.5,1,1,3.0,3,61.0,69.1,130.1,1,1,1,1
846,0,0.999232,0.5,1,1,0.0,0,61.2,78.7,139.9,1,1,1,1
847,3,0.989894,0.5,1,1,2.0,2,63.7,70.4,134.1,1,1,1,1
848,0,0.0,0.5,0,0,,0,60.6,0.0,60.6,1,1,1,1
849,2,1.0,0.5,1,1,3.0,3,60.9,76.3,137.2,1,1,1,1
850,2,0.989894,0.5,1,1,2.0,2,67.1,70.0,137.1,1,1,1,1
851,2,0.989894,0.5,1,1,3.0,3,61.4,69.0,130.4,1,1,1,1
852,0,0.0,0.5,0,0,,0,61.2,0.0,61.2,1,1,1,1
853,3,0.989894,0.5,1,1,3.0,3,72.2,71.8,144.0,1,1,1,1
854,1,1.0,0.5,1,1,1.0,1,61.0,69.2,130.2,1,1,1,1
855,3,0.989894,0.5,1,1,3.0,3,60.0,71.1,131.1,1,1,1,1
856,3,0.989894,0.5,1,1,3.0,3,60.8,80.3,141.1,1,1,1,1
857,3,0.989894,0.5,1,1,2.0,2,64.3,70.3,134.6,1,1,1,1
858,0,0.0,0.5,0,0,,0,60.6,0.0,60.6,1,1,1,1
859,3,0.989894,0.5,1,1,3.0,3,61.2,78.2,139.4,1,1,1,1
860,0,0.0,0.5,0,0,,0,65.3,0.0,65.3,1,1,1,1
861,0,0.0,0.5,0,0,,0,61.7,0.0,61.7,1,1,1,1
862,3,1.0,0.5,1,1,2.0,2,60.4,68.3,128.7,1,1,1,1
863,2,0.997497,0.5,1,1,2.0,2,72.6,72.8,145.4,1,1,1,1
864,0,0.0,0.5,0,0,,0,61.2,0.0,61.2,1,1,1,1
865,0,0.0,0.5,0,0,,0,61.7,0.0,61.7,1,1,1,1
866,1,1.0,0.5,1,1,1.0,1,67.1,73.7,140.8,1,1,1,1
867,1,0.999232,0.5,1,1,1.0,1,62.4,71.8,134.2,1,1,1,1
868,1,1.0,0.5,1,1,1.0,1,59.8,69.3,129.1,1,1,1,1
869,1,0.989894,0.5,1,1,1.0,1,60.2,77.7,137.9,1,1,1,1
870,3,0.989894,0.5,1,1,3.0,3,64.0,69.8,133.8,1,1,1,1
871,2,0.989894,0.5,1,1,2.0,2,60.7,69.0,129.7,1,1,1,1
872,0,0.0,0.5,0,0,,0,60.1,0.0,60.1,1,1,1,1
873,1,1.0,0.5,1,1,1.0,1,72.7,72.3,145.0,1,1,1,1
874,3,0.989894,0.5,1,1,2.0,2,61.2,68.7,129.9,1,1,1,1
875,3,0.989894,0.5,1,1,3.0,3,60.1,69.7,129.8,1,1,1,1
876,0,0.0,0.5,0,0,,0,68.4,0.0,68.4,1,1,1,1
877,1,0.997497,0.5,1,1,1.0,1,64.3,69.5,133.8,1,1,1,1
878,3,0.989894,0.5,1,1,2.0,2,61.4,68.8,130.2,1,1,1,1
879,2,0.989894,0.5,1,1,3.0,3,60.5,80.3,140.8,1,1,1,1
880,1,0.989894,0.5,1,1,1.0,1,64.7,70.7,135.4,1,1,1,1
881,2,0.989894,0.5,1,1,2.0,2,63.0,69.3,132.3,1,1,1,1
882,3,1.0,0.5,1,1,2.0,2,60.1,67.4,127.5,1,1,1,1
883,1,1.0,0.5,1,1,1.0,1,66.4,71.8,138.2,1,1,1,1
884,1,1.0,0.5,1,1,1.0,1,60.8,67.5,128.3,1,1,1,1
885,3,0.989894,0.5,1,1,2.0,2,60.9,68.7,129.6,1,1,1,1
886,1,0.989894,0.5,1,1,1.0,1,77.3,79.5,156.8,1,1,1,1
887,0,0.177465,0.5,0,0,,0,64.9,0.0,64.9,1,1,1,1
888,3,0.989894,0.5,1,1,3.0,3,63.2,68.0,131.2,1,1,1,1
889,3,0.989894,0.5,1,1,2.0,2,61.8,81.3,143.1,1,1,1,1
890,0,0.0,0.5,0,0,,0,64.1,0.0,64.1,1,1,1,1
891,0,0.0,0.5,0,0,,0,62.7,0.0,62.7,1,1,1,1
892,0,0.0,0.5,0,0,,0,60.6,0.0,60.6,1,1,1,1
893,2,0.989894,0.5,1,1,3.0,3,66.1,69.6,135.7,1,1,1,1
894,0,0.0,0.5,0,0,,0,61.6,0.0,61.6,1,1,1,1
895,0,0.997497,0.5,1,1,0.0,0,62.2,69.9,132.1,1,1,1,1
896,0,0.0,0.5,0,0,,0,71.2,0.0,71.2,1,1,1,1
897,3,0.989894,0.5,1,1,2.0,2,73.4,73.2,146.6,1,1,1,1
898,2,0.989894,0.5,1,1,2.0,2,61.8,67.9,129.7,1,1,1,1
899,3,0.989894,0.5,1,1,3.0,3,70.3,72.7,143.0,1,1,1,1
900,0,0.0,0.5,0,0,,0,62.2,0.0,62.2,1,1,1,1
901,1,1.0,0.5,1,1,1.0,1,60.8,68.9,129.7,1,1,1,1
902,0,0.0,0.5,0,0,,0,60.0,0.0,60.0,1,1,1,1
903,3,0.989894,0.5,1,1,2.0,2,63.1,71.5,134.6,1,1,1,1
904,0,0.0,0.5,0,0,,0,61.1,0.0,61.1,1,1,1,1
905,3,1.0,0.5,1,1,2.0,2,60.7,75.0,135.7,1,1,1,1
906,0,0.0,0.5,0,0,,0,65.7,0.0,65.7,1,1,1,1
907,1,0.997497,0.5,1,1,1.0,1,61.1,67.9,129.0,1,1,1,1
908,0,0.0,0.5,0,0,,0,61.7,0.0,61.7,1,1,1,1
909,2,0.989894,0.5,1,1,2.0,2,71.8,75.9,147.7,1,1,1,1
910,3,0.989894,0.5,1,1,3.0,3,95.9,74.3,170.2,1,1,1,1
911,0,0.0,0.5,0,0,,0,64.1,0.0,64.1,1,1,1,1
912,1,1.0,0.5,1,1,1.0,1,70.2,74.8,145.0,1,1,1,1
913,2,0.989894,0.5,1,1,2.0,2,62.6,70.0,132.6,1,1,1,1
914,3,0.989894,0.5,1,1,3.0,3,60.4,69.8,130.2,1,1,1,1
915,2,0.999232,0.5,1,1,2.0,2,59.8,81.5,141.3,1,1,1,1
916,0,0.0,0.5,0,0,,0,63.6,0.0,63.6,1,1,1,1
917,2,1.0,0.5,1,1,3.0,3,61.3,68.8,130.1,1,1,1,1
918,3,0.989894,0.5,1,1,3.0,3,60.2,68.1,128.3,1,1,1,1
919,1,1.0,0.5,1,1,1.0,1,72.4,266.6,339.0,1,1,1,1
920,0,0.0,0.5,0,0,,0,167.8,0.0,167.8,1,1,1,1
921,3,0.989894,0.5,1,1,2.0,2,104.5,359.8,464.3,1,1,1,1
922,3,0.989894,0.5,1,1,2.0,2,163.3,114.1,277.4,1,1,1,1
923,0,0.0,0.5,0,0,,0,81.7,0.0,81.7,1,1,1,1
924,2,1.0,0.5,1,1,3.0,3,67.9,83.4,151.3,1,1,1,1
925,1,0.989894,0.5,1,1,1.0,1,137.7,94.8,232.5,1,1,1,1
926,0,0.0,0.5,0,0,,0,70.3,0.0,70.3,1,1,1,1
927,3,0.989894,0.5,1,1,2.0,2,64.5,73.9,138.4,1,1,1,1
928,1,0.989894,0.5,1,1,1.0,1,64.9,70.2,135.1,1,1,1,1
929,3,0.989894,0.5,1,1,2.0,2,65.8,91.1,156.9,1,1,1,1
930,2,0.989894,0.5,1,1,2.0,2,107.5,81.0,188.5,1,1,1,1
931,3,0.989894,0.5,1,1,2.0,2,66.8,74.6,141.4,1,1,1,1
932,3,0.989894,0.5,1,1,3.0,3,63.8,86.3,150.1,1,1,1,1
933,3,0.999232,0.5,1,1,2.0,2,69.4,74.6,144.0,1,1,1,1
934,3,0.989894,0.5,1,1,2.0,2,64.2,71.5,135.7,1,1,1,1
935,2,0.989894,0.5,1,1,3.0,3,64.1,80.2,144.3,1,1,1,1
936,2,0.989894,0.5,1,1,3.0,3,68.8,73.5,142.3,1,1,1,1
937,1,1.0,0.5,1,1,1.0,1,63.9,71.1,135.0,1,1,1,1
938,3,0.989894,0.5,1,1,2.0,2,68.1,307.9,376.0,1,1,1,1
939,0,0.0,0.5,0,0,,0,97.6,0.0,97.6,1,1,1,1
940,3,1.0,0.5,1,1,3.0,3,72.7,74.6,147.3,1,1,1,1
941,2,1.0,0.5,1,1,2.0,2,67.1,74.8,141.9,1,1,1,1
942,2,0.989894,0.5,1,1,2.0,2,63.7,73.4,137.1,1,1,1,1
943,1,0.997497,0.5,1,1,1.0,1,65.4,72.6,138.0,1,1,1,1
944,2,0.989894,0.5,1,1,3.0,3,64.4,70.9,135.3,1,1,1,1
945,0,0.0,0.5,0,0,,0,63.5,0.0,63.5,1,1,1,1
946,1,0.989894,0.5,1,1,1.0,1,64.3,70.6,134.9,1,1,1,1
947,1,0.997497,0.5,1,1,1.0,1,63.8,71.5,135.3,1,1,1,1
948,1,0.419355,0.5,0,0,,0,61.6,0.0,61.6,1,1,1,1
949,2,0.989894,0.5,1,1,3.0,3,64.0,70.4,134.4,1,1,1,1
950,1,1.0,0.5,1,1,1.0,1,63.5,76.4,139.9,1,1,1,1
951,2,0.989894,0.5,1,1,3.0,3,62.1,71.8,133.9,1,1,1,1
952,0,0.0,0.5,0,0,,0,69.3,0.0,69.3,1,1,1,1
953,0,0.177465,0.5,0,0,,0,64.7,0.0,64.7,1,1,1,1
954,2,0.989894,0.5,1,1,2.0,2,61.3,68.6,129.9,1,1,1,1
955,0,0.0,0.5,0,0,,0,81.2,0.0,81.2,1,1,1,1
956,3,1.0,0.5,1,1,2.0,2,63.0,69.0,132.0,1,1,1,1
957,1,1.0,0.5,1,1,1.0,1,61.8,68.9,130.7,1,1,1,1
958,3,0.989894,0.5,1,1,3.0,3,61.4,80.9,142.3,1,1,1,1
959,1,1.0,0.5,1,1,1.0,1,64.4,71.2,135.6,1,1,1,1
960,2,0.989894,0.5,1,1,3.0,3,61.9,69.0,130.9,1,1,1,1
961,2,0.989894,0.5,1,1,2.0,2,61.7,77.7,139.4,1,1,1,1
962,1,0.997497,0.5,1,1,1.0,1,67.0,69.8,136.8,1,1,1,1
963,2,1.0,0.5,1,1,2.0,2,61.9,70.0,131.9,1,1,1,1
964,3,0.989894,0.5,1,1,3.0,3,59.7,69.8,129.5,1,1,1,1
965,2,0.989894,0.5,1,1,2.0,2,73.6,71.8,145.4,1,1,1,1
966,2,0.989894,0.5,1,1,2.0,2,62.7,70.8,133.5,1,1,1,1
967,2,0.989894,0.5,1,1,2.0,2,60.9,70.2,131.1,1,1,1,1
968,0,0.0,0.5,0,0,,0,70.7,0.0,70.7,1,1,1,1
969,0,0.0,0.5,0,0,,0,64.0,0.0,64.0,1,1,1,1
970,2,0.989894,0.5,1,1,2.0,2,61.4,68.7,130.1,1,1,1,1
971,1,1.0,0.5,1,1,1.0,1,61.1,81.8,142.9,1,1,1,1
972,3,0.989894,0.5,1,1,2.0,2,62.9,70.7,133.6,1,1,1,1
973,1,0.997497,0.5,1,1,1.0,1,62.3,68.7,131.0,1,1,1,1
974,3,0.989894,0.5,1,1,2.0,2,60.3,75.2,135.5,1,1,1,1
975,3,0.989894,0.5,1,1,2.0,2,65.0,71.7,136.7,1,1,1,1
976,0,0.0,0.5,0,0,,0,60.9,0.0,60.9,1,1,1,1
977,2,0.989894,0.5,1,1,3.0,3,61.2,69.5,130.7,1,1,1,1
978,2,0.989894,0.5,1,1,1.0,1,71.8,71.1,142.9,1,1,1,1
979,1,1.0,0.5,1,1,1.0,1,60.9,68.0,128.9,1,1,1,1
980,3,0.989894,0.5,1,1,2.0,2,59.0,68.5,127.5,1,1,1,1
981,2,0.999232,0.5,1,1,2.0,2,61.5,78.9,140.4,1,1,1,1
982,2,0.989894,0.5,1,1,2.0,2,64.4,69.5,133.9,1,1,1,1
983,0,0.0,0.5,0,0,,0,61.4,0.0,61.4,1,1,1,1
984,1,1.0,0.5,1,1,1.0,1,62.2,75.8,138.0,1,1,1,1
985,3,1.0,0.5,1,1,2.0,2,66.2,69.4,135.6,1,1,1,1
986,0,0.0,0.5,0,0,,0,60.5,0.0,60.5,1,1,1,1
987,0,0.0,0.5,0,0,,0,61.5,0.0,61.5,1,1,1,1
988,3,0.989894,0.5,1,1,3.0,3,71.2,71.8,143.0,1,1,1,1
989,1,0.997497,0.5,1,1,1.0,1,61.9,70.2,132.1,1,1,1,1
990,3,0.989894,0.5,1,1,3.0,3,61.2,69.1,130.3,1,1,1,1
991,3,0.989894,0.5,1,1,3.0,3,61.6,79.3,140.9,1,1,1,1
992,1,0.989894,0.5,1,1,1.0,1,63.1,69.5,132.6,1,1,1,1
993,0,0.0,0.5,0,0,,0,62.1,0.0,62.1,1,1,1,1
994,1,0.989894,0.5,1,1,2.0,2,60.7,76.1,136.8,1,1,1,1
995,0,0.0,0.5,0,0,,0,66.9,0.0,66.9,1,1,1,1
996,3,0.989894,0.5,1,1,2.0,2,62.7,69.5,132.2,1,1,1,1
997,1,0.989894,0.5,1,1,1.0,1,61.5,68.5,130.0,1,1,1,1
998,3,0.989894,0.5,1,1,3.0,3,72.0,70.9,142.9,1,1,1,1
999,1,0.997497,0.5,1,1,1.0,1,61.9,70.3,132.2,1,1,1,1
1000,0,0.0,0.5,0,0,,0,60.6,0.0,60.6,1,1,1,1
1001,3,0.997497,0.5,1,1,2.0,2,68.2,74.7,142.9,1,1,1,1
1002,3,0.989894,0.5,1,1,2.0,2,61.2,69.3,130.5,1,1,1,1
1003,3,0.989894,0.5,1,1,2.0,2,61.1,69.9,131.0,1,1,1,1
1004,3,1.0,0.5,1,1,2.0,2,62.0,78.4,140.4,1,1,1,1
1005,0,0.0,0.5,0,0,,0,65.1,0.0,65.1,1,1,1,1
1006,1,1.0,0.5,1,1,1.0,1,60.4,69.8,130.2,1,1,1,1
1007,3,1.0,0.5,1,1,2.0,2,61.3,68.4,129.7,1,1,1,1
1008,1,1.0,0.5,1,1,1.0,1,70.9,71.5,142.4,1,1,1,1
1009,0,0.0,0.5,0,0,,0,62.5,0.0,62.5,1,1,1,1
1010,3,0.989894,0.5,1,1,3.0,3,60.7,67.7,128.4,1,1,1,1
1011,1,0.997497,0.5,1,1,1.0,1,71.1,71.8,142.9,1,1,1,1
1012,1,0.989894,0.5,1,1,1.0,1,62.6,68.6,131.2,1,1,1,1
1013,1,1.0,0.5,1,1,1.0,1,63.4,68.6,132.0,1,1,1,1
1014,2,0.989894,0.5,1,1,2.0,2,60.9,79.2,140.1,1,1,1,1
1015,1,0.997497,0.5,1,1,1.0,1,63.3,71.5,134.8,1,1,1,1
1016,2,0.989894,0.5,1,1,2.0,2,61.8,69.8,131.6,1,1,1,1
1017,2,0.989894,0.5,1,1,3.0,3,61.1,76.9,138.0,1,1,1,1
1018,3,0.989894,0.5,1,1,2.0,2,67.3,70.2,137.5,1,1,1,1
1019,3,0.989894,0.5,1,1,2.0,2,62.4,69.7,132.1,1,1,1,1
1020,0,0.177465,0.5,0,0,,0,59.9,0.0,59.9,1,1,1,1
1021,0,0.0,0.5,0,0,,0,72.3,0.0,72.3,1,1,1,1
1022,3,0.989894,0.5,1,1,2.0,2,61.9,68.1,130.0,1,1,1,1
1023,2,0.989894,0.5,1,1,2.0,2,60.2,70.7,130.9,1,1,1,1
1024,0,0.0,0.5,0,0,,0,60.6,0.0,60.6,1,1,1,1
1025,3,0.989894,0.5,1,1,2.0,2,64.7,70.0,134.7,1,1,1,1
1026,2,0.989894,0.5,1,1,3.0,3,61.8,67.9,129.7,1,1,1,1
1027,0,0.0,0.5,0,0,,0,59.3,0.0,59.3,1,1,1,1
1028,0,0.0,0.5,0,0,,0,65.7,0.0,65.7,1,1,1,1
1029,0,0.0,0.5,0,0,,0,61.7,0.0,61.7,1,1,1,1
1030,2,0.989894,0.5,1,1,2.0,2,67.5,83.7,151.2,1,1,1,1
1031,0,0.0,0.5,0,0,,0,256.2,0.0,256.2,1,1,1,1
1032,3,0.989894,0.5,1,1,3.0,3,186.6,137.6,324.2,1,1,1,1
1033,3,1.0,0.5,1,1,3.0,3,94.2,94.5,188.7,1,1,1,1
1034,1,1.0,0.5,1,1,1.0,1,80.9,85.1,166.0,1,1,1,1
1035,2,1.0,0.5,1,1,3.0,3,76.1,85.0,161.1,1,1,1,1
1036,2,1.0,0.5,1,1,2.0,2,73.0,83.7,156.7,1,1,1,1
1037,0,0.0,0.5,0,0,,0,71.5,0.0,71.5,1,1,1,1
1038,0,0.0,0.5,0,0,,0,74.8,0.0,74.8,1,1,1,1
1039,0,0.997497,0.5,1,1,0.0,0,70.3,81.7,152.0,1,1,1,1
1040,1,1.0,0.5,1,1,1.0,1,70.2,81.0,151.2,1,1,1,1
1041,1,0.989894,0.5,1,1,1.0,1,69.1,78.4,147.5,1,1,1,1
1042,2,1.0,0.5,1,1,3.0,3,67.6,201.0,268.6,1,1,1,1
1043,3,0.989894,0.5,1,1,2.0,2,99.4,87.7,187.1,1,1,1,1
1044,0,0.177465,0.5,0,0,,0,71.9,0.0,71.9,1,1,1,1
1045,0,0.0,0.5,0,0,,0,69.9,0.0,69.9,1,1,1,1
1046,0,0.0,0.5,0,0,,0,65.9,0.0,65.9,1,1,1,1
1047,2,1.0,0.5,1,1,2.0,2,65.7,92.8,158.5,1,1,1,1
1048,0,0.0,0.5,0,0,,0,75.5,0.0,75.5,1,1,1,1
1049,0,0.0,0.5,0,0,,0,68.2,0.0,68.2,1,1,1,1
1050,1,0.989894,0.5,1,1,1.0,1,70.3,84.4,154.7,1,1,1,1
1051,2,0.989894,0.5,1,1,2.0,2,72.8,77.9,150.7,1,1,1,1
1052,3,1.0,0.5,1,1,3.0,3,67.8,75.6,143.4,1,1,1,1
1053,0,0.0,0.5,0,0,,0,65.3,0.0,65.3,1,1,1,1
1054,2,0.989894,0.5,1,1,2.0,2,81.0,72.0,153.0,1,1,1,1
1055,3,0.989894,0.5,1,1,2.0,2,61.9,70.5,132.4,1,1,1,1
1056,1,0.997497,0.5,1,1,1.0,1,62.7,69.2,131.9,1,1,1,1
1057,0,0.0,0.5,0,0,,0,68.9,0.0,68.9,1,1,1,1
1058,1,1.0,0.5,1,1,1.0,1,63.6,68.8,132.4,1,1,1,1
1059,0,0.0,0.5,0,0,,0,61.9,0.0,61.9,1,1,1,1
1060,1,1.0,0.5,1,1,1.0,1,60.8,77.5,138.3,1,1,1,1
1061,0,0.0,0.5,0,0,,0,76.8,0.0,76.8,1,1,1,1
1062,0,0.0,0.5,0,0,,0,142.4,0.0,142.4,1,1,1,1
1063,2,0.989894,0.5,1,1,2.0,2,79.0,83.3,162.3,1,1,1,1
1064,1,1.0,0.5,1,1,1.0,1,72.4,77.5,149.9,1,1,1,1
1065,0,0.0,0.5,0,0,,0,68.0,0.0,68.0,1,1,1,1
1066,0,0.0,0.5,0,0,,0,66.5,0.0,66.5,1,1,1,1
1067,1,0.989894,0.5,1,1,1.0,1,65.9,73.9,139.8,1,1,1,1
1068,1,0.999232,0.5,1,1,1.0,1,65.4,74.5,139.9,1,1,1,1
1069,3,1.0,0.5,1,1,3.0,3,66.1,77.9,144.0,1,1,1,1
1070,2,0.997497,0.5,1,1,2.0,2,66.6,73.3,139.9,1,1,1,1
1071,2,0.989894,0.5,1,1,3.0,3,65.5,74.2,139.7,1,1,1,1
1072,3,0.989894,0.5,1,1,2.0,2,62.5,70.2,132.7,1,1,1,1
1073,3,0.989894,0.5,1,1,3.0,3,63.9,70.6,134.5,1,1,1,1
1074,1,1.0,0.5,1,1,1.0,1,62.3,73.2,135.5,1,1,1,1
1075,0,0.0,0.5,0,0,,0,66.9,0.0,66.9,1,1,1,1
1076,2,0.989894,0.5,1,1,3.0,3,62.8,75.3,138.1,1,1,1,1
1077,0,0.0,0.5,0,0,,0,64.8,0.0,64.8,1,1,1,1
1078,3,0.989894,0.5,1,1,3.0,3,66.1,72.7,138.8,1,1,1,1
1079,0,0.0,0.5,0,0,,0,66.8,0.0,66.8,1,1,1,1
1080,0,0.0,0.5,0,0,,0,67.5,0.0,67.5,1,1,1,1
1081,2,0.989894,0.5,1,1,2.0,2,69.9,81.0,150.9,1,1,1,1
1082,3,1.0,0.5,1,1,3.0,3,71.2,77.3,148.5,1,1,1,1
1083,0,0.0,0.5,0,0,,0,68.5,0.0,68.5,1,1,1,1
1084,0,0.0,0.5,0,0,,0,70.9,0.0,70.9,1,1,1,1
1085,0,0.0,0.5,0,0,,0,71.7,0.0,71.7,1,1,1,1
1086,1,0.989894,0.5,1,1,1.0,1,72.8,83.5,156.3,1,1,1,1
1087,2,0.989894,0.5,1,1,3.0,3,74.1,84.0,158.1,1,1,1,1
1088,1,0.989894,0.5,1,1,1.0,1,72.6,85.7,158.3,1,1,1,1
1089,1,0.989894,0.5,1,1,1.0,1,99.7,106.0,205.7,1,1,1,1
1090,2,0.989894,0.5,1,1,2.0,2,85.3,89.1,174.4,1,1,1,1
1091,0,0.0,0.5,0,0,,0,79.0,0.0,79.0,1,1,1,1
1092,0,0.0,0.5,0,0,,0,80.4,0.0,80.4,1,1,1,1
1093,3,0.989894,0.5,1,1,2.0,2,100.7,97.8,198.5,1,1,1,1
1094,2,0.989894,0.5,1,1,3.0,3,82.7,97.0,179.7,1,1,1,1
1095,0,0.0,0.5,0,0,,0,83.4,0.0,83.4,1,1,1,1
1096,0,0.0,0.5,0,0,,0,93.7,0.0,93.7,1,1,1,1
1097,2,0.989894,0.5,1,1,3.0,3,92.9,98.7,191.6,1,1,1,1
1098,1,0.989894,0.5,1,1,1.0,1,89.0,98.5,187.5,1,1,1,1
1099,3,0.989894,0.5,1,1,3.0,3,90.5,160.1,250.6,1,1,1,1
1100,0,0.0,0.5,0,0,,0,98.1,0.0,98.1,1,1,1,1
1101,0,0.0,0.5,0,0,,0,91.0,0.0,91.0,1,1,1,1
1102,2,0.989894,0.5,1,1,3.0,3,95.3,118.3,213.6,1,1,1,1
1103,0,0.0,0.5,0,0,,0,103.6,0.0,103.6,1,1,1,1
1104,2,0.997497,0.5,1,1,2.0,2,95.2,105.9,201.1,1,1,1,1
1105,1,1.0,0.5,1,1,1.0,1,93.6,106.6,200.2,1,1,1,1
1106,1,1.0,0.5,1,1,1.0,1,105.8,106.5,212.3,1,1,1,1
1107,0,0.0,0.5,0,0,,0,91.6,0.0,91.6,1,1,1,1
1108,0,0.0,0.5,0,0,,0,85.0,0.0,85.0,1,1,1,1
1109,1,0.999232,0.5,1,1,1.0,1,87.1,130.9,218.0,1,1,1,1
1110,0,0.0,0.5,0,0,,0,112.9,0.0,112.9,1,1,1,1
1111,3,0.989894,0.5,1,1,3.0,3,87.8,94.2,182.0,1,1,1,1
1112,2,0.989894,0.5,1,1,3.0,3,82.4,110.1,192.5,1,1,1,1
1113,1,1.0,0.5,1,1,1.0,1,83.2,92.5,175.7,1,1,1,1
1114,2,0.989894,0.5,1,1,3.0,3,76.3,84.7,161.0,1,1,1,1
1115,0,0.0,0.5,0,0,,0,75.2,0.0,75.2,1,1,1,1
1116,3,0.989894,0.5,1,1,2.0,2,83.1,87.3,170.4,1,1,1,1
1117,3,0.989894,0.5,1,1,2.0,2,75.9,84.8,160.7,1,1,1,1
1118,2,0.989894,0.5,1,1,3.0,3,70.5,86.2,156.7,1,1,1,1
1119,2,1.0,0.5,1,1,3.0,3,82.8,85.2,168.0,1,1,1,1
1120,2,0.989894,0.5,1,1,2.0,2,72.2,78.0,150.2,1,1,1,1
1121,3,0.989894,0.5,1,1,2.0,2,72.1,79.5,151.6,1,1,1,1
1122,3,0.989894,0.5,1,1,3.0,3,80.9,152.3,233.2,1,1,1,1
1123,0,0.0,0.5,0,0,,0,258.7,0.0,258.7,1,1,1,1
1124,2,0.989894,0.5,1,1,2.0,2,156.5,152.8,309.3,1,1,1,1
1125,3,0.999232,0.5,1,1,2.0,2,105.9,139.6,245.5,1,1,1,1
1126,0,0.0,0.5,0,0,,0,92.5,0.0,92.5,1,1,1,1
1127,0,0.0,0.5,0,0,,0,78.1,0.0,78.1,1,1,1,1
1128,2,0.989894,0.5,1,1,2.0,2,81.7,77.2,158.9,1,1,1,1
1129,2,0.989894,0.5,1,1,3.0,3,66.2,72.3,138.5,1,1,1,1
1130,2,0.989894,0.5,1,1,2.0,2,62.1,203.2,265.3,1,1,1,1
1131,3,0.989894,0.5,1,1,2.0,2,141.4,93.9,235.3,1,1,1,1
1132,2,1.0,0.5,1,1,3.0,3,74.4,77.8,152.2,1,1,1,1
1133,1,1.0,0.5,1,1,1.0,1,67.1,74.6,141.7,1,1,1,1
1134,0,0.0,0.5,0,0,,0,78.9,0.0,78.9,1,1,1,1
1135,3,1.0,0.5,1,1,2.0,2,74.5,75.0,149.5,1,1,1,1
1136,3,0.989894,0.5,1,1,3.0,3,64.2,71.6,135.8,1,1,1,1
1137,3,0.989894,0.5,1,1,2.0,2,74.2,74.4,148.6,1,1,1,1
1138,2,0.989894,0.5,1,1,2.0,2,66.7,69.9,136.6,1,1,1,1
1139,3,1.0,0.5,1,1,3.0,3,62.7,71.9,134.6,1,1,1,1
1140,1,0.989894,0.5,1,1,1.0,1,73.7,75.7,149.4,1,1,1,1
1141,0,0.0,0.5,0,0,,0,64.7,0.0,64.7,1,1,1,1
1142,0,0.0,0.5,0,0,,0,70.9,0.0,70.9,1,1,1,1
1143,0,0.0,0.5,0,0,,0,61.5,0.0,61.5,1,1,1,1
1144,0,0.0,0.5,0,0,,0,67.9,0.0,67.9,1,1,1,1
1145,1,1.0,0.5,1,1,1.0,1,63.9,76.1,140.0,1,1,1,1
1146,0,0.0,0.5,0,0,,0,65.2,0.0,65.2,1,1,1,1
1147,1,1.0,0.5,1,1,1.0,1,70.5,76.4,146.9,1,1,1,1
1148,0,0.0,0.5,0,0,,0,67.2,0.0,67.2,1,1,1,1
1149,2,0.989894,0.5,1,1,3.0,3,73.3,86.3,159.6,1,1,1,1
1150,0,0.0,0.5,0,0,,0,74.9,0.0,74.9,1,1,1,1
1151,3,0.989894,0.5,1,1,3.0,3,73.0,80.8,153.8,1,1,1,1
1152,3,1.0,0.5,1,1,3.0,3,73.2,81.8,155.0,1,1,1,1
1153,2,0.989894,0.5,1,1,2.0,2,86.6,83.7,170.3,1,1,1,1
1154,0,0.0,0.5,0,0,,0,72.9,0.0,72.9,1,1,1,1
1155,1,0.997497,0.5,1,1,1.0,1,89.5,88.1,177.6,1,1,1,1
1156,3,1.0,0.5,1,1,2.0,2,90.5,91.6,182.1,1,1,1,1
1157,0,0.0,0.5,0,0,,0,80.5,0.0,80.5,1,1,1,1
1158,1,1.0,0.5,1,1,1.0,1,76.1,86.1,162.2,1,1,1,1
1159,2,0.989894,0.5,1,1,3.0,3,74.1,99.3,173.4,1,1,1,1
1160,1,0.989894,0.5,1,1,1.0,1,79.5,92.1,171.6,1,1,1,1
1161,1,0.999232,0.5,1,1,1.0,1,82.3,82.5,164.8,1,1,1,1
1162,2,0.989894,0.5,1,1,3.0,3,72.7,89.1,161.8,1,1,1,1
1163,2,0.989894,0.5,1,1,2.0,2,74.8,83.1,157.9,1,1,1,1
1164,2,0.989894,0.5,1,1,2.0,2,70.1,76.1,146.2,1,1,1,1
1165,1,0.989894,0.5,1,1,1.0,1,69.3,74.8,144.1,1,1,1,1
1166,2,0.997497,0.5,1,1,2.0,2,78.0,78.3,156.3,1,1,1,1
1167,3,0.989894,0.5,1,1,2.0,2,76.0,80.9,156.9,1,1,1,1
1168,1,1.0,0.5,1,1,1.0,1,65.5,72.7,138.2,1,1,1,1
1169,3,0.989894,0.5,1,1,2.0,2,78.1,73.0,151.1,1,1,1,1
1170,3,0.989894,0.5,1,1,2.0,2,63.4,69.6,133.0,1,1,1,1
1171,3,0.989894,0.5,1,1,3.0,3,60.5,69.4,129.9,1,1,1,1
1172,2,1.0,0.5,1,1,2.0,2,59.8,79.6,139.4,1,1,1,1
1173,3,0.989894,0.5,1,1,3.0,3,65.1,78.9,144.0,1,1,1,1
1174,0,0.0,0.5,0,0,,0,66.3,0.0,66.3,1,1,1,1
1175,0,0.0,0.5,0,0,,0,104.4,0.0,104.4,1,1,1,1
1176,0,0.0,0.5,0,0,,0,75.1,0.0,75.1,1,1,1,1
1177,0,0.0,0.5,0,0,,0,69.2,0.0,69.2,1,1,1,1
1178,2,0.989894,0.5,1,1,3.0,3,65.7,72.8,138.5,1,1,1,1
1179,3,1.0,0.5,1,1,2.0,2,63.3,74.9,138.2,1,1,1,1
1180,2,0.989894,0.5,1,1,2.0,2,63.0,71.6,134.6,1,1,1,1
1181,1,0.999232,0.5,1,1,1.0,1,63.6,72.8,136.4,1,1,1,1
1182,0,0.0,0.5,0,0,,0,63.2,0.0,63.2,1,1,1,1
1183,1,1.0,0.5,1,1,1.0,1,66.9,73.4,140.3,1,1,1,1
1184,3,0.989894,0.5,1,1,2.0,2,63.8,73.8,137.6,1,1,1,1
1185,0,0.177465,0.5,0,0,,0,65.6,0.0,65.6,1,1,1,1
1186,0,0.0,0.5,0,0,,0,67.4,0.0,67.4,1,1,1,1
1187,3,0.989894,0.5,1,1,2.0,2,68.6,79.3,147.9,1,1,1,1
1188,2,0.989894,0.5,1,1,2.0,2,69.2,88.4,157.6,1,1,1,1
1189,2,0.989894,0.5,1,1,2.0,2,76.3,83.2,159.5,1,1,1,1
1190,2,0.989894,0.5,1,1,3.0,3,69.2,78.7,147.9,1,1,1,1
1191,3,1.0,0.5,1,1,3.0,3,69.1,80.5,149.6,1,1,1,1
1192,0,0.0,0.5,0,0,,0,70.5,0.0,70.5,1,1,1,1
1193,1,0.177465,0.5,0,0,,0,75.0,0.0,75.0,1,1,1,1
1194,3,1.0,0.5,1,1,2.0,2,74.0,81.9,155.9,1,1,1,1
1195,1,1.0,0.5,1,1,1.0,1,72.3,85.6,157.9,1,1,1,1
1196,0,0.0,0.5,0,0,,0,75.5,0.0,75.5,1,1,1,1
1197,0,0.0,0.5,0,0,,0,80.0,0.0,80.0,1,1,1,1
1198,2,1.0,0.5,1,1,2.0,2,77.7,90.0,167.7,1,1,1,1
1199,3,0.989894,0.5,1,1,2.0,2,83.3,92.8,176.1,1,1,1,1
1200,2,0.989894,0.5,1,1,2.0,2,80.1,91.5,171.6,1,1,1,1
1201,2,0.989894,0.5,1,1,3.0,3,81.4,95.9,177.3,1,1,1,1
1202,0,0.0,0.5,0,0,,0,82.6,0.0,82.6,1,1,1,1
1203,3,0.989894,0.5,1,1,2.0,2,82.4,96.1,178.5,1,1,1,1
1204,2,0.999232,0.5,1,1,2.0,2,85.2,98.2,183.4,1,1,1,1
1205,1,1.0,0.5,1,1,1.0,1,87.0,96.6,183.6,1,1,1,1
1206,0,0.0,0.5,0,0,,0,105.1,0.0,105.1,1,1,1,1
1207,1,0.177465,0.5,0,0,,0,94.6,0.0,94.6,1,1,1,1
1208,0,0.0,0.5,0,0,,0,88.7,0.0,88.7,1,1,1,1
1209,0,0.0,0.5,0,0,,0,92.4,0.0,92.4,1,1,1,1
1210,0,0.0,0.5,0,0,,0,99.0,0.0,99.0,1,1,1,1
1211,3,0.989894,0.5,1,1,3.0,3,92.2,101.0,193.2,1,1,1,1
1212,2,0.989894,0.5,1,1,3.0,3,90.2,100.9,191.1,1,1,1,1
1213,3,0.989894,0.5,1,1,3.0,3,109.4,107.9,217.3,1,1,1,1
1214,2,0.997497,0.5,1,1,2.0,2,88.9,95.2,184.1,1,1,1,1
1215,3,0.989894,0.5,1,1,3.0,3,84.1,96.4,180.5,1,1,1,1
1216,3,0.989894,0.5,1,1,2.0,2,98.1,97.5,195.6,1,1,1,1
1217,2,0.999232,0.5,1,1,2.0,2,84.4,91.3,175.7,1,1,1,1
1218,1,0.989894,0.5,1,1,1.0,1,82.3,212.5,294.8,1,1,1,1
1219,2,0.989894,0.5,1,1,3.0,3,157.8,185.4,343.2,1,1,1,1
1220,3,0.989894,0.5,1,1,2.0,2,167.6,145.0,312.6,1,1,1,1
1221,3,0.989894,0.5,1,1,2.0,2,135.6,634.9,770.5,1,1,1,1
1222,3,0.989894,0.5,1,1,3.0,3,195.7,121.7,317.4,1,1,1,1
1223,2,0.989894,0.5,1,1,2.0,2,97.6,104.3,201.9,1,1,1,1
1224,0,0.0,0.5,0,0,,0,98.7,0.0,98.7,1,1,1,1
1225,2,0.989894,0.5,1,1,3.0,3,83.2,97.1,180.3,1,1,1,1
1226,1,1.0,0.5,1,1,1.0,1,80.1,91.7,171.8,1,1,1,1
1227,2,0.989894,0.5,1,1,3.0,3,80.4,91.7,172.1,1,1,1,1
1228,2,1.0,0.5,1,1,2.0,2,77.9,88.9,166.8,1,1,1,1
1229,3,0.989894,0.5,1,1,3.0,3,84.0,93.8,177.8,1,1,1,1
1230,2,0.989894,0.5,1,1,3.0,3,84.1,95.6,179.7,1,1,1,1
1231,2,0.989894,0.5,1,1,2.0,2,83.7,103.3,187.0,1,1,1,1
1232,2,1.0,0.5,1,1,3.0,3,88.4,97.9,186.3,1,1,1,1
1233,3,0.989894,0.5,1,1,3.0,3,90.7,100.5,191.2,1,1,1,1
1234,3,0.989894,0.5,1,1,3.0,3,89.0,102.7,191.7,1,1,1,1
1235,3,0.989894,0.5,1,1,2.0,2,93.0,109.2,202.2,1,1,1,1
1236,1,1.0,0.5,1,1,1.0,1,92.8,106.4,199.2,1,1,1,1
1237,0,0.0,0.5,0,0,,0,96.6,0.0,96.6,1,1,1,1
1238,1,1.0,0.5,1,1,1.0,1,93.4,107.9,201.3,1,1,1,1
1239,0,0.0,0.5,0,0,,0,93.9,0.0,93.9,1,1,1,1
1240,2,0.989894,0.5,1,1,3.0,3,93.1,106.4,199.5,1,1,1,1
1241,3,0.989894,0.5,1,1,2.0,2,91.3,102.6,193.9,1,1,1,1
1242,1,0.999232,0.5,1,1,1.0,1,90.2,100.7,190.9,1,1,1,1
1243,0,0.0,0.5,0,0,,0,90.7,0.0,90.7,1,1,1,1
1244,2,0.989894,0.5,1,1,3.0,3,87.1,96.7,183.8,1,1,1,1
1245,0,0.0,0.5,0,0,,0,88.9,0.0,88.9,1,1,1,1
1246,3,0.989894,0.5,1,1,2.0,2,85.1,89.9,175.0,1,1,1,1
1247,3,0.999232,0.5,1,1,2.0,2,80.4,92.2,172.6,1,1,1,1
1248,1,1.0,0.5,1,1,1.0,1,81.4,91.8,173.2,1,1,1,1
1249,3,0.989894,0.5,1,1,2.0,2,108.9,96.9,205.8,1,1,1,1
1250,0,0.0,0.5,0,0,,0,78.6,0.0,78.6,1,1,1,1
1251,2,0.989894,0.5,1,1,2.0,2,75.2,87.1,162.3,1,1,1,1
1252,3,0.989894,0.5,1,1,2.0,2,88.1,89.4,177.5,1,1,1,1
1253,0,0.0,0.5,0,0,,0,77.5,0.0,77.5,1,1,1,1
1254,0,0.0,0.5,0,0,,0,75.0,0.0,75.0,1,1,1,1
1255,1,0.989894,0.5,1,1,1.0,1,69.3,90.6,159.9,1,1,1,1
1256,3,0.989894,0.5,1,1,2.0,2,76.9,77.7,154.6,1,1,1,1
1257,2,1.0,0.5,1,1,2.0,2,69.1,79.0,148.1,1,1,1,1
1258,3,0.989894,0.5,1,1,3.0,3,65.2,80.7,145.9,1,1,1,1
1259,2,0.989894,0.5,1,1,2.0,2,72.6,76.9,149.5,1,1,1,1
1260,2,0.989894,0.5,1,1,3.0,3,95.0,77.4,172.4,1,1,1,1
1261,2,0.989894,0.5,1,1,2.0,2,67.7,75.7,143.4,1,1,1,1
1262,3,0.989894,0.5,1,1,3.0,3,73.3,73.0,146.3,1,1,1,1
1263,3,0.989894,0.5,1,1,2.0,2,62.3,69.0,131.3,1,1,1,1
1264,3,0.989894,0.5,1,1,2.0,2,60.6,67.0,127.6,1,1,1,1
1265,0,0.0,0.5,0,0,,0,70.0,0.0,70.0,1,1,1,1
1266,2,0.989894,0.5,1,1,2.0,2,62.2,69.2,131.4,1,1,1,1
1267,3,0.989894,0.5,1,1,2.0,2,61.4,69.2,130.6,1,1,1,1
1268,0,0.0,0.5,0,0,,0,61.2,0.0,61.2,1,1,1,1
1269,1,0.0,0.5,0,0,,0,65.4,0.0,65.4,1,1,1,1
1270,0,0.0,0.5,0,0,,0,62.4,0.0,62.4,1,1,1,1
1271,1,0.989894,0.5,1,1,1.0,1,60.7,76.6,137.3,1,1,1,1
1272,2,0.989894,0.5,1,1,2.0,2,65.7,71.1,136.8,1,1,1,1
1273,3,0.989894,0.5,1,1,3.0,3,62.3,69.8,132.1,1,1,1,1
1274,3,0.989894,0.5,1,1,3.0,3,62.0,68.5,130.5,1,1,1,1
1275,2,0.989894,0.5,1,1,2.0,2,71.3,92.1,163.4,1,1,1,1
1276,0,0.0,0.5,0,0,,0,81.7,0.0,81.7,1,1,1,1
1277,0,0.0,0.5,0,0,,0,64.6,0.0,64.6,1,1,1,1
1278,1,1.0,0.5,1,1,1.0,1,76.9,72.6,149.5,1,1,1,1
1279,1,0.989894,0.5,1,1,1.0,1,63.6,69.9,133.5,1,1,1,1
1280,1,1.0,0.5,1,1,1.0,1,61.4,69.0,130.4,1,1,1,1
1281,2,0.989894,0.5,1,1,3.0,3,60.5,82.7,143.2,1,1,1,1
1282,3,0.989894,0.5,1,1,3.0,3,66.2,69.9,136.1,1,1,1,1
1283,3,0.989894,0.5,1,1,2.0,2,61.6,69.7,131.3,1,1,1,1
1284,2,0.989894,0.5,1,1,2.0,2,60.9,77.9,138.8,1,1,1,1
1285,3,1.0,0.5,1,1,3.0,3,65.7,72.4,138.1,1,1,1,1
1286,2,0.989894,0.5,1,1,2.0,2,61.3,69.4,130.7,1,1,1,1
1287,1,0.989894,0.5,1,1,1.0,1,60.8,70.7,131.5,1,1,1,1
1288,3,0.989894,0.5,1,1,3.0,3,72.8,70.2,143.0,1,1,1,1
1289,1,1.0,0.5,1,1,1.0,1,62.1,69.0,131.1,1,1,1,1
1290,3,1.0,0.5,1,1,2.0,2,62.9,69.4,132.3,1,1,1,1
1291,0,0.0,0.5,0,0,,0,72.4,0.0,72.4,1,1,1,1
1292,3,0.989894,0.5,1,1,2.0,2,63.5,69.9,133.4,1,1,1,1
1293,2,0.989894,0.5,1,1,3.0,3,62.3,69.4,131.7,1,1,1,1
1294,2,0.989894,0.5,1,1,2.0,2,60.9,80.6,141.5,1,1,1,1
1295,0,0.0,0.5,0,0,,0,64.0,0.0,64.0,1,1,1,1
1296,2,0.989894,0.5,1,1,2.0,2,61.3,68.2,129.5,1,1,1,1
1297,1,1.0,0.5,1,1,1.0,1,61.4,77.1,138.5,1,1,1,1
1298,3,0.989894,0.5,1,1,2.0,2,65.3,70.0,135.3,1,1,1,1
1299,1,0.997497,0.5,1,1,1.0,1,62.0,69.9,131.9,1,1,1,1
1300,2,0.989894,0.5,1,1,3.0,3,60.9,67.3,128.2,1,1,1,1
1301,3,0.989894,0.5,1,1,3.0,3,74.5,71.9,146.4,1,1,1,1
1302,3,0.999232,0.5,1,1,3.0,3,61.2,67.3,128.5,1,1,1,1
1303,3,0.989894,0.5,1,1,2.0,2,60.6,68.7,129.3,1,1,1,1
1304,2,0.989894,0.5,1,1,2.0,2,60.2,78.7,138.9,1,1,1,1
1305,3,0.989894,0.5,1,1,3.0,3,65.4,69.7,135.1,1,1,1,1
1306,2,0.989894,0.5,1,1,2.0,2,62.0,68.4,130.4,1,1,1,1
1307,2,0.989894,0.5,1,1,2.0,2,61.4,77.5,138.9,1,1,1,1
1308,3,0.989894,0.5,1,1,3.0,3,65.3,68.9,134.2,1,1,1,1
1309,3,0.989894,0.5,1,1,3.0,3,63.0,68.5,131.5,1,1,1,1
1310,1,0.989894,0.5,1,1,1.0,1,61.1,68.6,129.7,1,1,1,1
1311,2,0.989894,0.5,1,1,3.0,3,74.0,72.5,146.5,1,1,1,1
1312,2,0.989894,0.5,1,1,3.0,3,124.0,127.6,251.6,1,1,1,1
1313,0,0.0,0.5,0,0,,0,83.8,0.0,83.8,1,1,1,1
1314,3,0.989894,0.5,1,1,3.0,3,65.5,70.4,135.9,1,1,1,1
1315,1,1.0,0.5,1,1,1.0,1,172.9,135.9,308.8,1,1,1,1
1316,3,0.989894,0.5,1,1,2.0,2,87.3,125.3,212.6,1,1,1,1
1317,2,0.989894,0.5,1,1,3.0,3,122.6,131.8,254.4,1,1,1,1
1318,0,0.0,0.5,0,0,,0,174.3,0.0,174.3,1,1,1,1
1319,2,1.0,0.5,1,1,3.0,3,83.5,83.7,167.2,1,1,1,1
1320,2,0.989894,0.5,1,1,2.0,2,68.3,76.6,144.9,1,1,1,1
1321,3,0.989894,0.5,1,1,3.0,3,65.9,72.7,138.6,1,1,1,1
1322,0,0.0,0.5,0,0,,0,64.7,0.0,64.7,1,1,1,1
1323,3,0.989894,0.5,1,1,3.0,3,63.8,79.9,143.7,1,1,1,1
1324,2,1.0,0.5,1,1,2.0,2,68.5,72.0,140.5,1,1,1,1
1325,3,0.999232,0.5,1,1,3.0,3,64.3,70.0,134.3,1,1,1,1
1326,0,0.0,0.5,0,0,,0,61.5,0.0,61.5,1,1,1,1
1327,0,0.0,0.5,0,0,,0,62.9,0.0,62.9,1,1,1,1
1328,2,1.0,0.5,1,1,2.0,2,87.6,74.5,162.1,1,1,1,1
1329,1,0.999232,0.5,1,1,1.0,1,65.1,70.4,135.5,1,1,1,1
1330,1,1.0,0.5,1,1,1.0,1,60.5,70.5,131.0,1,1,1,1
1331,1,0.989894,0.5,1,1,1.0,1,62.7,75.4,138.1,1,1,1,1
1332,0,0.0,0.5,0,0,,0,65.7,0.0,65.7,1,1,1,1
1333,0,0.0,0.5,0,0,,0,67.5,0.0,67.5,1,1,1,1
1334,1,1.0,0.5,1,1,1.0,1,76.8,84.3,161.1,1,1,1,1
1335,1,1.0,0.5,1,1,1.0,1,103.9,120.8,224.7,1,1,1,1
1336,0,0.0,0.5,0,0,,0,82.7,0.0,82.7,1,1,1,1
1337,2,0.989894,0.5,1,1,3.0,3,109.2,115.2,224.4,1,1,1,1
1338,0,0.0,0.5,0,0,,0,94.9,0.0,94.9,1,1,1,1
1339,3,0.989894,0.5,1,1,2.0,2,128.6,193.0,321.6,1,1,1,1
1340,3,1.0,0.5,1,1,3.0,3,99.7,91.2,190.9,1,1,1,1
1341,2,0.989894,0.5,1,1,3.0,3,76.0,80.0,156.0,1,1,1,1
1342,2,0.989894,0.5,1,1,3.0,3,68.8,74.4,143.2,1,1,1,1
1343,2,0.989894,0.5,1,1,2.0,2,66.0,74.4,140.4,1,1,1,1
1344,0,0.0,0.5,0,0,,0,67.2,0.0,67.2,1,1,1,1
1345,2,0.989894,0.5,1,1,2.0,2,67.4,73.2,140.6,1,1,1,1
1346,3,0.989894,0.5,1,1,2.0,2,64.7,70.7,135.4,1,1,1,1
1347,2,0.989894,0.5,1,1,2.0,2,64.0,71.3,135.3,1,1,1,1
1348,2,1.0,0.5,1,1,2.0,2,63.5,69.6,133.1,1,1,1,1
1349,3,0.989894,0.5,1,1,3.0,3,64.6,72.3,136.9,1,1,1,1
1350,3,0.989894,0.5,1,1,2.0,2,63.6,71.3,134.9,1,1,1,1
1351,2,0.989894,0.5,1,1,3.0,3,63.5,71.3,134.8,1,1,1,1
1352,3,0.997497,0.5,1,1,2.0,2,63.1,72.5,135.6,1,1,1,1
1353,1,0.997497,0.5,1,1,1.0,1,64.4,71.9,136.3,1,1,1,1
1354,1,0.989894,0.5,1,1,1.0,1,64.3,71.5,135.8,1,1,1,1
1355,0,0.0,0.5,0,0,,0,65.0,0.0,65.0,1,1,1,1
1356,3,0.989894,0.5,1,1,3.0,3,63.4,72.2,135.6,1,1,1,1
1357,0,0.0,0.5,0,0,,0,78.4,0.0,78.4,1,1,1,1
1358,2,0.989894,0.5,1,1,2.0,2,67.4,71.8,139.2,1,1,1,1
1359,1,0.997497,0.5,1,1,1.0,1,64.7,73.2,137.9,1,1,1,1
1360,2,0.989894,0.5,1,1,2.0,2,63.2,86.0,149.2,1,1,1,1
1361,1,1.0,0.5,1,1,1.0,1,69.5,72.6,142.1,1,1,1,1
1362,0,0.0,0.5,0,0,,0,64.8,0.0,64.8,1,1,1,1
1363,3,1.0,0.5,1,1,2.0,2,63.3,79.2,142.5,1,1,1,1
1364,1,1.0,0.5,1,1,1.0,1,69.5,72.5,142.0,1,1,1,1
1365,0,0.0,0.5,0,0,,0,66.7,0.0,66.7,1,1,1,1
1366,1,0.989894,0.5,1,1,1.0,1,60.7,69.4,130.1,1,1,1,1
1367,3,0.989894,0.5,1,1,2.0,2,74.0,73.2,147.2,1,1,1,1
1368,0,0.0,0.5,0,0,,0,62.3,0.0,62.3,1,1,1,1
1369,0,0.0,0.5,0,0,,0,61.9,0.0,61.9,1,1,1,1
1370,2,0.989894,0.5,1,1,2.0,2,60.7,80.0,140.7,1,1,1,1
1371,0,0.0,0.5,0,0,,0,65.1,0.0,65.1,1,1,1,1
1372,1,0.989894,0.5,1,1,1.0,1,62.2,68.7,130.9,1,1,1,1
1373,1,0.989894,0.5,1,1,1.0,1,61.1,76.4,137.5,1,1,1,1
1374,0,0.0,0.5,0,0,,0,65.8,0.0,65.8,1,1,1,1
1375,3,0.989894,0.5,1,1,3.0,3,63.9,70.0,133.9,1,1,1,1
1376,3,0.989894,0.5,1,1,2.0,2,61.8,69.7,131.5,1,1,1,1
1377,1,0.989894,0.5,1,1,1.0,1,74.7,71.9,146.6,1,1,1,1
1378,0,0.0,0.5,0,0,,0,61.6,0.0,61.6,1,1,1,1
1379,2,0.989894,0.5,1,1,2.0,2,61.6,70.4,132.0,1,1,1,1
1380,3,0.989894,0.5,1,1,2.0,2,71.6,72.9,144.5,1,1,1,1
1381,3,1.0,0.5,1,1,2.0,2,62.6,68.2,130.8,1,1,1,1
1382,1,1.0,0.5,1,1,1.0,1,60.2,68.6,128.8,1,1,1,1
1383,2,0.989894,0.5,1,1,3.0,3,61.0,80.6,141.6,1,1,1,1
1384,0,0.0,0.5,0,0,,0,64.4,0.0,64.4,1,1,1,1
1385,2,0.989894,0.5,1,1,3.0,3,61.6,70.9,132.5,1,1,1,1
1386,3,1.0,0.5,1,1,3.0,3,61.5,77.7,139.2,1,1,1,1
1387,0,0.0,0.5,0,0,,0,66.3,0.0,66.3,1,1,1,1
1388,0,0.0,0.5,0,0,,0,61.6,0.0,61.6,1,1,1,1
1389,1,1.0,0.5,1,1,1.0,1,61.2,69.0,130.2,1,1,1,1
1390,0,0.0,0.5,0,0,,0,70.6,0.0,70.6,1,1,1,1
1391,2,0.989894,0.5,1,1,2.0,2,61.7,70.9,132.6,1,1,1,1
1392,0,0.177465,0.5,0,0,,0,60.5,0.0,60.5,1,1,1,1
1393,0,0.0,0.5,0,0,,0,61.7,0.0,61.7,1,1,1,1
1394,1,1.0,0.5,1,1,1.0,1,64.1,70.9,135.0,1,1,1,1
1395,1,1.0,0.5,1,1,1.0,1,60.9,70.8,131.7,1,1,1,1
1396,0,0.177465,0.5,0,0,,0,59.5,0.0,59.5,1,1,1,1
1397,2,0.989894,0.5,1,1,3.0,3,66.8,70.9,137.7,1,1,1,1
1398,2,0.999232,0.5,1,1,3.0,3,60.5,69.4,129.9,1,1,1,1
1399,2,0.989894,0.5,1,1,3.0,3,60.9,68.8,129.7,1,1,1,1
1400,3,0.999232,0.5,1,1,2.0,2,73.0,73.4,146.4,1,1,1,1
1401,0,0.0,0.5,0,0,,0,63.1,0.0,63.1,1,1,1,1
1402,3,0.989894,0.5,1,1,3.0,3,60.2,67.9,128.1,1,1,1,1
1403,2,0.989894,0.5,1,1,3.0,3,69.7,74.5,144.2,1,1,1,1
1404,2,1.0,0.5,1,1,3.0,3,61.3,69.1,130.4,1,1,1,1
1405,3,0.989894,0.5,1,1,2.0,2,61.7,68.7,130.4,1,1,1,1
1406,0,0.0,0.5,0,0,,0,60.9,0.0,60.9,1,1,1,1
1407,2,0.989894,0.5,1,1,2.0,2,65.3,71.1,136.4,1,1,1,1
1408,0,0.0,0.5,0,0,,0,61.8,0.0,61.8,1,1,1,1
1409,0,0.0,0.5,0,0,,0,60.8,0.0,60.8,1,1,1,1
1410,1,0.997497,0.5,1,1,1.0,1,68.8,70.0,138.8,1,1,1,1
1411,2,1.0,0.5,1,1,2.0,2,61.9,68.5,130.4,1,1,1,1
1412,2,0.989894,0.5,1,1,3.0,3,60.7,68.0,128.7,1,1,1,1
1413,0,0.0,0.5,0,0,,0,72.4,0.0,72.4,1,1,1,1
1414,1,0.997497,0.5,1,1,1.0,1,61.4,69.0,130.4,1,1,1,1
1415,2,0.989894,0.5,1,1,2.0,2,60.9,69.7,130.6,1,1,1,1
1416,1,1.0,0.5,1,1,1.0,1,70.8,71.7,142.5,1,1,1,1
1417,2,0.989894,0.5,1,1,3.0,3,63.8,68.0,131.8,1,1,1,1
1418,2,0.989894,0.5,1,1,3.0,3,61.0,70.6,131.6,1,1,1,1
1419,3,0.989894,0.5,1,1,3.0,3,60.0,81.1,141.1,1,1,1,1
1420,1,0.989894,0.5,1,1,1.0,1,64.6,198.5,263.1,1,1,1,1
1421,0,0.0,0.5,0,0,,0,124.7,0.0,124.7,1,1,1,1
1422,3,1.0,0.5,1,1,3.0,3,102.3,105.1,207.4,1,1,1,1
1423,1,0.989894,0.5,1,1,1.0,1,89.6,93.7,183.3,1,1,1,1
1424,2,0.989894,0.5,1,1,3.0,3,91.9,94.1,186.0,1,1,1,1
1425,2,0.989894,0.5,1,1,3.0,3,90.9,131.5,222.4,1,1,1,1
1426,3,0.989894,0.5,1,1,2.0,2,82.5,99.0,181.5,1,1,1,1
1427,2,0.989894,0.5,1,1,2.0,2,82.4,91.0,173.4,1,1,1,1
1428,3,0.989894,0.5,1,1,3.0,3,64.5,110.3,174.8,1,1,1,1
1429,3,0.989894,0.5,1,1,3.0,3,82.0,76.5,158.5,1,1,1,1
1430,3,1.0,0.5,1,1,3.0,3,66.4,76.9,143.3,1,1,1,1
1431,1,1.0,0.5,1,1,1.0,1,68.9,76.2,145.1,1,1,1,1
1432,3,0.989894,0.5,1,1,2.0,2,65.6,73.5,139.1,1,1,1,1
1433,0,0.0,0.5,0,0,,0,64.6,0.0,64.6,1,1,1,1
1434,1,0.997497,0.5,1,1,1.0,1,63.1,72.4,135.5,1,1,1,1
1435,2,0.989894,0.5,1,1,3.0,3,72.4,84.1,156.5,1,1,1,1
1436,3,0.989894,0.5,1,1,2.0,2,68.4,74.0,142.4,1,1,1,1
1437,0,0.0,0.5,0,0,,0,67.1,0.0,67.1,1,1,1,1
1438,0,0.0,0.5,0,0,,0,63.4,0.0,63.4,1,1,1,1
1439,0,0.0,0.5,0,0,,0,64.3,0.0,64.3,1,1,1,1
1440,2,0.989894,0.5,1,1,3.0,3,66.8,72.1,138.9,1,1,1,1
1441,1,0.989894,0.5,1,1,1.0,1,64.9,74.8,139.7,1,1,1,1
1442,1,0.989894,0.5,1,1,1.0,1,73.9,75.4,149.3,1,1,1,1
1443,0,0.0,0.5,0,0,,0,64.9,0.0,64.9,1,1,1,1
1444,3,0.989894,0.5,1,1,3.0,3,62.5,70.8,133.3,1,1,1,1
1445,2,1.0,0.5,1,1,2.0,2,63.3,73.2,136.5,1,1,1,1
1446,1,0.989894,0.5,1,1,1.0,1,63.1,73.4,136.5,1,1,1,1
1447,2,0.989894,0.5,1,1,3.0,3,63.2,73.3,136.5,1,1,1,1
1448,2,0.989894,0.5,1,1,2.0,2,62.2,69.8,132.0,1,1,1,1
1449,1,1.0,0.5,1,1,1.0,1,71.6,76.6,148.2,1,1,1,1
1450,2,0.989894,0.5,1,1,2.0,2,79.0,75.7,154.7,1,1,1,1
1451,3,0.989894,0.5,1,1,3.0,3,64.3,73.5,137.8,1,1,1,1
1452,3,0.989894,0.5,1,1,2.0,2,63.4,71.8,135.2,1,1,1,1
1453,2,0.989894,0.5,1,1,2.0,2,64.2,84.3,148.5,1,1,1,1
1454,0,0.177465,0.5,0,0,,0,66.7,0.0,66.7,1,1,1,1
1455,0,0.0,0.5,0,0,,0,62.0,0.0,62.0,1,1,1,1
1456,2,0.989894,0.5,1,1,2.0,2,114.1,95.5,209.6,1,1,1,1
1457,3,0.999232,0.5,1,1,2.0,2,73.2,75.2,148.4,1,1,1,1
1458,1,1.0,0.5,1,1,1.0,1,63.7,73.2,136.9,1,1,1,1
1459,2,1.0,0.5,1,1,2.0,2,64.2,80.6,144.8,1,1,1,1
1460,2,0.989894,0.5,1,1,2.0,2,69.4,71.5,140.9,1,1,1,1
1461,0,0.0,0.5,0,0,,0,66.1,0.0,66.1,1,1,1,1
1462,1,0.999232,0.5,1,1,1.0,1,62.9,82.1,145.0,1,1,1,1
1463,2,0.999232,0.5,1,1,3.0,3,76.5,76.1,152.6,1,1,1,1
1464,3,0.989894,0.5,1,1,2.0,2,64.7,73.6,138.3,1,1,1,1
1465,1,1.0,0.5,1,1,1.0,1,62.6,69.6,132.2,1,1,1,1
1466,0,0.0,0.5,0,0,,0,71.0,0.0,71.0,1,1,1,1
1467,2,0.989894,0.5,1,1,3.0,3,64.6,72.7,137.3,1,1,1,1
1468,1,1.0,0.5,1,1,1.0,1,62.9,70.8,133.7,1,1,1,1
1469,3,0.989894,0.5,1,1,2.0,2,69.4,79.1,148.5,1,1,1,1
1470,3,0.989894,0.5,1,1,3.0,3,64.9,72.1,137.0,1,1,1,1
1471,0,0.0,0.5,0,0,,0,63.4,0.0,63.4,1,1,1,1
1472,3,0.989894,0.5,1,1,3.0,3,60.6,88.5,149.1,1,1,1,1
1473,2,0.989894,0.5,1,1,3.0,3,66.7,80.7,147.4,1,1,1,1
1474,3,0.999232,0.5,1,1,2.0,2,63.8,70.2,134.0,1,1,1,1
1475,2,0.989894,0.5,1,1,2.0,2,69.6,83.9,153.5,1,1,1,1
1476,2,0.989894,0.5,1,1,2.0,2,76.3,73.9,150.2,1,1,1,1
1477,3,0.989894,0.5,1,1,2.0,2,179.6,155.7,335.3,1,1,1,1
1478,2,0.999232,0.5,1,1,3.0,3,93.3,87.1,180.4,1,1,1,1
1479,3,1.0,0.5,1,1,3.0,3,70.3,78.0,148.3,1,1,1,1
1480,2,0.989894,0.5,1,1,2.0,2,67.5,76.6,144.1,1,1,1,1
1481,2,0.989894,0.5,1,1,2.0,2,70.3,76.4,146.7,1,1,1,1
1482,1,0.997497,0.5,1,1,1.0,1,67.8,95.1,162.9,1,1,1,1
1483,0,0.177465,0.5,0,0,,0,77.6,0.0,77.6,1,1,1,1
1484,3,0.989894,0.5,1,1,2.0,2,70.2,76.9,147.1,1,1,1,1
1485,3,0.989894,0.5,1,1,3.0,3,76.8,83.6,160.4,1,1,1,1
1486,0,0.0,0.5,0,0,,0,86.3,0.0,86.3,1,1,1,1
1487,2,1.0,0.5,1,1,3.0,3,71.5,83.5,155.0,1,1,1,1
1488,3,0.989894,0.5,1,1,3.0,3,73.5,81.4,154.9,1,1,1,1
1489,3,0.989894,0.5,1,1,3.0,3,90.6,88.2,178.8,1,1,1,1
1490,2,0.989894,0.5,1,1,3.0,3,76.2,87.1,163.3,1,1,1,1
1491,2,0.989894,0.5,1,1,3.0,3,78.0,88.0,166.0,1,1,1,1
1492,0,0.177465,0.5,0,0,,0,78.3,0.0,78.3,1,1,1,1
1493,2,0.989894,0.5,1,1,3.0,3,83.7,90.7,174.4,1,1,1,1
1494,2,0.989894,0.5,1,1,2.0,2,79.1,90.5,169.6,1,1,1,1
1495,0,0.0,0.5,0,0,,0,81.1,0.0,81.1,1,1,1,1
1496,0,0.0,0.5,0,0,,0,87.7,0.0,87.7,1,1,1,1
1497,3,1.0,0.5,1,1,3.0,3,84.0,92.1,176.1,1,1,1,1
1498,2,0.989894,0.5,1,1,2.0,2,82.6,92.5,175.1,1,1,1,1
1499,2,1.0,0.5,1,1,3.0,3,92.7,94.9,187.6,1,1,1,1
1500,2,1.0,0.5,1,1,3.0,3,80.0,88.1,168.1,1,1,1,1
1501,3,0.989894,0.5,1,1,3.0,3,77.1,84.2,161.3,1,1,1,1
1502,0,0.0,0.5,0,0,,0,88.3,0.0,88.3,1,1,1,1
1503,3,1.0,0.5,1,1,2.0,2,75.4,83.6,159.0,1,1,1,1
1504,0,0.0,0.5,0,0,,0,75.0,0.0,75.0,1,1,1,1
1505,2,0.989894,0.5,1,1,3.0,3,69.9,92.2,162.1,1,1,1,1
1506,0,0.177465,0.5,0,0,,0,75.6,0.0,75.6,1,1,1,1
1507,0,0.0,0.5,0,0,,0,118.1,0.0,118.1,1,1,1,1
1508,3,0.989894,0.5,1,1,3.0,3,90.2,86.4,176.6,1,1,1,1
1509,1,1.0,0.5,1,1,1.0,1,85.3,89.1,174.4,1,1,1,1
1510,2,1.0,0.5,1,1,2.0,2,72.8,77.9,150.7,1,1,1,1
1511,3,0.989894,0.5,1,1,3.0,3,86.2,82.5,168.7,1,1,1,1
1512,1,1.0,0.5,1,1,1.0,1,72.2,84.1,156.3,1,1,1,1
1513,1,1.0,0.5,1,1,1.0,1,73.4,83.2,156.6,1,1,1,1
1514,0,0.0,0.5,0,0,,0,112.8,0.0,112.8,1,1,1,1
1515,1,0.999232,0.5,1,1,1.0,1,121.3,124.0,245.3,1,1,1,1
1516,1,0.999232,0.5,1,1,1.0,1,99.0,109.4,208.4,1,1,1,1
1517,0,0.0,0.5,0,0,,0,114.8,0.0,114.8,1,1,1,1
1518,0,0.0,0.5,0,0,,0,93.3,0.0,93.3,1,1,1,1
1519,0,0.0,0.5,0,0,,0,91.7,0.0,91.7,1,1,1,1
1520,1,1.0,0.5,1,1,1.0,1,262.4,547.9,810.3,1,1,1,1
1521,0,0.0,0.5,0,0,,0,225.4,0.0,225.4,1,1,1,1
1522,2,0.989894,0.5,1,1,3.0,3,116.3,96.9,213.2,1,1,1,1
1523,0,0.0,0.5,0,0,,0,83.9,0.0,83.9,1,1,1,1
1524,2,0.989894,0.5,1,1,3.0,3,75.8,82.9,158.7,1,1,1,1
1525,1,1.0,0.5,1,1,1.0,1,74.2,82.3,156.5,1,1,1,1
1526,2,0.989894,0.5,1,1,2.0,2,72.3,81.9,154.2,1,1,1,1
1527,0,0.0,0.5,0,0,,0,73.9,0.0,73.9,1,1,1,1
1528,2,0.999232,0.5,1,1,3.0,3,73.7,82.8,156.5,1,1,1,1
1529,1,0.989894,0.5,1,1,2.0,2,76.3,85.2,161.5,1,1,1,1
1530,2,0.989894,0.5,1,1,2.0,2,73.0,86.0,159.0,1,1,1,1
1531,2,0.989894,0.5,1,1,2.0,2,74.8,88.3,163.1,1,1,1,1
1532,2,0.989894,0.5,1,1,3.0,3,76.0,88.9,164.9,1,1,1,1
1533,1,0.997497,0.5,1,1,1.0,1,78.4,89.1,167.5,1,1,1,1
1534,3,0.999232,0.5,1,1,2.0,2,79.8,90.3,170.1,1,1,1,1
1535,2,0.989894,0.5,1,1,2.0,2,77.6,91.7,169.3,1,1,1,1
1536,1,0.997497,0.5,1,1,1.0,1,78.7,89.5,168.2,1,1,1,1
1537,1,1.0,0.5,1,1,1.0,1,79.7,89.8,169.5,1,1,1,1
1538,2,0.989894,0.5,1,1,2.0,2,76.0,86.9,162.9,1,1,1,1
1539,2,0.989894,0.5,1,1,2.0,2,76.1,84.1,160.2,1,1,1,1
1540,2,0.989894,0.5,1,1,3.0,3,73.9,85.9,159.8,1,1,1,1
1541,0,0.0,0.5,0,0,,0,72.0,0.0,72.0,1,1,1,1
1542,3,0.989894,0.5,1,1,2.0,2,70.0,77.4,147.4,1,1,1,1
1543,0,0.0,0.5,0,0,,0,69.6,0.0,69.6,1,1,1,1
1544,0,0.0,0.5,0,0,,0,79.8,0.0,79.8,1,1,1,1
1545,0,0.0,0.5,0,0,,0,69.6,0.0,69.6,1,1,1,1
1546,3,0.989894,0.5,1,1,2.0,2,69.3,74.5,143.8,1,1,1,1
1547,0,0.0,0.5,0,0,,0,85.2,0.0,85.2,1,1,1,1
1548,0,0.0,0.5,0,0,,0,66.1,0.0,66.1,1,1,1,1
1549,2,1.0,0.5,1,1,3.0,3,64.1,74.2,138.3,1,1,1,1
1550,0,0.989894,0.5,1,1,0.0,0,76.9,76.3,153.2,1,1,1,1
1551,0,0.0,0.5,0,0,,0,63.2,0.0,63.2,1,1,1,1
1552,0,0.0,0.5,0,0,,0,61.1,0.0,61.1,1,1,1,1
1553,3,0.999232,0.5,1,1,2.0,2,62.6,81.8,144.4,1,1,1,1
1554,3,0.989894,0.5,1,1,3.0,3,66.1,69.6,135.7,1,1,1,1
1555,1,0.997497,0.5,1,1,1.0,1,59.7,68.7,128.4,1,1,1,1
1556,2,0.989894,0.5,1,1,3.0,3,59.8,76.6,136.4,1,1,1,1
1557,1,0.999232,0.5,1,1,1.0,1,66.8,73.8,140.6,1,1,1,1
1558,2,1.0,0.5,1,1,3.0,3,62.9,68.4,131.3,1,1,1,1
1559,3,0.989894,0.5,1,1,2.0,2,61.2,70.0,131.2,1,1,1,1
1560,1,0.989894,0.5,1,1,1.0,1,73.0,70.1,143.1,1,1,1,1
1561,0,0.0,0.5,0,0,,0,62.3,0.0,62.3,1,1,1,1
1562,0,0.177465,0.5,0,0,,0,61.1,0.0,61.1,1,1,1,1
1563,3,0.989894,0.5,1,1,3.0,3,61.1,80.5,141.6,1,1,1,1
1564,2,0.989894,0.5,1,1,2.0,2,62.9,69.3,132.2,1,1,1,1
1565,1,0.997497,0.5,1,1,1.0,1,60.9,69.6,130.5,1,1,1,1
1566,2,0.989894,0.5,1,1,3.0,3,61.1,75.5,136.6,1,1,1,1
1567,3,0.989894,0.5,1,1,3.0,3,66.6,71.7,138.3,1,1,1,1
1568,1,0.999232,0.5,1,1,1.0,1,61.2,69.8,131.0,1,1,1,1
1569,3,0.999232,0.5,1,1,3.0,3,62.4,69.1,131.5,1,1,1,1
1570,2,0.989894,0.5,1,1,2.0,2,72.7,69.8,142.5,1,1,1,1
1571,1,0.997497,0.5,1,1,1.0,1,61.5,70.9,132.4,1,1,1,1
1572,2,0.989894,0.5,1,1,3.0,3,61.2,69.1,130.3,1,1,1,1
1573,2,1.0,0.5,1,1,2.0,2,69.8,74.0,143.8,1,1,1,1
1574,0,0.0,0.5,0,0,,0,63.4,0.0,63.4,1,1,1,1
1575,2,0.989894,0.5,1,1,2.0,2,60.1,69.6,129.7,1,1,1,1
1576,2,0.989894,0.5,1,1,3.0,3,61.1,79.4,140.5,1,1,1,1
1577,3,1.0,0.5,1,1,3.0,3,64.7,70.4,135.1,1,1,1,1
1578,1,0.989894,0.5,1,1,1.0,1,60.4,70.2,130.6,1,1,1,1
1579,1,1.0,0.5,1,1,1.0,1,59.7,68.4,128.1,1,1,1,1
1580,1,1.0,0.5,1,1,1.0,1,71.3,71.2,142.5,1,1,1,1
1581,3,0.989894,0.5,1,1,2.0,2,62.4,70.7,133.1,1,1,1,1
1582,2,0.997497,0.5,1,1,2.0,2,60.2,68.5,128.7,1,1,1,1
1583,0,0.0,0.5,0,0,,0,69.8,0.0,69.8,1,1,1,1
1584,3,0.999232,0.5,1,1,2.0,2,62.3,70.1,132.4,1,1,1,1
1585,2,0.989894,0.5,1,1,2.0,2,62.2,67.4,129.6,1,1,1,1
1586,3,0.989894,0.5,1,1,3.0,3,59.9,79.9,139.8,1,1,1,1
1587,0,0.0,0.5,0,0,,0,64.4,0.0,64.4,1,1,1,1
1588,1,0.999232,0.5,1,1,1.0,1,59.5,68.4,127.9,1,1,1,1
1589,1,1.0,0.5,1,1,1.0,1,61.2,73.8,135.0,1,1,1,1
1590,0,0.0,0.5,0,0,,0,66.6,0.0,66.6,1,1,1,1
1591,0,0.0,0.5,0,0,,0,61.7,0.0,61.7,1,1,1,1
1592,0,0.0,0.5,0,0,,0,61.9,0.0,61.9,1,1,1,1
1593,3,0.989894,0.5,1,1,3.0,3,73.7,71.6,145.3,1,1,1,1
1594,3,0.989894,0.5,1,1,2.0,2,61.1,68.6,129.7,1,1,1,1
1595,3,0.989894,0.5,1,1,3.0,3,61.3,68.3,129.6,1,1,1,1
1596,1,1.0,0.5,1,1,1.0,1,59.9,79.6,139.5,1,1,1,1
1597,0,0.0,0.5,0,0,,0,73.8,0.0,73.8,1,1,1,1
1598,3,0.999232,0.5,1,1,2.0,2,66.9,71.4,138.3,1,1,1,1
1599,0,0.0,0.5,0,0,,0,69.0,0.0,69.0,1,1,1,1
1600,0,0.0,0.5,0,0,,0,68.5,0.0,68.5,1,1,1,1
1601,3,0.989894,0.5,1,1,3.0,3,70.7,71.9,142.6,1,1,1,1
1602,3,1.0,0.5,1,1,2.0,2,65.1,89.2,154.3,1,1,1,1
1603,1,0.989894,0.5,1,1,1.0,1,65.2,71.9,137.1,1,1,1,1
1604,3,0.989894,0.5,1,1,3.0,3,60.4,69.7,130.1,1,1,1,1
1605,2,0.989894,0.5,1,1,3.0,3,62.0,79.6,141.6,1,1,1,1
1606,2,0.989894,0.5,1,1,2.0,2,65.2,71.2,136.4,1,1,1,1
1607,1,0.997497,0.5,1,1,1.0,1,61.9,70.7,132.6,1,1,1,1
1608,1,1.0,0.5,1,1,1.0,1,60.1,69.7,129.8,1,1,1,1
1609,0,0.0,0.5,0,0,,0,74.1,0.0,74.1,1,1,1,1
1610,2,0.989894,0.5,1,1,3.0,3,62.9,68.4,131.3,1,1,1,1
1611,2,0.997497,0.5,1,1,2.0,2,60.5,69.8,130.3,1,1,1,1
1612,0,0.0,0.5,0,0,,0,76.7,0.0,76.7,1,1,1,1
1613,2,0.989894,0.5,1,1,2.0,2,73.2,71.0,144.2,1,1,1,1
1614,2,0.989894,0.5,1,1,3.0,3,62.2,68.5,130.7,1,1,1,1
1615,2,0.989894,0.5,1,1,3.0,3,60.0,81.9,141.9,1,1,1,1
1616,3,0.989894,0.5,1,1,3.0,3,63.1,69.2,132.3,1,1,1,1
1617,2,1.0,0.5,1,1,3.0,3,62.6,70.4,133.0,1,1,1,1
1618,3,1.0,0.5,1,1,3.0,3,60.8,79.1,139.9,1,1,1,1
1619,2,0.999232,0.5,1,1,3.0,3,65.5,70.4,135.9,1,1,1,1
1620,0,0.0,0.5,0,0,,0,60.1,0.0,60.1,1,1,1,1
1621,3,0.989894,0.5,1,1,2.0,2,62.4,69.5,131.9,1,1,1,1
1622,2,0.989894,0.5,1,1,2.0,2,73.2,71.6,144.8,1,1,1,1
1623,2,0.989894,0.5,1,1,3.0,3,63.5,69.8,133.3,1,1,1,1
1624,3,0.989894,0.5,1,1,2.0,2,62.3,68.3,130.6,1,1,1,1
1625,2,0.989894,0.5,1,1,2.0,2,70.7,369.0,439.7,1,1,1,1
1626,0,0.0,0.5,0,0,,0,186.4,0.0,186.4,1,1,1,1
1627,0,0.177465,0.5,0,0,,0,181.7,0.0,181.7,1,1,1,1
1628,0,0.0,0.5,0,0,,0,86.8,0.0,86.8,1,1,1,1
1629,3,0.989894,0.5,1,1,2.0,2,76.4,83.3,159.7,1,1,1,1
1630,0,0.0,0.5,0,0,,0,71.7,0.0,71.7,1,1,1,1
1631,0,0.0,0.5,0,0,,0,69.9,0.0,69.9,1,1,1,1
1632,0,0.0,0.5,0,0,,0,69.6,0.0,69.6,1,1,1,1
1633,0,0.0,0.5,0,0,,0,87.4,0.0,87.4,1,1,1,1
1634,0,0.0,0.5,0,0,,0,66.2,0.0,66.2,1,1,1,1
1635,0,0.0,0.5,0,0,,0,67.4,0.0,67.4,1,1,1,1
1636,1,0.997497,0.5,1,1,1.0,1,69.1,75.7,144.8,1,1,1,1
1637,0,0.0,0.5,0,0,,0,67.4,0.0,67.4,1,1,1,1
1638,0,0.0,0.5,0,0,,0,66.0,0.0,66.0,1,1,1,1
1639,1,1.0,0.5,1,1,1.0,1,67.4,77.7,145.1,1,1,1,1
1640,0,0.419355,0.5,0,0,,0,65.8,0.0,65.8,1,1,1,1
1641,0,0.0,0.5,0,0,,0,66.1,0.0,66.1,1,1,1,1
1642,0,0.0,0.5,0,0,,0,63.7,0.0,63.7,1,1,1,1
1643,1,1.0,0.5,1,1,1.0,1,65.7,73.5,139.2,1,1,1,1
1644,3,0.989894,0.5,1,1,1.0,1,64.0,72.9,136.9,1,1,1,1
1645,2,0.989894,0.5,1,1,3.0,3,65.3,74.9,140.2,1,1,1,1
1646,1,0.989894,0.5,1,1,2.0,2,63.3,73.1,136.4,1,1,1,1
1647,1,0.997497,0.5,1,1,1.0,1,63.9,73.8,137.7,1,1,1,1
1648,3,0.989894,0.5,1,1,3.0,3,62.6,71.9,134.5,1,1,1,1
1649,0,0.0,0.5,0,0,,0,66.0,0.0,66.0,1,1,1,1
1650,3,0.999232,0.5,1,1,3.0,3,72.5,74.3,146.8,1,1,1,1
1651,2,0.989894,0.5,1,1,2.0,2,64.8,73.6,138.4,1,1,1,1
1652,2,0.997497,0.5,1,1,2.0,2,63.2,72.4,135.6,1,1,1,1
1653,0,0.0,0.5,0,0,,0,65.4,0.0,65.4,1,1,1,1
1654,2,0.989894,0.5,1,1,3.0,3,61.9,71.2,133.1,1,1,1,1
1655,2,0.989894,0.5,1,1,2.0,2,63.8,74.3,138.1,1,1,1,1
1656,0,0.0,0.5,0,0,,0,63.2,0.0,63.2,1,1,1,1
1657,0,0.0,0.5,0,0,,0,82.6,0.0,82.6,1,1,1,1
1658,0,0.0,0.5,0,0,,0,62.5,0.0,62.5,1,1,1,1
1659,2,0.989894,0.5,1,1,2.0,2,61.9,69.1,131.0,1,1,1,1
1660,0,0.0,0.5,0,0,,0,75.5,0.0,75.5,1,1,1,1
1661,3,0.989894,0.5,1,1,3.0,3,65.3,71.8,137.1,1,1,1,1
1662,0,0.0,0.5,0,0,,0,61.8,0.0,61.8,1,1,1,1
1663,2,0.989894,0.5,1,1,2.0,2,61.4,84.8,146.2,1,1,1,1
1664,3,0.989894,0.5,1,1,3.0,3,67.3,73.0,140.3,1,1,1,1
1665,0,0.0,0.5,0,0,,0,62.5,0.0,62.5,1,1,1,1
1666,1,1.0,0.5,1,1,1.0,1,62.9,76.4,139.3,1,1,1,1
1667,2,0.989894,0.5,1,1,3.0,3,67.2,72.5,139.7,1,1,1,1
1668,0,0.0,0.5,0,0,,0,61.8,0.0,61.8,1,1,1,1
1669,0,0.0,0.5,0,0,,0,62.9,0.0,62.9,1,1,1,1
1670,0,0.177465,0.5,0,0,,0,73.0,0.0,73.0,1,1,1,1
1671,0,0.0,0.5,0,0,,0,64.8,0.0,64.8,1,1,1,1
1672,0,0.0,0.5,0,0,,0,62.2,0.0,62.2,1,1,1,1
1673,0,0.0,0.5,0,0,,0,63.9,0.0,63.9,1,1,1,1
1674,0,0.0,0.5,0,0,,0,65.3,0.0,65.3,1,1,1,1
1675,1,1.0,0.5,1,1,1.0,1,62.9,71.7,134.6,1,1,1,1
1676,0,0.0,0.5,0,0,,0,61.8,0.0,61.8,1,1,1,1
1677,2,0.989894,0.5,1,1,3.0,3,68.4,71.8,140.2,1,1,1,1
1678,3,0.989894,0.5,1,1,3.0,3,62.3,70.8,133.1,1,1,1,1
1679,2,0.989894,0.5,1,1,3.0,3,63.0,72.5,135.5,1,1,1,1
1680,3,0.989894,0.5,1,1,3.0,3,73.3,75.0,148.3,1,1,1,1
1681,1,0.989894,0.5,1,1,1.0,1,61.7,71.4,133.1,1,1,1,1
1682,1,1.0,0.5,1,1,1.0,1,60.2,69.6,129.8,1,1,1,1
1683,2,0.989894,0.5,1,1,3.0,3,66.1,75.3,141.4,1,1,1,1
1684,0,0.0,0.5,0,0,,0,64.1,0.0,64.1,1,1,1,1
1685,1,0.997497,0.5,1,1,1.0,1,61.8,69.5,131.3,1,1,1,1
1686,3,0.989894,0.5,1,1,2.0,2,62.0,79.1,141.1,1,1,1,1
1687,1,0.997497,0.5,1,1,1.0,1,66.4,70.2,136.6,1,1,1,1
1688,3,0.989894,0.5,1,1,2.0,2,61.9,68.3,130.2,1,1,1,1
1689,3,0.989894,0.5,1,1,3.0,3,61.8,69.6,131.4,1,1,1,1
1690,0,0.0,0.5,0,0,,0,71.3,0.0,71.3,1,1,1,1
1691,0,0.989894,0.5,1,1,0.0,0,61.3,71.2,132.5,1,1,1,1
1692,0,0.0,0.5,0,0,,0,59.3,0.0,59.3,1,1,1,1
1693,1,0.999232,0.5,1,1,1.0,1,71.7,73.1,144.8,1,1,1,1
1694,2,0.999232,0.5,1,1,3.0,3,61.6,69.4,131.0,1,1,1,1
1695,0,0.177465,0.5,0,0,,0,60.3,0.0,60.3,1,1,1,1
1696,3,1.0,0.5,1,1,2.0,2,60.0,78.6,138.6,1,1,1,1
1697,0,0.0,0.5,0,0,,0,64.2,0.0,64.2,1,1,1,1
1698,0,0.0,0.5,0,0,,0,79.2,0.0,79.2,1,1,1,1
1699,1,1.0,0.5,1,1,1.0,1,66.5,86.3,152.8,1,1,1,1
1700,0,0.0,0.5,0,0,,0,66.5,0.0,66.5,1,1,1,1
1701,3,0.989894,0.5,1,1,2.0,2,62.7,71.0,133.7,1,1,1,1
1702,2,0.989894,0.5,1,1,2.0,2,60.7,77.0,137.7,1,1,1,1
1703,0,0.0,0.5,0,0,,0,66.7,0.0,66.7,1,1,1,1
1704,2,0.989894,0.5,1,1,3.0,3,60.8,68.1,128.9,1,1,1,1
1705,0,0.0,0.5,0,0,,0,62.8,0.0,62.8,1,1,1,1
1706,3,1.0,0.5,1,1,3.0,3,73.1,73.0,146.1,1,1,1,1
1707,3,0.989894,0.5,1,1,3.0,3,62.1,70.5,132.6,1,1,1,1
1708,2,0.999232,0.5,1,1,3.0,3,61.2,67.2,128.4,1,1,1,1
1709,2,0.989894,0.5,1,1,2.0,2,61.8,80.3,142.1,1,1,1,1
1710,0,0.0,0.5,0,0,,0,63.3,0.0,63.3,1,1,1,1
1711,1,1.0,0.5,1,1,1.0,1,60.2,69.8,130.0,1,1,1,1
1712,2,0.999232,0.5,1,1,3.0,3,61.2,76.7,137.9,1,1,1,1
1713,1,0.177465,0.5,0,0,,0,66.9,0.0,66.9,1,1,1,1
1714,3,0.989894,0.5,1,1,2.0,2,61.7,68.5,130.2,1,1,1,1
1715,2,0.989894,0.5,1,1,2.0,2,60.9,69.8,130.7,1,1,1,1
1716,2,0.989894,0.5,1,1,2.0,2,72.1,72.9,145.0,1,1,1,1
1717,3,1.0,0.5,1,1,2.0,2,63.0,70.5,133.5,1,1,1,1
1718,2,0.989894,0.5,1,1,3.0,3,60.3,68.2,128.5,1,1,1,1
1719,0,0.989894,0.5,1,1,0.0,0,69.7,74.4,144.1,1,1,1,1
1720,0,0.0,0.5,0,0,,0,63.1,0.0,63.1,1,1,1,1
1721,1,0.999232,0.5,1,1,1.0,1,62.1,69.5,131.6,1,1,1,1
1722,2,0.989894,0.5,1,1,3.0,3,60.3,81.6,141.9,1,1,1,1
1723,0,0.0,0.5,0,0,,0,64.1,0.0,64.1,1,1,1,1
1724,0,0.0,0.5,0,0,,0,60.9,0.0,60.9,1,1,1,1
1725,0,0.0,0.5,0,0,,0,61.0,0.0,61.0,1,1,1,1
1726,2,0.989894,0.5,1,1,3.0,3,66.2,71.4,137.6,1,1,1,1
1727,0,0.0,0.5,0,0,,0,62.9,0.0,62.9,1,1,1,1
1728,2,0.989894,0.5,1,1,2.0,2,60.6,66.8,127.4,1,1,1,1
1729,0,0.0,0.5,0,0,,0,71.0,0.0,71.0,1,1,1,1
1730,2,0.989894,0.5,1,1,2.0,2,61.2,69.3,130.5,1,1,1,1
1731,0,0.0,0.5,0,0,,0,61.4,0.0,61.4,1,1,1,1
1732,2,0.989894,0.5,1,1,2.0,2,60.4,78.3,138.7,1,1,1,1
1733,1,0.989894,0.5,1,1,1.0,1,64.8,71.3,136.1,1,1,1,1
1734,2,0.989894,0.5,1,1,3.0,3,62.1,68.8,130.9,1,1,1,1
1735,1,1.0,0.5,1,1,1.0,1,61.5,76.8,138.3,1,1,1,1
1736,3,0.989894,0.5,1,1,2.0,2,66.0,69.7,135.7,1,1,1,1
1737,2,0.989894,0.5,1,1,2.0,2,70.8,81.6,152.4,1,1,1,1
1738,2,0.989894,0.5,1,1,3.0,3,64.0,241.5,305.5,1,1,1,1
1739,1,0.989894,0.5,1,1,2.0,2,452.5,204.8,657.3,1,1,1,1
1740,3,1.0,0.5,1,1,3.0,3,129.3,103.8,233.1,1,1,1,1
1741,0,0.0,0.5,0,0,,0,89.7,0.0,89.7,1,1,1,1
1742,2,0.989894,0.5,1,1,2.0,2,74.9,84.4,159.3,1,1,1,1
1743,0,0.177465,0.5,0,0,,0,73.1,0.0,73.1,1,1,1,1
1744,2,0.989894,0.5,1,1,3.0,3,74.3,97.8,172.1,1,1,1,1
1745,3,0.989894,0.5,1,1,3.0,3,80.7,81.3,162.0,1,1,1,1
1746,2,0.989894,0.5,1,1,2.0,2,70.7,78.0,148.7,1,1,1,1
1747,1,0.989894,0.5,1,1,1.0,1,69.3,78.3,147.6,1,1,1,1
1748,0,0.419355,0.5,0,0,,0,69.9,0.0,69.9,1,1,1,1
1749,2,0.989894,0.5,1,1,2.0,2,69.1,77.7,146.8,1,1,1,1
1750,0,0.989894,0.5,1,1,0.0,0,68.4,77.8,146.2,1,1,1,1
1751,0,0.0,0.5,0,0,,0,77.7,0.0,77.7,1,1,1,1
1752,0,0.0,0.5,0,0,,0,68.9,0.0,68.9,1,1,1,1
1753,3,0.989894,0.5,1,1,2.0,2,68.9,73.8,142.7,1,1,1,1
1754,0,0.0,0.5,0,0,,0,67.3,0.0,67.3,1,1,1,1
1755,0,0.0,0.5,0,0,,0,67.3,0.0,67.3,1,1,1,1
1756,2,1.0,0.5,1,1,2.0,2,65.2,75.8,141.0,1,1,1,1
1757,0,0.177465,0.5,0,0,,0,66.1,0.0,66.1,1,1,1,1
1758,1,1.0,0.5,1,1,1.0,1,71.4,79.5,150.9,1,1,1,1
1759,3,0.989894,0.5,1,1,2.0,2,64.7,75.4,140.1,1,1,1,1
1760,2,0.989894,0.5,1,1,2.0,2,67.1,75.6,142.7,1,1,1,1
1761,1,0.999232,0.5,1,1,1.0,1,66.1,75.0,141.1,1,1,1,1
1762,3,0.989894,0.5,1,1,2.0,2,65.5,71.7,137.2,1,1,1,1
1763,3,0.989894,0.5,1,1,3.0,3,64.0,74.5,138.5,1,1,1,1
1764,2,0.989894,0.5,1,1,2.0,2,62.4,86.3,148.7,1,1,1,1
1765,2,0.989894,0.5,1,1,2.0,2,71.0,76.1,147.1,1,1,1,1
1766,3,0.989894,0.5,1,1,2.0,2,67.5,75.5,143.0,1,1,1,1
1767,1,1.0,0.5,1,1,1.0,1,67.9,77.6,145.5,1,1,1,1
1768,3,0.989894,0.5,1,1,2.0,2,67.5,93.2,160.7,1,1,1,1
1769,1,1.0,0.5,1,1,1.0,1,75.4,82.3,157.7,1,1,1,1
1770,3,0.989894,0.5,1,1,2.0,2,70.1,77.8,147.9,1,1,1,1
1771,1,0.989894,0.5,1,1,1.0,1,82.9,96.1,179.0,1,1,1,1
1772,0,0.0,0.5,0,0,,0,83.4,0.0,83.4,1,1,1,1
1773,0,0.0,0.5,0,0,,0,76.9,0.0,76.9,1,1,1,1
1774,1,0.997497,0.5,1,1,1.0,1,75.0,84.1,159.1,1,1,1,1
1775,2,1.0,0.5,1,1,3.0,3,90.6,92.2,182.8,1,1,1,1
1776,2,0.989894,0.5,1,1,2.0,2,79.5,96.0,175.5,1,1,1,1
1777,0,0.0,0.5,0,0,,0,87.5,0.0,87.5,1,1,1,1
1778,0,0.0,0.5,0,0,,0,95.5,0.0,95.5,1,1,1,1
1779,1,0.989894,0.5,1,1,1.0,1,83.9,94.6,178.5,1,1,1,1
1780,2,0.989894,0.5,1,1,2.0,2,80.4,92.1,172.5,1,1,1,1
1781,1,1.0,0.5,1,1,1.0,1,82.2,113.7,195.9,1,1,1,1
1782,2,0.989894,0.5,1,1,2.0,2,98.1,105.6,203.7,1,1,1,1
1783,0,0.0,0.5,0,0,,0,89.6,0.0,89.6,1,1,1,1
1784,1,0.989894,0.5,1,1,1.0,1,87.8,111.4,199.2,1,1,1,1
1785,2,0.989894,0.5,1,1,2.0,2,94.3,98.5,192.8,1,1,1,1
1786,1,1.0,0.5,1,1,1.0,1,88.6,102.7,191.3,1,1,1,1
1787,0,0.177465,0.5,0,0,,0,322.7,0.0,322.7,1,1,1,1
1788,0,0.0,0.5,0,0,,0,119.0,0.0,119.0,1,1,1,1
1789,3,0.989894,0.5,1,1,3.0,3,102.3,130.1,232.4,1,1,1,1
1790,2,0.999232,0.5,1,1,3.0,3,111.0,118.9,229.9,1,1,1,1
1791,2,0.989894,0.5,1,1,3.0,3,116.4,149.7,266.1,1,1,1,1
1792,1,0.989894,0.5,1,1,1.0,1,105.5,153.1,258.6,1,1,1,1
1793,2,0.989894,0.5,1,1,2.0,2,151.7,134.6,286.3,1,1,1,1
1794,3,1.0,0.5,1,1,2.0,2,112.4,126.0,238.4,1,1,1,1
1795,0,0.0,0.5,0,0,,0,112.6,0.0,112.6,1,1,1,1
1796,0,0.0,0.5,0,0,,0,121.3,0.0,121.3,1,1,1,1
1797,2,0.997497,0.5,1,1,2.0,2,118.6,138.2,256.8,1,1,1,1
1798,0,0.0,0.5,0,0,,0,115.7,0.0,115.7,1,1,1,1
1799,0,0.0,0.5,0,0,,0,135.4,0.0,135.4,1,1,1,1
1800,0,0.0,0.5,0,0,,0,124.6,0.0,124.6,1,1,1,1
1801,1,0.989894,0.5,1,1,1.0,1,118.7,132.4,251.1,1,1,1,1
1802,1,0.989894,0.5,1,1,1.0,1,136.1,129.5,265.6,1,1,1,1
1803,1,0.999232,0.5,1,1,1.0,1,113.9,128.5,242.4,1,1,1,1
1804,3,0.989894,0.5,1,1,2.0,2,111.3,125.3,236.6,1,1,1,1
1805,3,0.989894,0.5,1,1,3.0,3,119.4,128.6,248.0,1,1,1,1
1806,0,0.0,0.5,0,0,,0,104.7,0.0,104.7,1,1,1,1
1807,0,0.0,0.5,0,0,,0,104.1,0.0,104.1,1,1,1,1
1808,0,0.989894,0.5,1,1,0.0,0,99.2,127.6,226.8,1,1,1,1
1809,2,0.989894,0.5,1,1,2.0,2,104.8,110.0,214.8,1,1,1,1
1810,2,0.989894,0.5,1,1,3.0,3,93.9,105.5,199.4,1,1,1,1
1811,3,1.0,0.5,1,1,3.0,3,297.1,162.3,459.4,1,1,1,1
1812,1,0.989894,0.5,1,1,1.0,1,118.8,121.8,240.6,1,1,1,1
1813,1,1.0,0.5,1,1,1.0,1,108.2,117.0,225.2,1,1,1,1
1814,3,0.989894,0.5,1,1,3.0,3,98.5,110.1,208.6,1,1,1,1
1815,3,0.989894,0.5,1,1,3.0,3,99.5,176.7,276.2,1,1,1,1
1816,1,1.0,0.5,1,1,1.0,1,341.8,328.1,669.9,1,1,1,1
1817,2,0.989894,0.5,1,1,2.0,2,340.6,360.3,700.9,1,1,1,1
1818,0,0.0,0.5,0,0,,0,141.7,0.0,141.7,1,1,1,1
1819,1,1.0,0.5,1,1,1.0,1,180.5,301.9,482.4,1,1,1,1
1820,3,0.989894,0.5,1,1,3.0,3,172.2,147.2,319.4,1,1,1,1
1821,2,0.989894,0.5,1,1,3.0,3,125.1,148.9,274.0,1,1,1,1
1822,1,1.0,0.5,1,1,1.0,1,119.4,122.6,242.0,1,1,1,1
1823,1,1.0,0.5,1,1,1.0,1,107.4,117.3,224.7,1,1,1,1
1824,0,0.0,0.5,0,0,,0,99.9,0.0,99.9,1,1,1,1
1825,3,0.989894,0.5,1,1,3.0,3,116.2,113.7,229.9,1,1,1,1
1826,3,0.989894,0.5,1,1,3.0,3,96.4,109.0,205.4,1,1,1,1
1827,3,0.989894,0.5,1,1,2.0,2,104.5,109.0,213.5,1,1,1,1
1828,2,0.989894,0.5,1,1,2.0,2,110.1,107.2,217.3,1,1,1,1
1829,0,0.0,0.5,0,0,,0,90.8,0.0,90.8,1,1,1,1
1830,3,0.989894,0.5,1,1,2.0,2,83.3,95.1,178.4,1,1,1,1
1831,1,0.999232,0.5,1,1,1.0,1,90.3,100.5,190.8,1,1,1,1
1832,0,0.0,0.5,0,0,,0,85.4,0.0,85.4,1,1,1,1
1833,3,1.0,0.5,1,1,3.0,3,85.8,90.3,176.1,1,1,1,1
1834,0,0.0,0.5,0,0,,0,81.4,0.0,81.4,1,1,1,1
1835,2,0.989894,0.5,1,1,2.0,2,82.8,86.6,169.4,1,1,1,1
1836,1,0.997497,0.5,1,1,1.0,1,75.0,83.0,158.0,1,1,1,1
1837,2,0.989894,0.5,1,1,3.0,3,74.7,92.4,167.1,1,1,1,1
1838,3,0.989894,0.5,1,1,3.0,3,78.9,83.6,162.5,1,1,1,1
1839,0,0.0,0.5,0,0,,0,72.6,0.0,72.6,1,1,1,1
1840,3,0.989894,0.5,1,1,2.0,2,71.1,77.8,148.9,1,1,1,1
1841,2,0.989894,0.5,1,1,3.0,3,80.7,79.8,160.5,1,1,1,1
1842,2,0.989894,0.5,1,1,3.0,3,70.4,72.8,143.2,1,1,1,1
1843,1,1.0,0.5,1,1,1.0,1,66.3,77.4,143.7,1,1,1,1
1844,3,0.989894,0.5,1,1,3.0,3,66.4,87.8,154.2,1,1,1,1
1845,0,0.177465,0.5,0,0,,0,69.4,0.0,69.4,1,1,1,1
1846,3,0.989894,0.5,1,1,2.0,2,61.0,71.2,132.2,1,1,1,1
1847,3,0.989894,0.5,1,1,3.0,3,61.0,78.5,139.5,1,1,1,1
1848,0,0.0,0.5,0,0,,0,65.7,0.0,65.7,1,1,1,1
1849,2,0.989894,0.5,1,1,3.0,3,62.7,68.2,130.9,1,1,1,1
1850,2,0.989894,0.5,1,1,2.0,2,61.0,68.7,129.7,1,1,1,1
1851,0,0.0,0.5,0,0,,0,71.8,0.0,71.8,1,1,1,1
1852,3,0.989894,0.5,1,1,3.0,3,61.0,68.4,129.4,1,1,1,1
1853,2,0.989894,0.5,1,1,2.0,2,62.4,68.2,130.6,1,1,1,1
1854,1,1.0,0.5,1,1,1.0,1,68.0,73.1,141.1,1,1,1,1
1855,0,0.0,0.5,0,0,,0,63.9,0.0,63.9,1,1,1,1
1856,2,0.989894,0.5,1,1,2.0,2,62.1,68.5,130.6,1,1,1,1
1857,0,0.0,0.5,0,0,,0,95.8,0.0,95.8,1,1,1,1
1858,2,0.989894,0.5,1,1,2.0,2,67.2,69.2,136.4,1,1,1,1
1859,2,0.989894,0.5,1,1,2.0,2,62.4,70.1,132.5,1,1,1,1
1860,0,0.0,0.5,0,0,,0,60.4,0.0,60.4,1,1,1,1
1861,3,0.989894,0.5,1,1,3.0,3,66.7,70.9,137.6,1,1,1,1
1862,3,0.989894,0.5,1,1,3.0,3,61.6,69.4,131.0,1,1,1,1
1863,1,1.0,0.5,1,1,1.0,1,60.8,79.6,140.4,1,1,1,1
1864,0,0.0,0.5,0,0,,0,66.5,0.0,66.5,1,1,1,1
1865,3,0.989894,0.5,1,1,3.0,3,62.8,69.1,131.9,1,1,1,1
1866,3,0.989894,0.5,1,1,2.0,2,60.9,68.1,129.0,1,1,1,1
1867,2,1.0,0.5,1,1,2.0,2,72.1,73.1,145.2,1,1,1,1
1868,3,0.989894,0.5,1,1,2.0,2,61.5,68.5,130.0,1,1,1,1
1869,3,0.999232,0.5,1,1,3.0,3,62.3,69.1,131.4,1,1,1,1
1870,0,0.0,0.5,0,0,,0,60.2,0.0,60.2,1,1,1,1
1871,0,0.0,0.5,0,0,,0,64.3,0.0,64.3,1,1,1,1
1872,1,1.0,0.5,1,1,1.0,1,61.4,66.2,127.6,1,1,1,1
1873,2,0.989894,0.5,1,1,3.0,3,59.8,77.8,137.6,1,1,1,1
1874,1,0.999232,0.5,1,1,1.0,1,64.6,70.1,134.7,1,1,1,1
1875,3,0.989894,0.5,1,1,2.0,2,62.3,69.6,131.9,1,1,1,1
1876,0,0.0,0.5,0,0,,0,61.8,0.0,61.8,1,1,1,1
1877,0,0.0,0.5,0,0,,0,74.5,0.0,74.5,1,1,1,1
1878,0,0.0,0.5,0,0,,0,61.4,0.0,61.4,1,1,1,1
1879,2,0.997497,0.5,1,1,2.0,2,60.3,69.5,129.8,1,1,1,1
1880,0,0.0,0.5,0,0,,0,70.2,0.0,70.2,1,1,1,1
1881,2,0.989894,0.5,1,1,2.0,2,62.8,69.5,132.3,1,1,1,1
1882,0,0.0,0.5,0,0,,0,62.0,0.0,62.0,1,1,1,1
1883,1,0.997497,0.5,1,1,1.0,1,60.4,81.1,141.5,1,1,1,1
1884,0,0.0,0.5,0,0,,0,63.9,0.0,63.9,1,1,1,1
1885,0,0.0,0.5,0,0,,0,61.0,0.0,61.0,1,1,1,1
1886,3,0.989894,0.5,1,1,3.0,3,60.8,75.3,136.1,1,1,1,1
1887,1,0.177465,0.5,0,0,,0,66.2,0.0,66.2,1,1,1,1
1888,0,0.177465,0.5,0,0,,0,61.0,0.0,61.0,1,1,1,1
1889,3,1.0,0.5,1,1,3.0,3,61.7,68.5,130.2,1,1,1,1
1890,2,0.989894,0.5,1,1,3.0,3,70.7,70.9,141.6,1,1,1,1
1891,0,0.0,0.5,0,0,,0,62.5,0.0,62.5,1,1,1,1
1892,0,0.0,0.5,0,0,,0,61.9,0.0,61.9,1,1,1,1
1893,3,1.0,0.5,1,1,3.0,3,62.4,80.3,142.7,1,1,1,1
1894,2,0.989894,0.5,1,1,3.0,3,64.9,69.1,134.0,1,1,1,1
1895,2,0.989894,0.5,1,1,3.0,3,61.6,71.6,133.2,1,1,1,1
1896,2,0.989894,0.5,1,1,3.0,3,61.2,76.8,138.0,1,1,1,1
1897,0,0.0,0.5,0,0,,0,67.3,0.0,67.3,1,1,1,1
1898,2,1.0,0.5,1,1,3.0,3,61.5,67.9,129.4,1,1,1,1
1899,2,0.989894,0.5,1,1,2.0,2,61.4,68.5,129.9,1,1,1,1
1900,1,1.0,0.5,1,1,1.0,1,72.5,70.7,143.2,1,1,1,1
1901,0,0.0,0.5,0,0,,0,63.6,0.0,63.6,1,1,1,1
1902,0,0.0,0.5,0,0,,0,60.2,0.0,60.2,1,1,1,1
1903,2,0.989894,0.5,1,1,2.0,2,65.2,73.9,139.1,1,1,1,1
1904,3,0.989894,0.5,1,1,3.0,3,63.6,69.1,132.7,1,1,1,1
1905,3,0.989894,0.5,1,1,3.0,3,61.9,68.8,130.7,1,1,1,1
1906,3,0.999232,0.5,1,1,2.0,2,60.2,77.3,137.5,1,1,1,1
1907,1,0.997497,0.5,1,1,1.0,1,67.1,73.1,140.2,1,1,1,1
1908,3,0.989894,0.5,1,1,2.0,2,62.3,69.8,132.1,1,1,1,1
1909,1,0.989894,0.5,1,1,1.0,1,63.2,68.6,131.8,1,1,1,1
1910,2,0.989894,0.5,1,1,3.0,3,72.3,71.3,143.6,1,1,1,1
1911,1,1.0,0.5,1,1,1.0,1,61.4,70.4,131.8,1,1,1,1
1912,2,0.989894,0.5,1,1,3.0,3,60.9,68.8,129.7,1,1,1,1
1913,0,0.0,0.5,0,0,,0,135.0,0.0,135.0,1,1,1,1
1914,0,0.0,0.5,0,0,,0,122.8,0.0,122.8,1,1,1,1
1915,0,0.0,0.5,0,0,,0,80.3,0.0,80.3,1,1,1,1
1916,3,0.999232,0.5,1,1,3.0,3,215.9,159.3,375.2,1,1,1,1
1917,0,0.0,0.5,0,0,,0,88.8,0.0,88.8,1,1,1,1
1918,0,0.0,0.5,0,0,,0,70.1,0.0,70.1,1,1,1,1
1919,2,0.989894,0.5,1,1,2.0,2,64.2,71.8,136.0,1,1,1,1
1920,3,0.999232,0.5,1,1,3.0,3,62.9,69.8,132.7,1,1,1,1
1921,0,0.0,0.5,0,0,,0,62.3,0.0,62.3,1,1,1,1
1922,0,0.0,0.5,0,0,,0,61.3,0.0,61.3,1,1,1,1
1923,3,0.989894,0.5,1,1,2.0,2,60.3,70.4,130.7,1,1,1,1
1924,0,0.0,0.5,0,0,,0,61.1,0.0,61.1,1,1,1,1
1925,0,0.0,0.5,0,0,,0,61.3,0.0,61.3,1,1,1,1
1926,2,0.989894,0.5,1,1,3.0,3,61.1,68.5,129.6,1,1,1,1
1927,2,0.989894,0.5,1,1,2.0,2,61.2,69.4,130.6,1,1,1,1
1928,0,0.177465,0.5,0,0,,0,61.2,0.0,61.2,1,1,1,1
1929,1,1.0,0.5,1,1,1.0,1,64.8,69.1,133.9,1,1,1,1
1930,3,1.0,0.5,1,1,3.0,3,61.3,70.8,132.1,1,1,1,1
1931,0,0.0,0.5,0,0,,0,61.5,0.0,61.5,1,1,1,1
1932,2,0.989894,0.5,1,1,2.0,2,60.6,69.1,129.7,1,1,1,1
1933,0,0.0,0.5,0,0,,0,62.0,0.0,62.0,1,1,1,1
1934,2,0.989894,0.5,1,1,3.0,3,60.8,68.4,129.2,1,1,1,1
1935,2,0.989894,0.5,1,1,2.0,2,59.8,69.9,129.7,1,1,1,1
1936,0,0.0,0.5,0,0,,0,60.1,0.0,60.1,1,1,1,1
1937,0,0.0,0.5,0,0,,0,61.3,0.0,61.3,1,1,1,1
1938,0,0.0,0.5,0,0,,0,60.7,0.0,60.7,1,1,1,1
1939,3,0.989894,0.5,1,1,2.0,2,61.7,92.2,153.9,1,1,1,1
1940,1,1.0,0.5,1,1,1.0,1,66.0,70.6,136.6,1,1,1,1
1941,3,0.989894,0.5,1,1,2.0,2,61.1,69.3,130.4,1,1,1,1
1942,3,0.989894,0.5,1,1,2.0,2,60.5,76.8,137.3,1,1,1,1
1943,3,0.989894,0.5,1,1,2.0,2,66.4,70.9,137.3,1,1,1,1
1944,3,0.989894,0.5,1,1,3.0,3,61.8,69.8,131.6,1,1,1,1
1945,0,0.0,0.5,0,0,,0,60.2,0.0,60.2,1,1,1,1
1946,2,1.0,0.5,1,1,2.0,2,72.2,70.0,142.2,1,1,1,1
1947,1,1.0,0.5,1,1,1.0,1,60.3,68.2,128.5,1,1,1,1
1948,0,0.0,0.5,0,0,,0,61.1,0.0,61.1,1,1,1,1
1949,0,0.0,0.5,0,0,,0,61.5,0.0,61.5,1,1,1,1
1950,3,0.989894,0.5,1,1,2.0,2,64.5,68.4,132.9,1,1,1,1
1951,0,0.177465,0.5,0,0,,0,61.4,0.0,61.4,1,1,1,1
1952,0,0.0,0.5,0,0,,0,59.3,0.0,59.3,1,1,1,1
1953,0,0.0,0.5,0,0,,0,67.2,0.0,67.2,1,1,1,1
1954,2,0.989894,0.5,1,1,2.0,2,60.3,66.8,127.1,1,1,1,1
1955,2,0.989894,0.5,1,1,2.0,2,60.7,70.1,130.8,1,1,1,1
1956,0,0.0,0.5,0,0,,0,71.5,0.0,71.5,1,1,1,1
1957,3,0.989894,0.5,1,1,3.0,3,62.2,70.1,132.3,1,1,1,1
1958,0,0.0,0.5,0,0,,0,60.6,0.0,60.6,1,1,1,1
1959,1,1.0,0.5,1,1,1.0,1,59.5,79.1,138.6,1,1,1,1
1960,2,0.997497,0.5,1,1,2.0,2,64.4,68.7,133.1,1,1,1,1
1961,1,1.0,0.5,1,1,1.0,1,62.8,68.7,131.5,1,1,1,1
1962,2,0.989894,0.5,1,1,3.0,3,59.6,76.0,135.6,1,1,1,1
1963,1,0.989894,0.5,1,1,1.0,1,66.6,69.2,135.8,1,1,1,1
1964,0,0.0,0.5,0,0,,0,60.2,0.0,60.2,1,1,1,1
1965,2,0.989894,0.5,1,1,3.0,3,61.0,69.3,130.3,1,1,1,1
1966,2,0.989894,0.5,1,1,3.0,3,71.4,73.0,144.4,1,1,1,1
1967,2,0.989894,0.5,1,1,2.0,2,62.0,68.9,130.9,1,1,1,1
1968,0,0.0,0.5,0,0,,0,61.1,0.0,61.1,1,1,1,1
1969,0,0.0,0.5,0,0,,0,61.9,0.0,61.9,1,1,1,1
1970,2,0.997497,0.5,1,1,2.0,2,64.5,72.1,136.6,1,1,1,1
1971,3,0.989894,0.5,1,1,3.0,3,64.6,72.4,137.0,1,1,1,1
1972,0,0.0,0.5,0,0,,0,64.9,0.0,64.9,1,1,1,1
1973,3,0.989894,0.5,1,1,3.0,3,73.1,76.7,149.8,1,1,1,1
1974,1,1.0,0.5,1,1,1.0,1,66.2,77.6,143.8,1,1,1,1
1975,0,0.0,0.5,0,0,,0,66.0,0.0,66.0,1,1,1,1
1976,2,0.989894,0.5,1,1,2.0,2,80.1,80.0,160.1,1,1,1,1
1977,3,0.999232,0.5,1,1,2.0,2,70.1,76.4,146.5,1,1,1,1
1978,0,0.0,0.5,0,0,,0,68.5,0.0,68.5,1,1,1,1
1979,2,0.989894,0.5,1,1,3.0,3,72.4,80.7,153.1,1,1,1,1
1980,0,0.0,0.5,0,0,,0,67.9,0.0,67.9,1,1,1,1
1981,2,0.989894,0.5,1,1,3.0,3,64.7,71.9,136.6,1,1,1,1
1982,3,1.0,0.5,1,1,3.0,3,62.6,80.8,143.4,1,1,1,1
1983,2,1.0,0.5,1,1,3.0,3,67.1,71.9,139.0,1,1,1,1
1984,3,0.989894,0.5,1,1,3.0,3,61.9,72.1,134.0,1,1,1,1
1985,2,1.0,0.5,1,1,3.0,3,61.4,67.5,128.9,1,1,1,1
1986,1,1.0,0.5,1,1,1.0,1,70.1,71.0,141.1,1,1,1,1
1987,2,0.989894,0.5,1,1,3.0,3,61.1,70.6,131.7,1,1,1,1
1988,2,0.989894,0.5,1,1,2.0,2,59.9,69.5,129.4,1,1,1,1
1989,0,0.0,0.5,0,0,,0,71.0,0.0,71.0,1,1,1,1
1990,1,0.989894,0.5,1,1,1.0,1,61.4,66.8,128.2,1,1,1,1
1991,2,0.997497,0.5,1,1,2.0,2,61.3,68.9,130.2,1,1,1,1
1992,3,0.989894,0.5,1,1,3.0,3,60.4,78.7,139.1,1,1,1,1
1993,2,0.989894,0.5,1,1,3.0,3,64.0,71.1,135.1,1,1,1,1
1994,2,0.989894,0.5,1,1,2.0,2,90.5,72.9,163.4,1,1,1,1
1995,1,1.0,0.5,1,1,1.0,1,62.0,78.2,140.2,1,1,1,1
1996,3,0.989894,0.5,1,1,3.0,3,65.4,68.9,134.3,1,1,1,1
1997,3,0.999232,0.5,1,1,2.0,2,61.7,69.8,131.5,1,1,1,1
1998,0,0.0,0.5,0,0,,0,61.5,0.0,61.5,1,1,1,1
1999,2,0.989894,0.5,1,1,2.0,2,71.5,70.6,142.1,1,1,1,1
2000,2,0.989894,0.5,1,1,3.0,3,61.7,70.3,132.0,1,1,1,1
2001,0,0.177465,0.5,0,0,,0,60.2,0.0,60.2,1,1,1,1
2002,3,0.989894,0.5,1,1,3.0,3,82.8,84.2,167.0,1,1,1,1
2003,1,0.989894,0.5,1,1,1.0,1,63.5,71.9,135.4,1,1,1,1
2004,3,0.989894,0.5,1,1,3.0,3,62.1,69.4,131.5,1,1,1,1
2005,2,0.989894,0.5,1,1,3.0,3,61.4,81.2,142.6,1,1,1,1
2006,2,0.989894,0.5,1,1,2.0,2,64.2,69.5,133.7,1,1,1,1
2007,0,0.0,0.5,0,0,,0,63.0,0.0,63.0,1,1,1,1
2008,3,0.989894,0.5,1,1,2.0,2,60.6,75.1,135.7,1,1,1,1
2009,3,1.0,0.5,1,1,3.0,3,67.0,72.2,139.2,1,1,1,1
2010,2,0.989894,0.5,1,1,2.0,2,61.6,67.9,129.5,1,1,1,1
2011,0,0.0,0.5,0,0,,0,61.0,0.0,61.0,1,1,1,1
2012,2,0.989894,0.5,1,1,2.0,2,71.4,71.8,143.2,1,1,1,1
2013,2,0.989894,0.5,1,1,3.0,3,62.4,69.6,132.0,1,1,1,1
2014,3,0.989894,0.5,1,1,3.0,3,59.8,69.5,129.3,1,1,1,1
2015,1,0.989894,0.5,1,1,1.0,1,61.8,74.5,136.3,1,1,1,1
2016,0,0.0,0.5,0,0,,0,64.8,0.0,64.8,1,1,1,1
2017,1,0.989894,0.5,1,1,1.0,1,61.9,68.5,130.4,1,1,1,1
2018,2,0.989894,0.5,1,1,2.0,2,61.2,78.4,139.6,1,1,1,1
2019,0,0.0,0.5,0,0,,0,64.5,0.0,64.5,1,1,1,1
2020,3,0.989894,0.5,1,1,2.0,2,60.0,68.4,128.4,1,1,1,1
2021,2,0.989894,0.5,1,1,3.0,3,61.8,69.2,131.0,1,1,1,1
2022,0,0.0,0.5,0,0,,0,71.9,0.0,71.9,1,1,1,1
2023,2,0.989894,0.5,1,1,2.0,2,60.7,69.1,129.8,1,1,1,1
2024,0,0.177465,0.5,0,0,,0,60.9,0.0,60.9,1,1,1,1
2025,0,0.989894,0.5,1,1,0.0,0,70.5,73.1,143.6,1,1,1,1
2026,2,0.989894,0.5,1,1,2.0,2,62.2,68.6,130.8,1,1,1,1
2027,3,0.999232,0.5,1,1,3.0,3,61.2,68.6,129.8,1,1,1,1
2028,0,0.0,0.5,0,0,,0,60.4,0.0,60.4,1,1,1,1
2029,0,0.0,0.5,0,0,,0,65.2,0.0,65.2,1,1,1,1
2030,1,0.989894,0.5,1,1,1.0,1,127.1,124.8,251.9,1,1,1,1
2031,1,0.997497,0.5,1,1,1.0,1,196.3,151.9,348.2,1,1,1,1
2032,0,0.0,0.5,0,0,,0,84.5,0.0,84.5,1,1,1,1
2033,3,1.0,0.5,1,1,3.0,3,70.6,78.1,148.7,1,1,1,1
2034,3,0.999232,0.5,1,1,2.0,2,79.3,88.1,167.4,1,1,1,1
2035,2,0.999232,0.5,1,1,3.0,3,70.1,76.4,146.5,1,1,1,1
2036,1,0.999232,0.5,1,1,1.0,1,66.8,73.2,140.0,1,1,1,1
2037,2,1.0,0.5,1,1,2.0,2,66.4,96.8,163.2,1,1,1,1
2038,0,0.0,0.5,0,0,,0,83.9,0.0,83.9,1,1,1,1
2039,1,0.989894,0.5,1,1,1.0,1,68.7,71.5,140.2,1,1,1,1
2040,0,0.0,0.5,0,0,,0,63.1,0.0,63.1,1,1,1,1
2041,0,0.0,0.5,0,0,,0,67.6,0.0,67.6,1,1,1,1
2042,2,0.989894,0.5,1,1,2.0,2,63.0,72.5,135.5,1,1,1,1
2043,1,0.997497,0.5,1,1,1.0,1,62.2,80.6,142.8,1,1,1,1
2044,3,0.989894,0.5,1,1,2.0,2,68.8,71.5,140.3,1,1,1,1
2045,3,0.989894,0.5,1,1,3.0,3,64.5,72.6,137.1,1,1,1,1
2046,3,0.989894,0.5,1,1,3.0,3,63.6,70.5,134.1,1,1,1,1
2047,1,0.989894,0.5,1,1,1.0,1,74.3,76.4,150.7,1,1,1,1
2048,1,1.0,0.5,1,1,1.0,1,64.9,71.9,136.8,1,1,1,1
2049,0,0.989894,0.5,1,1,0.0,0,63.8,72.0,135.8,1,1,1,1
2050,0,0.0,0.5,0,0,,0,72.7,0.0,72.7,1,1,1,1
2051,0,0.0,0.5,0,0,,0,63.9,0.0,63.9,1,1,1,1
2052,3,0.989894,0.5,1,1,2.0,2,62.6,71.1,133.7,1,1,1,1
2053,2,0.989894,0.5,1,1,3.0,3,64.3,81.9,146.2,1,1,1,1
2054,3,0.989894,0.5,1,1,3.0,3,66.3,70.0,136.3,1,1,1,1
2055,0,0.0,0.5,0,0,,0,63.2,0.0,63.2,1,1,1,1
2056,0,0.0,0.5,0,0,,0,62.7,0.0,62.7,1,1,1,1
2057,3,0.989894,0.5,1,1,3.0,3,69.6,72.1,141.7,1,1,1,1
2058,3,0.989894,0.5,1,1,2.0,2,61.9,69.8,131.7,1,1,1,1
2059,2,0.989894,0.5,1,1,3.0,3,64.5,72.2,136.7,1,1,1,1
2060,2,0.989894,0.5,1,1,3.0,3,75.9,74.1,150.0,1,1,1,1
2061,0,0.0,0.5,0,0,,0,65.7,0.0,65.7,1,1,1,1
2062,3,1.0,0.5,1,1,2.0,2,65.2,69.4,134.6,1,1,1,1
2063,1,1.0,0.5,1,1,1.0,1,68.2,74.5,142.7,1,1,1,1
2064,2,0.989894,0.5,1,1,3.0,3,63.7,69.0,132.7,1,1,1,1
2065,0,0.0,0.5,0,0,,0,62.4,0.0,62.4,1,1,1,1
2066,0,0.0,0.5,0,0,,0,61.2,0.0,61.2,1,1,1,1
2067,1,1.0,0.5,1,1,1.0,1,65.5,70.7,136.2,1,1,1,1
2068,0,0.0,0.5,0,0,,0,61.6,0.0,61.6,1,1,1,1
2069,0,0.0,0.5,0,0,,0,91.2,0.0,91.2,1,1,1,1
2070,3,0.989894,0.5,1,1,2.0,2,126.1,106.2,232.3,1,1,1,1
2071,2,0.989894,0.5,1,1,2.0,2,81.5,89.8,171.3,1,1,1,1
2072,3,0.989894,0.5,1,1,3.0,3,81.2,90.8,172.0,1,1,1,1
2073,0,0.0,0.5,0,0,,0,78.8,0.0,78.8,1,1,1,1
2074,2,0.989894,0.5,1,1,2.0,2,80.4,82.2,162.6,1,1,1,1
2075,0,0.0,0.5,0,0,,0,72.1,0.0,72.1,1,1,1,1
2076,2,0.989894,0.5,1,1,2.0,2,72.0,78.6,150.6,1,1,1,1
2077,3,0.989894,0.5,1,1,2.0,2,72.6,81.0,153.6,1,1,1,1
2078,0,0.0,0.5,0,0,,0,71.2,0.0,71.2,1,1,1,1
2079,1,1.0,0.5,1,1,1.0,1,67.6,79.0,146.6,1,1,1,1
2080,2,0.989894,0.5,1,1,2.0,2,79.0,80.5,159.5,1,1,1,1
2081,0,0.0,0.5,0,0,,0,71.3,0.0,71.3,1,1,1,1
2082,2,0.989894,0.5,1,1,2.0,2,69.1,76.4,145.5,1,1,1,1
2083,0,0.0,0.5,0,0,,0,70.1,0.0,70.1,1,1,1,1
2084,0,0.0,0.5,0,0,,0,68.0,0.0,68.0,1,1,1,1
2085,3,0.989894,0.5,1,1,3.0,3,71.5,82.0,153.5,1,1,1,1
2086,2,0.989894,0.5,1,1,3.0,3,71.6,101.5,173.1,1,1,1,1
2087,1,0.999232,0.5,1,1,1.0,1,282.3,140.7,423.0,1,1,1,1
2088,1,0.989894,0.5,1,1,1.0,1,97.6,92.8,190.4,1,1,1,1
2089,1,0.997497,0.5,1,1,1.0,1,81.0,100.2,181.2,1,1,1,1
2090,0,0.0,0.5,0,0,,0,78.5,0.0,78.5,1,1,1,1
2091,2,0.989894,0.5,1,1,2.0,2,70.1,80.9,151.0,1,1,1,1
2092,3,0.989894,0.5,1,1,2.0,2,68.5,89.1,157.6,1,1,1,1
2093,3,1.0,0.5,1,1,2.0,2,72.5,74.3,146.8,1,1,1,1
2094,0,0.0,0.5,0,0,,0,64.4,0.0,64.4,1,1,1,1
2095,0,0.0,0.5,0,0,,0,63.3,0.0,63.3,1,1,1,1
2096,2,0.989894,0.5,1,1,3.0,3,74.7,73.6,148.3,1,1,1,1
2097,2,0.989894,0.5,1,1,2.0,2,66.8,72.8,139.6,1,1,1,1
2098,2,1.0,0.5,1,1,3.0,3,61.4,69.3,130.7,1,1,1,1
2099,2,0.989894,0.5,1,1,3.0,3,70.4,72.8,143.2,1,1,1,1
2100,2,1.0,0.5,1,1,2.0,2,63.7,69.9,133.6,1,1,1,1
2101,2,0.989894,0.5,1,1,3.0,3,62.4,70.9,133.3,1,1,1,1
2102,0,0.0,0.5,0,0,,0,61.6,0.0,61.6,1,1,1,1
2103,0,0.0,0.5,0,0,,0,62.8,0.0,62.8,1,1,1,1
2104,3,0.989894,0.5,1,1,2.0,2,61.6,69.8,131.4,1,1,1,1
2105,0,0.0,0.5,0,0,,0,61.8,0.0,61.8,1,1,1,1
2106,1,1.0,0.5,1,1,1.0,1,67.5,71.7,139.2,1,1,1,1
2107,3,0.989894,0.5,1,1,2.0,2,62.3,70.8,133.1,1,1,1,1
2108,3,0.989894,0.5,1,1,3.0,3,62.4,68.5,130.9,1,1,1,1
2109,3,1.0,0.5,1,1,2.0,2,72.8,73.4,146.2,1,1,1,1
2110,0,0.0,0.5,0,0,,0,62.9,0.0,62.9,1,1,1,1
2111,0,0.0,0.5,0,0,,0,61.1,0.0,61.1,1,1,1,1
2112,1,0.989894,0.5,1,1,1.0,1,69.9,73.2,143.1,1,1,1,1
2113,2,1.0,0.5,1,1,2.0,2,62.6,71.4,134.0,1,1,1,1
2114,0,0.0,0.5,0,0,,0,62.2,0.0,62.2,1,1,1,1
2115,3,0.989894,0.5,1,1,3.0,3,61.9,79.3,141.2,1,1,1,1
2116,0,0.0,0.5,0,0,,0,64.3,0.0,64.3,1,1,1,1
2117,3,0.999232,0.5,1,1,3.0,3,61.3,69.2,130.5,1,1,1,1
2118,1,0.997497,0.5,1,1,1.0,1,60.2,75.6,135.8,1,1,1,1
2119,2,0.989894,0.5,1,1,2.0,2,65.4,71.9,137.3,1,1,1,1
2120,3,0.989894,0.5,1,1,3.0,3,61.0,69.9,130.9,1,1,1,1
2121,0,0.0,0.5,0,0,,0,63.2,0.0,63.2,1,1,1,1
2122,0,0.177465,0.5,0,0,,0,70.6,0.0,70.6,1,1,1,1
2123,1,1.0,0.5,1,1,1.0,1,61.9,70.9,132.8,1,1,1,1
2124,2,0.989894,0.5,1,1,3.0,3,59.7,67.7,127.4,1,1,1,1
2125,0,0.0,0.5,0,0,,0,61.0,0.0,61.0,1,1,1,1
2126,3,0.989894,0.5,1,1,2.0,2,63.8,70.3,134.1,1,1,1,1
2127,0,0.0,0.5,0,0,,0,61.2,0.0,61.2,1,1,1,1
2128,3,0.989894,0.5,1,1,3.0,3,60.2,75.3,135.5,1,1,1,1
2129,1,1.0,0.5,1,1,1.0,1,66.3,69.0,135.3,1,1,1,1
2130,0,0.0,0.5,0,0,,0,62.7,0.0,62.7,1,1,1,1
2131,2,0.999232,0.5,1,1,3.0,3,60.6,69.5,130.1,1,1,1,1
2132,1,0.997497,0.5,1,1,1.0,1,71.8,71.7,143.5,1,1,1,1
2133,0,0.0,0.5,0,0,,0,62.4,0.0,62.4,1,1,1,1
2134,3,0.989894,0.5,1,1,3.0,3,59.8,69.2,129.0,1,1,1,1
2135,3,0.989894,0.5,1,1,2.0,2,58.8,262.7,321.5,1,1,1,1
2136,2,0.989894,0.5,1,1,2.0,2,288.5,103.1,391.6,1,1,1,1
2137,0,0.0,0.5,0,0,,0,81.8,0.0,81.8,1,1,1,1
2138,3,1.0,0.5,1,1,3.0,3,72.3,89.9,162.2,1,1,1,1
2139,2,0.989894,0.5,1,1,3.0,3,235.7,141.9,377.6,1,1,1,1
2140,0,0.177465,0.5,0,0,,0,86.8,0.0,86.8,1,1,1,1
2141,1,0.997497,0.5,1,1,1.0,1,68.9,74.5,143.4,1,1,1,1
2142,3,0.989894,0.5,1,1,2.0,2,64.7,70.5,135.2,1,1,1,1
2143,1,0.989894,0.5,1,1,1.0,1,62.0,71.8,133.8,1,1,1,1
2144,2,0.989894,0.5,1,1,3.0,3,62.3,70.2,132.5,1,1,1,1
2145,0,0.0,0.5,0,0,,0,62.2,0.0,62.2,1,1,1,1
2146,1,0.997497,0.5,1,1,1.0,1,60.3,71.2,131.5,1,1,1,1
2147,3,0.989894,0.5,1,1,1.0,1,62.8,71.8,134.6,1,1,1,1
2148,0,0.0,0.5,0,0,,0,62.4,0.0,62.4,1,1,1,1
2149,2,0.989894,0.5,1,1,2.0,2,60.9,70.3,131.2,1,1,1,1
2150,0,0.0,0.5,0,0,,0,62.1,0.0,62.1,1,1,1,1
2151,1,1.0,0.5,1,1,1.0,1,59.4,70.9,130.3,1,1,1,1
2152,0,0.0,0.5,0,0,,0,63.0,0.0,63.0,1,1,1,1
2153,1,1.0,0.5,1,1,1.0,1,61.5,68.5,130.0,1,1,1,1
2154,1,1.0,0.5,1,1,1.0,1,62.1,69.2,131.3,1,1,1,1
2155,2,0.989894,0.5,1,1,2.0,2,60.7,69.7,130.4,1,1,1,1
2156,0,0.0,0.5,0,0,,0,60.6,0.0,60.6,1,1,1,1
2157,3,0.989894,0.5,1,1,3.0,3,60.9,70.1,131.0,1,1,1,1
2158,1,0.989894,0.5,1,1,1.0,1,59.5,68.0,127.5,1,1,1,1
2159,0,0.0,0.5,0,0,,0,59.8,0.0,59.8,1,1,1,1
2160,0,0.0,0.5,0,0,,0,61.0,0.0,61.0,1,1,1,1
2161,1,1.0,0.5,1,1,1.0,1,62.0,68.2,130.2,1,1,1,1
2162,0,0.0,0.5,0,0,,0,60.8,0.0,60.8,1,1,1,1
2163,1,0.989894,0.5,1,1,1.0,1,59.6,68.4,128.0,1,1,1,1
2164,1,0.997497,0.5,1,1,1.0,1,59.3,67.2,126.5,1,1,1,1
2165,2,1.0,0.5,1,1,3.0,3,60.6,68.7,129.3,1,1,1,1
2166,3,0.989894,0.5,1,1,3.0,3,60.9,67.6,128.5,1,1,1,1
2167,3,0.989894,0.5,1,1,2.0,2,59.0,68.9,127.9,1,1,1,1
2168,1,0.999232,0.5,1,1,1.0,1,60.6,81.3,141.9,1,1,1,1
2169,1,1.0,0.5,1,1,1.0,1,65.5,70.9,136.4,1,1,1,1
2170,1,0.989894,0.5,1,1,1.0,1,60.8,69.6,130.4,1,1,1,1
2171,3,0.999232,0.5,1,1,3.0,3,78.1,74.5,152.6,1,1,1,1
2172,2,0.989894,0.5,1,1,2.0,2,63.1,68.6,131.7,1,1,1,1
2173,2,0.989894,0.5,1,1,3.0,3,63.2,68.9,132.1,1,1,1,1
2174,0,0.0,0.5,0,0,,0,70.8,0.0,70.8,1,1,1,1
2175,3,0.989894,0.5,1,1,3.0,3,62.6,70.7,133.3,1,1,1,1
2176,1,0.989894,0.5,1,1,1.0,1,60.8,68.7,129.5,1,1,1,1
2177,0,0.0,0.5,0,0,,0,62.2,0.0,62.2,1,1,1,1
2178,3,0.989894,0.5,1,1,2.0,2,65.3,68.9,134.2,1,1,1,1
2179,0,0.0,0.5,0,0,,0,61.2,0.0,61.2,1,1,1,1
2180,3,0.989894,0.5,1,1,3.0,3,60.7,67.4,128.1,1,1,1,1
2181,2,0.989894,0.5,1,1,3.0,3,73.3,71.0,144.3,1,1,1,1
2182,0,0.0,0.5,0,0,,0,62.2,0.0,62.2,1,1,1,1
2183,2,0.989894,0.5,1,1,3.0,3,59.9,69.3,129.2,1,1,1,1
2184,3,0.989894,0.5,1,1,2.0,2,69.6,72.5,142.1,1,1,1,1
2185,3,1.0,0.5,1,1,3.0,3,62.8,69.5,132.3,1,1,1,1
2186,1,1.0,0.5,1,1,1.0,1,60.0,69.6,129.6,1,1,1,1
2187,0,0.0,0.5,0,0,,0,59.8,0.0,59.8,1,1,1,1
2188,3,0.989894,0.5,1,1,2.0,2,63.9,68.5,132.4,1,1,1,1
2189,1,0.997497,0.5,1,1,1.0,1,61.3,68.1,129.4,1,1,1,1
2190,0,0.0,0.5,0,0,,0,88.1,0.0,88.1,1,1,1,1
2191,1,0.989894,0.5,1,1,1.0,1,69.9,74.1,144.0,1,1,1,1
2192,2,0.997497,0.5,1,1,2.0,2,62.8,71.7,134.5,1,1,1,1
2193,0,0.0,0.5,0,0,,0,63.0,0.0,63.0,1,1,1,1
2194,0,0.0,0.5,0,0,,0,72.9,0.0,72.9,1,1,1,1
2195,1,1.0,0.5,1,1,1.0,1,62.2,70.1,132.3,1,1,1,1
2196,3,1.0,0.5,1,1,3.0,3,60.1,68.1,128.2,1,1,1,1
2197,0,0.0,0.5,0,0,,0,71.3,0.0,71.3,1,1,1,1
2198,3,0.989894,0.5,1,1,3.0,3,62.0,69.5,131.5,1,1,1,1
2199,1,0.999232,0.5,1,1,1.0,1,61.9,70.3,132.2,1,1,1,1
2200,0,0.0,0.5,0,0,,0,61.4,0.0,61.4,1,1,1,1
2201,2,0.989894,0.5,1,1,2.0,2,65.4,69.7,135.1,1,1,1,1
2202,1,1.0,0.5,1,1,1.0,1,62.5,69.2,131.7,1,1,1,1
2203,1,1.0,0.5,1,1,1.0,1,61.4,77.7,139.1,1,1,1,1
2204,3,0.989894,0.5,1,1,2.0,2,66.9,70.7,137.6,1,1,1,1
2205,1,1.0,0.5,1,1,1.0,1,61.9,69.6,131.5,1,1,1,1
2206,2,0.989894,0.5,1,1,3.0,3,60.6,70.9,131.5,1,1,1,1
2207,1,1.0,0.5,1,1,1.0,1,73.7,73.6,147.3,1,1,1,1
2208,2,0.989894,0.5,1,1,3.0,3,63.1,70.0,133.1,1,1,1,1
2209,1,0.419355,0.5,0,0,,0,61.9,0.0,61.9,1,1,1,1
2210,2,0.989894,0.5,1,1,2.0,2,68.8,73.3,142.1,1,1,1,1
2211,0,0.0,0.5,0,0,,0,62.4,0.0,62.4,1,1,1,1
2212,0,0.0,0.5,0,0,,0,62.4,0.0,62.4,1,1,1,1
2213,3,1.0,0.5,1,1,2.0,2,86.3,77.8,164.1,1,1,1,1
2214,3,0.989894,0.5,1,1,3.0,3,64.7,69.0,133.7,1,1,1,1
2215,2,0.999232,0.5,1,1,2.0,2,61.5,71.1,132.6,1,1,1,1
2216,2,0.989894,0.5,1,1,2.0,2,61.6,80.5,142.1,1,1,1,1
2217,1,1.0,0.5,1,1,1.0,1,65.4,71.1,136.5,1,1,1,1
2218,0,0.0,0.5,0,0,,0,61.0,0.0,61.0,1,1,1,1
2219,0,0.0,0.5,0,0,,0,61.6,0.0,61.6,1,1,1,1
2220,1,1.0,0.5,1,1,1.0,1,65.1,71.9,137.0,1,1,1,1
2221,2,0.999232,0.5,1,1,3.0,3,62.6,67.7,130.3,1,1,1,1
2222,2,1.0,0.5,1,1,3.0,3,60.4,69.2,129.6,1,1,1,1
2223,2,0.999232,0.5,1,1,3.0,3,70.4,72.2,142.6,1,1,1,1
2224,1,1.0,0.5,1,1,1.0,1,61.4,67.8,129.2,1,1,1,1
2225,0,0.0,0.5,0,0,,0,62.0,0.0,62.0,1,1,1,1
2226,3,0.999232,0.5,1,1,3.0,3,60.1,80.6,140.7,1,1,1,1
2227,1,1.0,0.5,1,1,1.0,1,63.0,70.2,133.2,1,1,1,1
2228,0,0.0,0.5,0,0,,0,61.0,0.0,61.0,1,1,1,1
2229,0,0.0,0.5,0,0,,0,61.7,0.0,61.7,1,1,1,1
2230,3,0.999232,0.5,1,1,2.0,2,65.7,70.1,135.8,1,1,1,1
2231,0,0.0,0.5,0,0,,0,61.1,0.0,61.1,1,1,1,1
2232,1,0.989894,0.5,1,1,2.0,2,60.6,69.7,130.3,1,1,1,1
2233,2,0.989894,0.5,1,1,3.0,3,72.2,70.9,143.1,1,1,1,1
2234,3,0.989894,0.5,1,1,3.0,3,61.6,69.9,131.5,1,1,1,1
2235,3,0.989894,0.5,1,1,2.0,2,59.8,68.2,128.0,1,1,1,1
2236,0,0.0,0.5,0,0,,0,60.1,0.0,60.1,1,1,1,1
2237,1,0.989894,0.5,1,1,2.0,2,64.0,69.2,133.2,1,1,1,1
2238,1,0.177465,0.5,0,0,,0,59.4,0.0,59.4,1,1,1,1
2239,2,0.999232,0.5,1,1,3.0,3,59.7,76.3,136.0,1,1,1,1
2240,0,0.0,0.5,0,0,,0,66.5,0.0,66.5,1,1,1,1
2241,2,1.0,0.5,1,1,2.0,2,62.0,68.9,130.9,1,1,1,1
2242,2,0.989894,0.5,1,1,3.0,3,59.6,68.5,128.1,1,1,1,1
2243,2,1.0,0.5,1,1,3.0,3,71.7,73.3,145.0,1,1,1,1
2244,3,0.989894,0.5,1,1,3.0,3,62.0,70.3,132.3,1,1,1,1
2245,0,0.0,0.5,0,0,,0,62.1,0.0,62.1,1,1,1,1
2246,1,0.997497,0.5,1,1,1.0,1,61.0,73.4,134.4,1,1,1,1
2247,1,1.0,0.5,1,1,1.0,1,63.6,70.2,133.8,1,1,1,1
2248,1,0.999232,0.5,1,1,1.0,1,61.0,69.2,130.2,1,1,1,1
2249,3,0.989894,0.5,1,1,2.0,2,60.8,77.1,137.9,1,1,1,1
2250,3,0.989894,0.5,1,1,2.0,2,140.6,166.9,307.5,1,1,1,1
2251,2,0.989894,0.5,1,1,3.0,3,178.5,108.5,287.0,1,1,1,1
2252,3,0.989894,0.5,1,1,2.0,2,87.6,85.5,173.1,1,1,1,1
2253,0,0.0,0.5,0,0,,0,77.4,0.0,77.4,1,1,1,1
2254,3,0.989894,0.5,1,1,3.0,3,73.9,77.0,150.9,1,1,1,1
2255,1,0.989894,0.5,1,1,1.0,1,66.2,76.6,142.8,1,1,1,1
2256,3,0.989894,0.5,1,1,3.0,3,64.4,73.2,137.6,1,1,1,1
2257,0,0.0,0.5,0,0,,0,83.3,0.0,83.3,1,1,1,1
2258,3,0.989894,0.5,1,1,3.0,3,66.7,77.9,144.6,1,1,1,1
2259,2,0.989894,0.5,1,1,2.0,2,66.5,74.3,140.8,1,1,1,1
2260,1,0.999232,0.5,1,1,1.0,1,84.0,83.5,167.5,1,1,1,1
2261,2,0.999232,0.5,1,1,3.0,3,68.4,82.2,150.6,1,1,1,1
2262,1,1.0,0.5,1,1,1.0,1,65.2,72.1,137.3,1,1,1,1
2263,3,0.989894,0.5,1,1,2.0,2,84.7,80.0,164.7,1,1,1,1
2264,0,0.0,0.5,0,0,,0,64.2,0.0,64.2,1,1,1,1
2265,3,0.989894,0.5,1,1,1.0,1,62.9,71.8,134.7,1,1,1,1
2266,0,0.0,0.5,0,0,,0,63.4,0.0,63.4,1,1,1,1
2267,1,1.0,0.5,1,1,1.0,1,65.9,73.9,139.8,1,1,1,1
2268,1,0.999232,0.5,1,1,1.0,1,64.7,71.6,136.3,1,1,1,1
2269,1,1.0,0.5,1,1,1.0,1,63.8,79.1,142.9,1,1,1,1
2270,3,0.989894,0.5,1,1,2.0,2,69.7,72.2,141.9,1,1,1,1
2271,2,0.989894,0.5,1,1,3.0,3,63.3,71.5,134.8,1,1,1,1
2272,0,0.0,0.5,0,0,,0,62.9,0.0,62.9,1,1,1,1
2273,1,1.0,0.5,1,1,1.0,1,76.2,74.8,151.0,1,1,1,1
2274,3,1.0,0.5,1,1,2.0,2,242.2,144.2,386.4,1,1,1,1
2275,3,0.989894,0.5,1,1,2.0,2,106.7,99.7,206.4,1,1,1,1
2276,2,0.989894,0.5,1,1,3.0,3,70.2,77.3,147.5,1,1,1,1
2277,0,0.0,0.5,0,0,,0,65.9,0.0,65.9,1,1,1,1
2278,3,0.989894,0.5,1,1,3.0,3,65.0,73.6,138.6,1,1,1,1
2279,0,0.0,0.5,0,0,,0,63.1,0.0,63.1,1,1,1,1
2280,3,0.989894,0.5,1,1,3.0,3,63.2,70.9,134.1,1,1,1,1
2281,1,1.0,0.5,1,1,1.0,1,62.5,72.9,135.4,1,1,1,1
2282,3,0.989894,0.5,1,1,3.0,3,62.2,71.9,134.1,1,1,1,1
2283,2,0.989894,0.5,1,1,2.0,2,63.0,71.8,134.8,1,1,1,1
2284,0,0.0,0.5,0,0,,0,62.0,0.0,62.0,1,1,1,1
2285,3,0.989894,0.5,1,1,3.0,3,63.4,70.7,134.1,1,1,1,1
2286,0,0.0,0.5,0,0,,0,62.9,0.0,62.9,1,1,1,1
2287,1,0.989894,0.5,1,1,1.0,1,63.8,72.5,136.3,1,1,1,1
2288,3,0.989894,0.5,1,1,2.0,2,63.9,70.3,134.2,1,1,1,1
2289,3,0.989894,0.5,1,1,2.0,2,64.9,74.5,139.4,1,1,1,1
2290,2,0.989894,0.5,1,1,2.0,2,62.1,71.3,133.4,1,1,1,1
2291,2,0.989894,0.5,1,1,3.0,3,61.4,72.4,133.8,1,1,1,1
2292,2,0.989894,0.5,1,1,3.0,3,61.8,71.3,133.1,1,1,1,1
2293,1,1.0,0.5,1,1,1.0,1,64.3,70.2,134.5,1,1,1,1
2294,1,0.989894,0.5,1,1,1.0,1,63.0,70.1,133.1,1,1,1,1
2295,3,0.989894,0.5,1,1,2.0,2,60.9,88.3,149.2,1,1,1,1
2296,0,0.0,0.5,0,0,,0,66.3,0.0,66.3,1,1,1,1
2297,1,1.0,0.5,1,1,1.0,1,63.5,71.2,134.7,1,1,1,1
2298,2,0.989894,0.5,1,1,3.0,3,62.7,68.7,131.4,1,1,1,1
2299,2,0.989894,0.5,1,1,2.0,2,77.6,72.9,150.5,1,1,1,1
2300,0,0.0,0.5,0,0,,0,62.8,0.0,62.8,1,1,1,1
2301,1,1.0,0.5,1,1,1.0,1,61.0,69.9,130.9,1,1,1,1
2302,3,0.989894,0.5,1,1,2.0,2,71.8,71.4,143.2,1,1,1,1
2303,1,1.0,0.5,1,1,1.0,1,62.2,71.3,133.5,1,1,1,1
2304,0,0.0,0.5,0,0,,0,60.6,0.0,60.6,1,1,1,1
2305,2,1.0,0.5,1,1,2.0,2,60.5,79.8,140.3,1,1,1,1
2306,1,1.0,0.5,1,1,1.0,1,65.5,69.7,135.2,1,1,1,1
2307,3,0.989894,0.5,1,1,3.0,3,62.2,69.0,131.2,1,1,1,1
2308,2,1.0,0.5,1,1,2.0,2,62.3,75.8,138.1,1,1,1,1
2309,3,0.989894,0.5,1,1,2.0,2,66.4,71.4,137.8,1,1,1,1
2310,1,1.0,0.5,1,1,1.0,1,60.4,69.0,129.4,1,1,1,1
2311,3,0.989894,0.5,1,1,2.0,2,61.6,68.7,130.3,1,1,1,1
2312,2,0.989894,0.5,1,1,3.0,3,70.3,71.5,141.8,1,1,1,1
2313,2,0.989894,0.5,1,1,2.0,2,62.9,68.7,131.6,1,1,1,1
2314,0,0.0,0.5,0,0,,0,60.0,0.0,60.0,1,1,1,1
2315,0,0.0,0.5,0,0,,0,60.8,0.0,60.8,1,1,1,1
2316,2,1.0,0.5,1,1,3.0,3,63.5,67.8,131.3,1,1,1,1
2317,0,0.0,0.5,0,0,,0,60.0,0.0,60.0,1,1,1,1
2318,0,0.0,0.5,0,0,,0,61.4,0.0,61.4,1,1,1,1
2319,1,0.999232,0.5,1,1,1.0,1,66.2,71.4,137.6,1,1,1,1
2320,2,0.989894,0.5,1,1,3.0,3,62.2,68.3,130.5,1,1,1,1
2321,3,0.989894,0.5,1,1,2.0,2,61.4,68.1,129.5,1,1,1,1
2322,2,0.989894,0.5,1,1,2.0,2,71.0,71.8,142.8,1,1,1,1
2323,2,0.989894,0.5,1,1,2.0,2,62.0,70.1,132.1,1,1,1,1
2324,0,0.0,0.5,0,0,,0,60.8,0.0,60.8,1,1,1,1
2325,3,0.989894,0.5,1,1,2.0,2,61.6,79.3,140.9,1,1,1,1
2326,1,1.0,0.5,1,1,1.0,1,63.6,70.2,133.8,1,1,1,1
2327,0,0.0,0.5,0,0,,0,61.2,0.0,61.2,1,1,1,1
2328,1,0.997497,0.5,1,1,1.0,1,61.4,75.4,136.8,1,1,1,1
2329,2,0.989894,0.5,1,1,2.0,2,66.7,70.4,137.1,1,1,1,1
2330,3,0.989894,0.5,1,1,2.0,2,60.8,69.7,130.5,1,1,1,1
2331,1,1.0,0.5,1,1,1.0,1,62.2,70.2,132.4,1,1,1,1
2332,1,1.0,0.5,1,1,1.0,1,72.2,71.3,143.5,1,1,1,1
2333,1,0.989894,0.5,1,1,1.0,1,61.3,70.1,131.4,1,1,1,1
2334,1,0.997497,0.5,1,1,1.0,1,60.7,69.6,130.3,1,1,1,1
2335,2,0.989894,0.5,1,1,2.0,2,69.0,73.7,142.7,1,1,1,1
2336,2,0.989894,0.5,1,1,2.0,2,61.3,68.4,129.7,1,1,1,1
2337,0,0.0,0.5,0,0,,0,60.9,0.0,60.9,1,1,1,1
2338,3,0.989894,0.5,1,1,3.0,3,61.3,76.9,138.2,1,1,1,1
2339,1,0.999232,0.5,1,1,1.0,1,65.5,71.1,136.6,1,1,1,1
2340,0,0.0,0.5,0,0,,0,61.1,0.0,61.1,1,1,1,1
2341,2,0.989894,0.5,1,1,2.0,2,62.3,69.3,131.6,1,1,1,1
2342,3,0.999232,0.5,1,1,2.0,2,71.1,69.9,141.0,1,1,1,1
2343,2,0.989894,0.5,1,1,2.0,2,62.0,67.7,129.7,1,1,1,1
2344,0,0.0,0.5,0,0,,0,60.8,0.0,60.8,1,1,1,1
2345,2,1.0,0.5,1,1,3.0,3,69.3,72.5,141.8,1,1,1,1
2346,1,1.0,0.5,1,1,1.0,1,61.1,70.0,131.1,1,1,1,1
2347,2,0.989894,0.5,1,1,3.0,3,61.3,70.8,132.1,1,1,1,1
2348,1,1.0,0.5,1,1,1.0,1,60.5,77.4,137.9,1,1,1,1
2349,0,0.0,0.5,0,0,,0,63.9,0.0,63.9,1,1,1,1
2350,3,0.989894,0.5,1,1,2.0,2,60.4,69.0,129.4,1,1,1,1
2351,3,0.989894,0.5,1,1,2.0,2,59.8,70.1,129.9,1,1,1,1
2352,0,0.0,0.5,0,0,,0,71.7,0.0,71.7,1,1,1,1
2353,0,0.0,0.5,0,0,,0,62.1,0.0,62.1,1,1,1,1
2354,0,0.177465,0.5,0,0,,0,62.1,0.0,62.1,1,1,1,1
2355,3,0.989894,0.5,1,1,3.0,3,69.4,71.7,141.1,1,1,1,1
2356,0,0.177465,0.5,0,0,,0,60.8,0.0,60.8,1,1,1,1
2357,3,0.989894,0.5,1,1,3.0,3,62.4,68.0,130.4,1,1,1,1
2358,3,0.989894,0.5,1,1,3.0,3,60.2,78.6,138.8,1,1,1,1
2359,1,0.997497,0.5,1,1,1.0,1,64.2,72.1,136.3,1,1,1,1
2360,3,1.0,0.5,1,1,3.0,3,60.9,70.2,131.1,1,1,1,1
2361,2,0.989894,0.5,1,1,2.0,2,60.3,77.4,137.7,1,1,1,1
2362,0,0.0,0.5,0,0,,0,65.9,0.0,65.9,1,1,1,1
2363,3,0.989894,0.5,1,1,3.0,3,61.4,69.5,130.9,1,1,1,1
2364,2,0.999232,0.5,1,1,3.0,3,60.0,212.6,272.6,1,1,1,1
2365,2,0.989894,0.5,1,1,3.0,3,341.9,302.4,644.3,1,1,1,1
2366,2,0.989894,0.5,1,1,2.0,2,132.0,103.9,235.9,1,1,1,1
2367,1,0.989894,0.5,1,1,1.0,1,83.5,91.6,175.1,1,1,1,1
2368,0,0.0,0.5,0,0,,0,76.5,0.0,76.5,1,1,1,1
2369,3,0.989894,0.5,1,1,2.0,2,77.3,82.3,159.6,1,1,1,1
2370,3,0.989894,0.5,1,1,3.0,3,83.4,83.0,166.4,1,1,1,1
2371,0,0.997497,0.5,1,1,0.0,0,70.8,83.8,154.6,1,1,1,1
2372,1,0.997497,0.5,1,1,1.0,1,72.0,82.0,154.0,1,1,1,1
2373,3,0.989894,0.5,1,1,3.0,3,73.1,82.8,155.9,1,1,1,1
2374,2,0.989894,0.5,1,1,2.0,2,72.4,79.8,152.2,1,1,1,1
2375,3,0.989894,0.5,1,1,2.0,2,72.0,189.5,261.5,1,1,1,1
2376,1,1.0,0.5,1,1,1.0,1,145.4,134.1,279.5,1,1,1,1
2377,0,0.0,0.5,0,0,,0,97.2,0.0,97.2,1,1,1,1
2378,2,0.989894,0.5,1,1,3.0,3,88.5,96.3,184.8,1,1,1,1
2379,2,0.989894,0.5,1,1,3.0,3,98.7,107.7,206.4,1,1,1,1
2380,3,0.989894,0.5,1,1,2.0,2,90.3,99.5,189.8,1,1,1,1
2381,3,0.989894,0.5,1,1,3.0,3,86.6,99.5,186.1,1,1,1,1
2382,3,0.989894,0.5,1,1,3.0,3,96.7,112.8,209.5,1,1,1,1
2383,3,0.989894,0.5,1,1,3.0,3,91.8,101.0,192.8,1,1,1,1
2384,3,0.989894,0.5,1,1,3.0,3,86.1,99.2,185.3,1,1,1,1
2385,3,0.989894,0.5,1,1,3.0,3,90.7,116.3,207.0,1,1,1,1
2386,0,0.0,0.5,0,0,,0,96.6,0.0,96.6,1,1,1,1
2387,0,0.0,0.5,0,0,,0,94.6,0.0,94.6,1,1,1,1
2388,0,0.0,0.5,0,0,,0,107.8,0.0,107.8,1,1,1,1
2389,2,1.0,0.5,1,1,2.0,2,102.2,109.7,211.9,1,1,1,1
2390,2,0.989894,0.5,1,1,2.0,2,98.6,112.2,210.8,1,1,1,1
2391,2,0.989894,0.5,1,1,2.0,2,100.0,135.7,235.7,1,1,1,1
2392,1,0.997497,0.5,1,1,1.0,1,113.4,119.9,233.3,1,1,1,1
2393,2,0.989894,0.5,1,1,3.0,3,106.9,118.6,225.5,1,1,1,1
2394,0,0.0,0.5,0,0,,0,102.2,0.0,102.2,1,1,1,1
2395,1,1.0,0.5,1,1,1.0,1,128.2,139.1,267.3,1,1,1,1
2396,1,0.997497,0.5,1,1,1.0,1,117.7,122.1,239.8,1,1,1,1
2397,0,0.177465,0.5,0,0,,0,112.4,0.0,112.4,1,1,1,1
2398,3,0.989894,0.5,1,1,2.0,2,131.6,137.9,269.5,1,1,1,1
2399,2,0.989894,0.5,1,1,3.0,3,120.6,158.2,278.8,1,1,1,1
2400,0,0.0,0.5,0,0,,0,308.2,0.0,308.2,1,1,1,1
2401,0,0.0,0.5,0,0,,0,159.9,0.0,159.9,1,1,1,1
2402,1,1.0,0.5,1,1,1.0,1,133.1,148.6,281.7,1,1,1,1
2403,0,0.0,0.5,0,0,,0,126.4,0.0,126.4,1,1,1,1
2404,1,0.989894,0.5,1,1,1.0,1,117.6,135.8,253.4,1,1,1,1
2405,3,0.989894,0.5,1,1,3.0,3,119.0,132.0,251.0,1,1,1,1
2406,3,1.0,0.5,1,1,2.0,2,110.7,127.3,238.0,1,1,1,1
2407,0,0.0,0.5,0,0,,0,111.7,0.0,111.7,1,1,1,1
2408,0,0.0,0.5,0,0,,0,137.9,0.0,137.9,1,1,1,1
2409,2,1.0,0.5,1,1,2.0,2,113.2,123.3,236.5,1,1,1,1
2410,0,0.0,0.5,0,0,,0,101.4,0.0,101.4,1,1,1,1
2411,1,0.989894,0.5,1,1,1.0,1,103.4,139.5,242.9,1,1,1,1
2412,0,0.0,0.5,0,0,,0,110.5,0.0,110.5,1,1,1,1
2413,1,1.0,0.5,1,1,1.0,1,102.8,108.0,210.8,1,1,1,1
2414,0,0.0,0.5,0,0,,0,90.8,0.0,90.8,1,1,1,1
2415,0,0.0,0.5,0,0,,0,103.1,0.0,103.1,1,1,1,1
2416,2,0.989894,0.5,1,1,2.0,2,95.3,103.8,199.1,1,1,1,1
2417,3,0.999232,0.5,1,1,3.0,3,93.1,98.3,191.4,1,1,1,1
2418,3,0.989894,0.5,1,1,3.0,3,103.1,102.4,205.5,1,1,1,1
2419,1,0.989894,0.5,1,1,1.0,1,85.7,96.8,182.5,1,1,1,1
2420,0,0.0,0.5,0,0,,0,85.4,0.0,85.4,1,1,1,1
2421,3,0.989894,0.5,1,1,3.0,3,98.0,100.0,198.0,1,1,1,1
2422,2,0.989894,0.5,1,1,3.0,3,83.1,94.5,177.6,1,1,1,1
2423,0,0.0,0.5,0,0,,0,81.3,0.0,81.3,1,1,1,1
2424,0,0.0,0.5,0,0,,0,78.3,0.0,78.3,1,1,1,1
2425,0,0.0,0.5,0,0,,0,83.0,0.0,83.0,1,1,1,1
2426,2,0.989894,0.5,1,1,2.0,2,74.5,82.1,156.6,1,1,1,1
2427,0,0.0,0.5,0,0,,0,72.7,0.0,72.7,1,1,1,1
2428,0,0.0,0.5,0,0,,0,76.1,0.0,76.1,1,1,1,1
2429,3,0.989894,0.5,1,1,2.0,2,75.8,79.5,155.3,1,1,1,1
2430,2,0.989894,0.5,1,1,2.0,2,70.6,76.9,147.5,1,1,1,1
2431,3,0.989894,0.5,1,1,3.0,3,78.4,80.9,159.3,1,1,1,1
2432,1,1.0,0.5,1,1,1.0,1,68.0,77.1,145.1,1,1,1,1
2433,1,0.989894,0.5,1,1,1.0,1,71.4,72.6,144.0,1,1,1,1
2434,3,0.989894,0.5,1,1,3.0,3,65.8,84.5,150.3,1,1,1,1
2435,2,0.989894,0.5,1,1,2.0,2,65.9,73.5,139.4,1,1,1,1
2436,3,0.989894,0.5,1,1,3.0,3,65.9,69.5,135.4,1,1,1,1
2437,2,0.989894,0.5,1,1,2.0,2,61.0,80.4,141.4,1,1,1,1
2438,1,1.0,0.5,1,1,1.0,1,65.1,71.1,136.2,1,1,1,1
2439,2,0.989894,0.5,1,1,3.0,3,61.6,109.9,171.5,1,1,1,1
2440,3,0.989894,0.5,1,1,2.0,2,217.4,258.4,475.8,1,1,1,1
2441,1,0.999232,0.5,1,1,1.0,1,99.7,92.1,191.8,1,1,1,1
2442,3,0.989894,0.5,1,1,3.0,3,67.3,71.4,138.7,1,1,1,1
2443,1,0.989894,0.5,1,1,1.0,1,64.8,71.0,135.8,1,1,1,1
2444,2,0.989894,0.5,1,1,2.0,2,106.4,125.2,231.6,1,1,1,1
2445,2,0.989894,0.5,1,1,2.0,2,78.2,77.0,155.2,1,1,1,1
2446,0,0.0,0.5,0,0,,0,65.5,0.0,65.5,1,1,1,1
2447,2,0.989894,0.5,1,1,3.0,3,73.2,76.4,149.6,1,1,1,1
2448,3,0.989894,0.5,1,1,3.0,3,63.8,70.0,133.8,1,1,1,1
2449,0,0.0,0.5,0,0,,0,61.8,0.0,61.8,1,1,1,1
2450,3,0.999232,0.5,1,1,3.0,3,62.0,89.2,151.2,1,1,1,1
2451,0,0.0,0.5,0,0,,0,152.6,0.0,152.6,1,1,1,1
2452,1,0.513514,0.5,1,1,1.0,1,87.9,84.0,171.9,1,1,1,1
2453,3,0.999232,0.5,1,1,3.0,3,69.9,75.7,145.6,1,1,1,1
2454,1,1.0,0.5,1,1,1.0,1,63.2,70.7,133.9,1,1,1,1
2455,3,0.989894,0.5,1,1,2.0,2,63.4,72.0,135.4,1,1,1,1
2456,2,0.989894,0.5,1,1,3.0,3,66.4,91.6,158.0,1,1,1,1
2457,3,0.999232,0.5,1,1,3.0,3,70.3,81.4,151.7,1,1,1,1
2458,1,0.989894,0.5,1,1,1.0,1,71.5,77.6,149.1,1,1,1,1
2459,1,0.989894,0.5,1,1,1.0,1,70.2,98.0,168.2,1,1,1,1
2460,1,1.0,0.5,1,1,1.0,1,82.4,101.4,183.8,1,1,1,1
2461,2,0.999232,0.5,1,1,2.0,2,75.0,78.9,153.9,1,1,1,1
2462,1,1.0,0.5,1,1,1.0,1,70.3,92.8,163.1,1,1,1,1
2463,3,1.0,0.5,1,1,2.0,2,182.6,176.6,359.2,1,1,1,1
2464,3,0.989894,0.5,1,1,2.0,2,72.3,84.6,156.9,1,1,1,1
2465,1,0.989894,0.5,1,1,1.0,1,74.4,84.6,159.0,1,1,1,1
2466,2,0.989894,0.5,1,1,2.0,2,89.8,85.7,175.5,1,1,1,1
2467,2,0.989894,0.5,1,1,3.0,3,77.2,88.6,165.8,1,1,1,1
2468,1,0.989894,0.5,1,1,1.0,1,76.6,88.4,165.0,1,1,1,1
2469,0,0.0,0.5,0,0,,0,92.8,0.0,92.8,1,1,1,1
2470,2,0.989894,0.5,1,1,3.0,3,79.6,88.5,168.1,1,1,1,1
2471,0,0.0,0.5,0,0,,0,84.4,0.0,84.4,1,1,1,1
2472,1,0.989894,0.5,1,1,1.0,1,81.8,107.7,189.5,1,1,1,1
2473,1,0.989894,0.5,1,1,1.0,1,89.7,96.1,185.8,1,1,1,1
2474,3,0.989894,0.5,1,1,3.0,3,87.5,99.0,186.5,1,1,1,1
2475,0,0.0,0.5,0,0,,0,87.2,0.0,87.2,1,1,1,1
2476,2,0.997497,0.5,1,1,2.0,2,93.1,101.8,194.9,1,1,1,1
2477,0,0.0,0.5,0,0,,0,89.3,0.0,89.3,1,1,1,1
2478,0,0.0,0.5,0,0,,0,91.0,0.0,91.0,1,1,1,1
2479,1,1.0,0.5,1,1,1.0,1,111.8,112.3,224.1,1,1,1,1
2480,1,0.997497,0.5,1,1,1.0,1,94.4,107.6,202.0,1,1,1,1
2481,3,0.989894,0.5,1,1,3.0,3,99.7,109.3,209.0,1,1,1,1
2482,1,0.989894,0.5,1,1,1.0,1,96.6,134.1,230.7,1,1,1,1
2483,0,0.0,0.5,0,0,,0,106.3,0.0,106.3,1,1,1,1
2484,3,1.0,0.5,1,1,3.0,3,103.4,114.9,218.3,1,1,1,1
2485,0,0.0,0.5,0,0,,0,105.1,0.0,105.1,1,1,1,1
2486,0,0.0,0.5,0,0,,0,115.5,0.0,115.5,1,1,1,1
2487,0,0.0,0.5,0,0,,0,109.0,0.0,109.0,1,1,1,1
2488,3,1.0,0.5,1,1,3.0,3,100.5,113.8,214.3,1,1,1,1
2489,1,1.0,0.5,1,1,1.0,1,122.8,120.5,243.3,1,1,1,1
2490,0,0.0,0.5,0,0,,0,103.3,0.0,103.3,1,1,1,1
2491,0,0.0,0.5,0,0,,0,97.4,0.0,97.4,1,1,1,1
2492,2,1.0,0.5,1,1,3.0,3,106.6,113.1,219.7,1,1,1,1
2493,2,0.989894,0.5,1,1,2.0,2,93.5,102.5,196.0,1,1,1,1
2494,3,0.999232,0.5,1,1,3.0,3,91.4,100.4,191.8,1,1,1,1
2495,0,0.0,0.5,0,0,,0,91.3,0.0,91.3,1,1,1,1
2496,0,0.0,0.5,0,0,,0,92.3,0.0,92.3,1,1,1,1
2497,1,1.0,0.5,1,1,1.0,1,85.8,98.0,183.8,1,1,1,1
2498,0,0.0,0.5,0,0,,0,85.6,0.0,85.6,1,1,1,1
2499,0,0.177465,0.5,0,0,,0,97.0,0.0,97.0,1,1,1,1
2500,2,0.989894,0.5,1,1,2.0,2,80.6,89.9,170.5,1,1,1,1
2501,2,0.989894,0.5,1,1,3.0,3,78.6,101.6,180.2,1,1,1,1
2502,2,0.989894,0.5,1,1,2.0,2,84.3,90.4,174.7,1,1,1,1
2503,3,0.989894,0.5,1,1,3.0,3,77.5,86.3,163.8,1,1,1,1
2504,1,1.0,0.5,1,1,1.0,1,74.6,81.3,155.9,1,1,1,1
2505,1,1.0,0.5,1,1,1.0,1,88.1,84.1,172.2,1,1,1,1
2506,3,0.989894,0.5,1,1,2.0,2,71.1,82.6,153.7,1,1,1,1
2507,2,0.989894,0.5,1,1,2.0,2,69.0,78.3,147.3,1,1,1,1
2508,0,0.0,0.5,0,0,,0,79.7,0.0,79.7,1,1,1,1
2509,2,0.989894,0.5,1,1,2.0,2,71.8,78.7,150.5,1,1,1,1
2510,1,1.0,0.5,1,1,1.0,1,66.8,76.1,142.9,1,1,1,1
2511,3,1.0,0.5,1,1,3.0,3,63.4,85.4,148.8,1,1,1,1
2512,3,0.989894,0.5,1,1,3.0,3,67.2,73.3,140.5,1,1,1,1
2513,3,0.989894,0.5,1,1,2.0,2,64.9,72.6,137.5,1,1,1,1
2514,1,0.989894,0.5,1,1,1.0,1,63.2,74.0,137.2,1,1,1,1
2515,2,0.989894,0.5,1,1,3.0,3,66.4,70.9,137.3,1,1,1,1
2516,0,0.0,0.5,0,0,,0,61.6,0.0,61.6,1,1,1,1
2517,0,0.0,0.5,0,0,,0,62.7,0.0,62.7,1,1,1,1
2518,0,0.0,0.5,0,0,,0,71.7,0.0,71.7,1,1,1,1
2519,3,0.989894,0.5,1,1,3.0,3,61.6,70.3,131.9,1,1,1,1
2520,3,1.0,0.5,1,1,3.0,3,62.4,67.4,129.8,1,1,1,1
2521,1,1.0,0.5,1,1,1.0,1,61.7,80.5,142.2,1,1,1,1
2522,1,0.997497,0.5,1,1,1.0,1,64.9,69.4,134.3,1,1,1,1
2523,3,0.989894,0.5,1,1,2.0,2,61.5,71.3,132.8,1,1,1,1
2524,1,1.0,0.5,1,1,1.0,1,59.9,77.5,137.4,1,1,1,1
2525,1,1.0,0.5,1,1,1.0,1,117.8,95.0,212.8,1,1,1,1
2526,2,1.0,0.5,1,1,3.0,3,66.6,69.1,135.7,1,1,1,1
2527,0,0.0,0.5,0,0,,0,62.0,0.0,62.0,1,1,1,1
2528,3,0.989894,0.5,1,1,2.0,2,61.2,68.6,129.8,1,1,1,1
2529,0,0.0,0.5,0,0,,0,61.5,0.0,61.5,1,1,1,1
2530,0,0.0,0.5,0,0,,0,196.2,0.0,196.2,1,1,1,1
2531,2,0.999232,0.5,1,1,2.0,2,276.1,160.7,436.8,1,1,1,1
2532,3,0.999232,0.5,1,1,2.0,2,202.1,200.7,402.8,1,1,1,1
2533,3,0.989894,0.5,1,1,3.0,3,153.0,109.6,262.6,1,1,1,1
2534,3,0.989894,0.5,1,1,3.0,3,79.0,79.5,158.5,1,1,1,1
2535,2,0.989894,0.5,1,1,2.0,2,68.8,76.4,145.2,1,1,1,1
2536,0,0.0,0.5,0,0,,0,67.1,0.0,67.1,1,1,1,1
2537,1,0.997497,0.5,1,1,1.0,1,70.2,76.7,146.9,1,1,1,1
2538,3,0.989894,0.5,1,1,3.0,3,69.1,75.3,144.4,1,1,1,1
2539,0,0.0,0.5,0,0,,0,105.8,0.0,105.8,1,1,1,1
2540,2,0.989894,0.5,1,1,3.0,3,67.0,79.9,146.9,1,1,1,1
2541,0,0.0,0.5,0,0,,0,66.9,0.0,66.9,1,1,1,1
2542,1,1.0,0.5,1,1,1.0,1,63.9,83.1,147.0,1,1,1,1
2543,2,0.989894,0.5,1,1,3.0,3,67.0,73.0,140.0,1,1,1,1
2544,1,1.0,0.5,1,1,1.0,1,63.4,71.0,134.4,1,1,1,1
2545,3,1.0,0.5,1,1,2.0,2,62.6,89.0,151.6,1,1,1,1
2546,3,1.0,0.5,1,1,3.0,3,68.9,75.3,144.2,1,1,1,1
2547,3,0.999232,0.5,1,1,2.0,2,64.1,74.4,138.5,1,1,1,1
2548,2,0.997497,0.5,1,1,2.0,2,61.8,69.2,131.0,1,1,1,1
2549,0,0.0,0.5,0,0,,0,74.0,0.0,74.0,1,1,1,1
2550,2,0.989894,0.5,1,1,2.0,2,60.9,70.0,130.9,1,1,1,1
2551,3,1.0,0.5,1,1,3.0,3,60.9,70.2,131.1,1,1,1,1
2552,2,0.989894,0.5,1,1,2.0,2,60.1,85.9,146.0,1,1,1,1
2553,2,0.989894,0.5,1,1,2.0,2,67.0,70.2,137.2,1,1,1,1
2554,1,1.0,0.5,1,1,1.0,1,60.6,68.6,129.2,1,1,1,1
2555,0,0.0,0.5,0,0,,0,61.1,0.0,61.1,1,1,1,1
2556,2,0.989894,0.5,1,1,3.0,3,66.2,69.9,136.1,1,1,1,1
2557,1,1.0,0.5,1,1,1.0,1,62.6,71.5,134.1,1,1,1,1
2558,2,0.989894,0.5,1,1,2.0,2,61.5,71.1,132.6,1,1,1,1
2559,3,0.989894,0.5,1,1,2.0,2,72.7,88.7,161.4,1,1,1,1
2560,2,0.989894,0.5,1,1,3.0,3,168.6,136.2,304.8,1,1,1,1
2561,1,0.989894,0.5,1,1,1.0,1,88.8,87.1,175.9,1,1,1,1
2562,0,0.0,0.5,0,0,,0,77.0,0.0,77.0,1,1,1,1
2563,0,0.0,0.5,0,0,,0,67.3,0.0,67.3,1,1,1,1
2564,3,0.989894,0.5,1,1,2.0,2,62.9,71.9,134.8,1,1,1,1
2565,0,0.0,0.5,0,0,,0,62.7,0.0,62.7,1,1,1,1
2566,0,0.0,0.5,0,0,,0,61.9,0.0,61.9,1,1,1,1
2567,2,0.997497,0.5,1,1,2.0,2,62.2,70.7,132.9,1,1,1,1
2568,1,1.0,0.5,1,1,1.0,1,65.7,70.8,136.5,1,1,1,1
2569,3,0.989894,0.5,1,1,3.0,3,62.9,71.1,134.0,1,1,1,1
2570,1,1.0,0.5,1,1,1.0,1,62.2,70.1,132.3,1,1,1,1
2571,3,1.0,0.5,1,1,3.0,3,61.4,71.1,132.5,1,1,1,1
2572,3,0.989894,0.5,1,1,2.0,2,62.3,69.4,131.7,1,1,1,1
2573,0,0.177465,0.5,0,0,,0,63.1,0.0,63.1,1,1,1,1
2574,0,0.0,0.5,0,0,,0,61.2,0.0,61.2,1,1,1,1
2575,0,0.0,0.5,0,0,,0,69.8,0.0,69.8,1,1,1,1
2576,0,0.0,0.5,0,0,,0,63.7,0.0,63.7,1,1,1,1
2577,3,0.989894,0.5,1,1,2.0,2,61.4,71.0,132.4,1,1,1,1
2578,0,0.0,0.5,0,0,,0,76.7,0.0,76.7,1,1,1,1
2579,3,0.989894,0.5,1,1,3.0,3,62.9,69.4,132.3,1,1,1,1
2580,0,0.0,0.5,0,0,,0,61.6,0.0,61.6,1,1,1,1
2581,1,0.997497,0.5,1,1,1.0,1,70.2,74.2,144.4,1,1,1,1
2582,0,0.0,0.5,0,0,,0,63.6,0.0,63.6,1,1,1,1
2583,0,0.0,0.5,0,0,,0,61.3,0.0,61.3,1,1,1,1
2584,2,0.989894,0.5,1,1,2.0,2,61.5,80.3,141.8,1,1,1,1
2585,3,0.989894,0.5,1,1,2.0,2,67.1,70.9,138.0,1,1,1,1
2586,3,0.989894,0.5,1,1,2.0,2,62.2,69.7,131.9,1,1,1,1
2587,0,0.177465,0.5,0,0,,0,60.8,0.0,60.8,1,1,1,1
2588,3,0.989894,0.5,1,1,2.0,2,66.9,69.7,136.6,1,1,1,1
2589,0,0.0,0.5,0,0,,0,63.3,0.0,63.3,1,1,1,1
2590,0,0.0,0.5,0,0,,0,61.1,0.0,61.1,1,1,1,1
2591,2,0.989894,0.5,1,1,2.0,2,71.8,72.9,144.7,1,1,1,1
2592,0,0.0,0.5,0,0,,0,62.9,0.0,62.9,1,1,1,1
2593,2,0.999232,0.5,1,1,3.0,3,62.6,68.1,130.7,1,1,1,1
2594,2,0.989894,0.5,1,1,2.0,2,61.4,78.1,139.5,1,1,1,1
2595,2,0.989894,0.5,1,1,2.0,2,64.0,70.3,134.3,1,1,1,1
2596,1,1.0,0.5,1,1,1.0,1,61.4,67.4,128.8,1,1,1,1
2597,2,0.989894,0.5,1,1,3.0,3,62.5,76.6,139.1,1,1,1,1
2598,2,0.989894,0.5,1,1,2.0,2,67.0,72.4,139.4,1,1,1,1
2599,0,0.0,0.5,0,0,,0,61.6,0.0,61.6,1,1,1,1
2600,2,0.989894,0.5,1,1,2.0,2,60.8,69.1,129.9,1,1,1,1
2601,1,1.0,0.5,1,1,1.0,1,73.5,71.4,144.9,1,1,1,1
2602,2,0.989894,0.5,1,1,2.0,2,61.3,67.6,128.9,1,1,1,1
2603,2,0.989894,0.5,1,1,3.0,3,59.4,68.6,128.0,1,1,1,1
2604,0,0.177465,0.5,0,0,,0,67.9,0.0,67.9,1,1,1,1
2605,2,1.0,0.5,1,1,2.0,2,63.8,68.5,132.3,1,1,1,1
2606,1,0.419355,0.5,0,0,,0,58.9,0.0,58.9,1,1,1,1
2607,2,0.989894,0.5,1,1,3.0,3,61.2,78.1,139.3,1,1,1,1
2608,3,0.989894,0.5,1,1,3.0,3,65.4,69.5,134.9,1,1,1,1
2609,0,0.989894,0.5,1,1,2.0,2,61.7,67.9,129.6,1,1,1,1
2610,1,1.0,0.5,1,1,1.0,1,60.9,68.3,129.2,1,1,1,1
2611,2,0.989894,0.5,1,1,3.0,3,72.7,71.8,144.5,1,1,1,1
2612,1,0.989894,0.5,1,1,1.0,1,61.4,68.3,129.7,1,1,1,1
2613,3,1.0,0.5,1,1,3.0,3,62.7,69.8,132.5,1,1,1,1
2614,0,0.0,0.5,0,0,,0,68.0,0.0,68.0,1,1,1,1
2615,0,0.0,0.5,0,0,,0,61.6,0.0,61.6,1,1,1,1
2616,1,1.0,0.5,1,1,1.0,1,62.0,69.2,131.2,1,1,1,1
2617,3,0.989894,0.5,1,1,3.0,3,62.5,80.9,143.4,1,1,1,1
2618,2,0.989894,0.5,1,1,3.0,3,64.7,70.4,135.1,1,1,1,1
2619,0,0.0,0.5,0,0,,0,60.5,0.0,60.5,1,1,1,1
2620,3,0.989894,0.5,1,1,2.0,2,61.5,72.9,134.4,1,1,1,1
2621,0,0.177465,0.5,0,0,,0,66.3,0.0,66.3,1,1,1,1
2622,0,0.0,0.5,0,0,,0,61.8,0.0,61.8,1,1,1,1
2623,0,0.0,0.5,0,0,,0,60.8,0.0,60.8,1,1,1,1
2624,3,0.989894,0.5,1,1,3.0,3,71.1,122.6,193.7,1,1,1,1
2625,0,0.0,0.5,0,0,,0,126.4,0.0,126.4,1,1,1,1
2626,2,0.989894,0.5,1,1,3.0,3,70.4,72.0,142.4,1,1,1,1
2627,1,1.0,0.5,1,1,1.0,1,64.1,72.1,136.2,1,1,1,1
2628,3,1.0,0.5,1,1,3.0,3,61.5,69.6,131.1,1,1,1,1
2629,1,0.999232,0.5,1,1,1.0,1,63.5,68.6,132.1,1,1,1,1
2630,1,1.0,0.5,1,1,1.0,1,61.1,69.2,130.3,1,1,1,1
2631,0,0.0,0.5,0,0,,0,62.1,0.0,62.1,1,1,1,1
2632,1,0.997497,0.5,1,1,1.0,1,65.6,88.7,154.3,1,1,1,1
2633,3,0.989894,0.5,1,1,2.0,2,67.5,73.6,141.1,1,1,1,1
2634,3,0.989894,0.5,1,1,3.0,3,62.7,69.5,132.2,1,1,1,1
2635,2,0.989894,0.5,1,1,2.0,2,60.3,69.9,130.2,1,1,1,1
2636,1,0.999232,0.5,1,1,1.0,1,60.6,68.4,129.0,1,1,1,1
2637,3,0.989894,0.5,1,1,2.0,2,63.5,68.4,131.9,1,1,1,1
2638,0,0.0,0.5,0,0,,0,62.1,0.0,62.1,1,1,1,1
2639,3,0.989894,0.5,1,1,3.0,3,64.1,268.7,332.8,1,1,1,1
2640,2,0.989894,0.5,1,1,2.0,2,191.2,149.8,341.0,1,1,1,1
2641,2,0.989894,0.5,1,1,2.0,2,114.8,135.4,250.2,1,1,1,1
2642,1,1.0,0.5,1,1,1.0,1,108.9,83.1,192.0,1,1,1,1
2643,3,1.0,0.5,1,1,2.0,2,70.1,78.5,148.6,1,1,1,1
2644,0,0.0,0.5,0,0,,0,66.4,0.0,66.4,1,1,1,1
2645,2,0.989894,0.5,1,1,2.0,2,65.1,77.4,142.5,1,1,1,1
2646,3,0.989894,0.5,1,1,2.0,2,68.8,73.8,142.6,1,1,1,1
2647,1,0.999232,0.5,1,1,1.0,1,64.3,72.9,137.2,1,1,1,1
2648,0,0.0,0.5,0,0,,0,62.9,0.0,62.9,1,1,1,1
2649,2,1.0,0.5,1,1,3.0,3,63.7,72.2,135.9,1,1,1,1
2650,1,0.997497,0.5,1,1,1.0,1,64.6,71.8,136.4,1,1,1,1
2651,1,1.0,0.5,1,1,1.0,1,63.8,72.5,136.3,1,1,1,1
2652,0,0.0,0.5,0,0,,0,64.1,0.0,64.1,1,1,1,1
2653,0,0.177465,0.5,0,0,,0,64.9,0.0,64.9,1,1,1,1
2654,2,0.989894,0.5,1,1,3.0,3,61.4,69.1,130.5,1,1,1,1
2655,1,0.997497,0.5,1,1,1.0,1,76.3,76.9,153.2,1,1,1,1
2656,1,1.0,0.5,1,1,1.0,1,63.0,69.0,132.0,1,1,1,1
2657,3,0.989894,0.5,1,1,3.0,3,62.7,68.4,131.1,1,1,1,1
2658,0,0.0,0.5,0,0,,0,59.5,0.0,59.5,1,1,1,1
2659,1,0.989894,0.5,1,1,1.0,1,64.8,71.8,136.6,1,1,1,1
2660,2,0.989894,0.5,1,1,3.0,3,60.9,70.0,130.9,1,1,1,1
2661,0,0.0,0.5,0,0,,0,62.2,0.0,62.2,1,1,1,1
2662,1,0.989894,0.5,1,1,1.0,1,68.1,70.9,139.0,1,1,1,1
2663,0,0.0,0.5,0,0,,0,62.2,0.0,62.2,1,1,1,1
2664,1,1.0,0.5,1,1,1.0,1,61.5,69.5,131.0,1,1,1,1
2665,2,1.0,0.5,1,1,3.0,3,75.3,73.4,148.7,1,1,1,1
2666,2,0.989894,0.5,1,1,3.0,3,61.7,69.4,131.1,1,1,1,1
2667,3,0.989894,0.5,1,1,2.0,2,62.2,71.2,133.4,1,1,1,1
2668,0,0.0,0.5,0,0,,0,68.2,0.0,68.2,1,1,1,1
2669,0,0.177465,0.5,0,0,,0,62.2,0.0,62.2,1,1,1,1
2670,1,0.997497,0.5,1,1,1.0,1,60.9,68.1,129.0,1,1,1,1
2671,0,0.0,0.5,0,0,,0,60.4,0.0,60.4,1,1,1,1
2672,2,1.0,0.5,1,1,3.0,3,63.8,70.0,133.8,1,1,1,1
2673,1,1.0,0.5,1,1,1.0,1,62.3,67.9,130.2,1,1,1,1
2674,3,0.989894,0.5,1,1,3.0,3,61.3,66.7,128.0,1,1,1,1
2675,0,0.0,0.5,0,0,,0,71.4,0.0,71.4,1,1,1,1
2676,1,0.997497,0.5,1,1,1.0,1,61.8,69.9,131.7,1,1,1,1
2677,2,0.989894,0.5,1,1,2.0,2,61.9,70.6,132.5,1,1,1,1
2678,0,0.0,0.5,0,0,,0,70.1,0.0,70.1,1,1,1,1
2679,3,0.989894,0.5,1,1,3.0,3,61.8,70.5,132.3,1,1,1,1
2680,1,1.0,0.5,1,1,1.0,1,61.4,69.3,130.7,1,1,1,1
2681,0,0.0,0.5,0,0,,0,63.2,0.0,63.2,1,1,1,1
2682,0,0.0,0.5,0,0,,0,65.7,0.0,65.7,1,1,1,1
2683,1,1.0,0.5,1,1,1.0,1,62.6,69.1,131.7,1,1,1,1
2684,1,0.989894,0.5,1,1,1.0,1,61.7,76.7,138.4,1,1,1,1
2685,2,0.997497,0.5,1,1,2.0,2,67.0,70.3,137.3,1,1,1,1
2686,0,0.0,0.5,0,0,,0,61.8,0.0,61.8,1,1,1,1
2687,3,0.989894,0.5,1,1,3.0,3,60.7,70.3,131.0,1,1,1,1
2688,3,0.989894,0.5,1,1,2.0,2,71.4,72.9,144.3,1,1,1,1
2689,1,0.989894,0.5,1,1,1.0,1,64.7,68.5,133.2,1,1,1,1
2690,2,0.989894,0.5,1,1,3.0,3,63.3,69.8,133.1,1,1,1,1
2691,2,1.0,0.5,1,1,2.0,2,69.7,75.2,144.9,1,1,1,1
2692,1,0.989894,0.5,1,1,1.0,1,62.6,69.3,131.9,1,1,1,1
2693,3,0.989894,0.5,1,1,2.0,2,62.2,69.7,131.9,1,1,1,1
2694,3,0.989894,0.5,1,1,2.0,2,61.2,80.1,141.3,1,1,1,1
2695,2,0.989894,0.5,1,1,3.0,3,70.5,73.0,143.5,1,1,1,1
2696,3,0.989894,0.5,1,1,3.0,3,63.0,68.7,131.7,1,1,1,1
2697,3,0.989894,0.5,1,1,2.0,2,61.1,76.6,137.7,1,1,1,1
2698,2,0.989894,0.5,1,1,3.0,3,66.2,70.8,137.0,1,1,1,1
2699,1,1.0,0.5,1,1,1.0,1,62.1,70.6,132.7,1,1,1,1
2700,1,0.997497,0.5,1,1,1.0,1,60.7,68.0,128.7,1,1,1,1
2701,2,0.989894,0.5,1,1,2.0,2,72.5,72.0,144.5,1,1,1,1
2702,2,0.997497,0.5,1,1,2.0,2,61.8,71.8,133.6,1,1,1,1
2703,0,0.0,0.5,0,0,,0,60.9,0.0,60.9,1,1,1,1
2704,1,1.0,0.5,1,1,1.0,1,63.1,82.3,145.4,1,1,1,1
2705,2,0.989894,0.5,1,1,2.0,2,66.0,72.4,138.4,1,1,1,1
2706,2,0.989894,0.5,1,1,3.0,3,62.6,69.7,132.3,1,1,1,1
2707,2,0.989894,0.5,1,1,3.0,3,59.7,78.0,137.7,1,1,1,1
2708,1,0.999232,0.5,1,1,1.0,1,65.8,70.6,136.4,1,1,1,1
2709,1,0.989894,0.5,1,1,1.0,1,61.7,69.3,131.0,1,1,1,1
2710,3,1.0,0.5,1,1,2.0,2,61.0,67.8,128.8,1,1,1,1
2711,1,1.0,0.5,1,1,1.0,1,72.4,72.4,144.8,1,1,1,1
2712,2,0.999232,0.5,1,1,2.0,2,61.6,68.4,130.0,1,1,1,1
2713,0,0.0,0.5,0,0,,0,62.6,0.0,62.6,1,1,1,1
2714,2,0.989894,0.5,1,1,2.0,2,74.0,75.0,149.0,1,1,1,1
2715,0,0.0,0.5,0,0,,0,62.6,0.0,62.6,1,1,1,1
2716,3,1.0,0.5,1,1,3.0,3,60.4,68.8,129.2,1,1,1,1
2717,3,0.989894,0.5,1,1,2.0,2,61.9,80.7,142.6,1,1,1,1
2718,3,0.989894,0.5,1,1,3.0,3,62.3,68.5,130.8,1,1,1,1
2719,1,1.0,0.5,1,1,1.0,1,60.4,70.2,130.6,1,1,1,1
2720,2,1.0,0.5,1,1,2.0,2,60.8,69.1,129.9,1,1,1,1
2721,0,0.0,0.5,0,0,,0,67.8,0.0,67.8,1,1,1,1
2722,2,0.989894,0.5,1,1,3.0,3,61.4,69.6,131.0,1,1,1,1
2723,1,0.999232,0.5,1,1,1.0,1,61.2,69.8,131.0,1,1,1,1
2724,0,0.0,0.5,0,0,,0,70.9,0.0,70.9,1,1,1,1
2725,2,0.989894,0.5,1,1,3.0,3,63.2,70.1,133.3,1,1,1,1
2726,0,0.0,0.5,0,0,,0,60.6,0.0,60.6,1,1,1,1
2727,0,0.0,0.5,0,0,,0,60.6,0.0,60.6,1,1,1,1
2728,3,0.989894,0.5,1,1,3.0,3,64.7,69.7,134.4,1,1,1,1
2729,2,1.0,0.5,1,1,2.0,2,61.1,68.7,129.8,1,1,1,1
2730,0,0.0,0.5,0,0,,0,61.4,0.0,61.4,1,1,1,1
2731,0,0.0,0.5,0,0,,0,67.7,0.0,67.7,1,1,1,1
2732,1,0.989894,0.5,1,1,1.0,1,76.3,74.0,150.3,1,1,1,1
2733,1,0.989894,0.5,1,1,1.0,1,63.5,80.8,144.3,1,1,1,1
2734,0,0.0,0.5,0,0,,0,66.6,0.0,66.6,1,1,1,1
2735,0,0.0,0.5,0,0,,0,61.2,0.0,61.2,1,1,1,1
2736,2,1.0,0.5,1,1,3.0,3,62.0,70.3,132.3,1,1,1,1
2737,3,0.989894,0.5,1,1,3.0,3,74.0,70.7,144.7,1,1,1,1
2738,2,0.989894,0.5,1,1,3.0,3,62.6,68.7,131.3,1,1,1,1
2739,3,0.999232,0.5,1,1,3.0,3,62.2,69.9,132.1,1,1,1,1
2740,3,0.989894,0.5,1,1,3.0,3,71.6,71.5,143.1,1,1,1,1
2741,2,0.989894,0.5,1,1,2.0,2,62.6,71.5,134.1,1,1,1,1
2742,1,1.0,0.5,1,1,1.0,1,61.5,70.0,131.5,1,1,1,1
2743,2,0.989894,0.5,1,1,3.0,3,61.0,83.0,144.0,1,1,1,1
2744,3,0.989894,0.5,1,1,3.0,3,64.8,72.2,137.0,1,1,1,1
2745,1,1.0,0.5,1,1,1.0,1,67.2,99.9,167.1,1,1,1,1
2746,0,0.0,0.5,0,0,,0,65.2,0.0,65.2,1,1,1,1
2747,3,0.989894,0.5,1,1,3.0,3,65.1,72.2,137.3,1,1,1,1
2748,2,0.999232,0.5,1,1,3.0,3,60.8,70.4,131.2,1,1,1,1
2749,1,0.989894,0.5,1,1,1.0,1,61.8,92.8,154.6,1,1,1,1
2750,0,0.0,0.5,0,0,,0,68.7,0.0,68.7,1,1,1,1
2751,0,0.177465,0.5,0,0,,0,75.7,0.0,75.7,1,1,1,1
2752,2,1.0,0.5,1,1,2.0,2,69.8,83.5,153.3,1,1,1,1
2753,1,1.0,0.5,1,1,1.0,1,67.0,186.3,253.3,1,1,1,1
2754,2,0.989894,0.5,1,1,2.0,2,103.9,90.0,193.9,1,1,1,1
2755,2,0.999232,0.5,1,1,3.0,3,90.5,254.7,345.2,1,1,1,1
2756,0,0.0,0.5,0,0,,0,142.4,0.0,142.4,1,1,1,1
2757,0,0.0,0.5,0,0,,0,86.3,0.0,86.3,1,1,1,1
2758,0,0.0,0.5,0,0,,0,75.5,0.0,75.5,1,1,1,1
2759,1,0.997497,0.5,1,1,1.0,1,73.8,79.6,153.4,1,1,1,1
2760,3,1.0,0.5,1,1,3.0,3,72.1,83.7,155.8,1,1,1,1
2761,3,0.989894,0.5,1,1,3.0,3,86.2,298.9,385.1,1,1,1,1
2762,3,0.999232,0.5,1,1,2.0,2,98.8,86.6,185.4,1,1,1,1
2763,0,0.0,0.5,0,0,,0,70.4,0.0,70.4,1,1,1,1
2764,0,0.0,0.5,0,0,,0,65.2,0.0,65.2,1,1,1,1
2765,1,1.0,0.5,1,1,1.0,1,63.0,69.4,132.4,1,1,1,1
2766,3,0.989894,0.5,1,1,2.0,2,61.5,67.9,129.4,1,1,1,1
2767,1,1.0,0.5,1,1,1.0,1,61.7,69.9,131.6,1,1,1,1
2768,3,0.989894,0.5,1,1,2.0,2,61.0,70.2,131.2,1,1,1,1
2769,2,1.0,0.5,1,1,3.0,3,63.6,69.3,132.9,1,1,1,1
2770,0,0.0,0.5,0,0,,0,62.7,0.0,62.7,1,1,1,1
2771,0,0.0,0.5,0,0,,0,62.2,0.0,62.2,1,1,1,1
2772,0,0.0,0.5,0,0,,0,62.3,0.0,62.3,1,1,1,1
2773,3,1.0,0.5,1,1,3.0,3,63.3,70.3,133.6,1,1,1,1
2774,0,0.0,0.5,0,0,,0,60.8,0.0,60.8,1,1,1,1
2775,0,0.0,0.5,0,0,,0,61.0,0.0,61.0,1,1,1,1
2776,0,0.0,0.5,0,0,,0,61.0,0.0,61.0,1,1,1,1
2777,0,0.0,0.5,0,0,,0,61.6,0.0,61.6,1,1,1,1
2778,1,0.999232,0.5,1,1,1.0,1,60.7,69.2,129.9,1,1,1,1
2779,0,0.0,0.5,0,0,,0,62.0,0.0,62.0,1,1,1,1
2780,0,0.0,0.5,0,0,,0,61.1,0.0,61.1,1,1,1,1
2781,0,0.0,0.5,0,0,,0,61.4,0.0,61.4,1,1,1,1
2782,2,0.989894,0.5,1,1,3.0,3,59.6,69.8,129.4,1,1,1,1
2783,0,0.0,0.5,0,0,,0,61.0,0.0,61.0,1,1,1,1
2784,3,0.989894,0.5,1,1,2.0,2,60.4,69.1,129.5,1,1,1,1
2785,0,0.0,0.5,0,0,,0,62.0,0.0,62.0,1,1,1,1
2786,2,0.989894,0.5,1,1,3.0,3,60.7,67.1,127.8,1,1,1,1
2787,2,0.989894,0.5,1,1,2.0,2,59.7,69.6,129.3,1,1,1,1
2788,2,0.989894,0.5,1,1,3.0,3,61.3,67.4,128.7,1,1,1,1
2789,3,0.989894,0.5,1,1,3.0,3,62.3,67.9,130.2,1,1,1,1
2790,3,0.999232,0.5,1,1,2.0,2,58.7,68.6,127.3,1,1,1,1
2791,0,0.0,0.5,0,0,,0,59.2,0.0,59.2,1,1,1,1
2792,3,0.989894,0.5,1,1,3.0,3,73.3,75.7,149.0,1,1,1,1
2793,1,1.0,0.5,1,1,1.0,1,64.9,69.5,134.4,1,1,1,1
2794,0,0.0,0.5,0,0,,0,61.8,0.0,61.8,1,1,1,1
2795,3,0.989894,0.5,1,1,2.0,2,60.6,83.6,144.2,1,1,1,1
2796,2,0.989894,0.5,1,1,3.0,3,63.8,69.1,132.9,1,1,1,1
2797,2,0.989894,0.5,1,1,3.0,3,61.4,68.2,129.6,1,1,1,1
2798,3,0.989894,0.5,1,1,2.0,2,59.5,66.8,126.3,1,1,1,1
2799,2,0.989894,0.5,1,1,2.0,2,70.9,71.2,142.1,1,1,1,1
2800,0,0.0,0.5,0,0,,0,61.6,0.0,61.6,1,1,1,1
2801,3,0.989894,0.5,1,1,2.0,2,60.3,68.6,128.9,1,1,1,1
2802,1,1.0,0.5,1,1,1.0,1,68.7,71.5,140.2,1,1,1,1
2803,1,0.989894,0.5,1,1,1.0,1,61.2,70.0,131.2,1,1,1,1
2804,2,0.989894,0.5,1,1,2.0,2,59.7,69.6,129.3,1,1,1,1
2805,1,0.989894,0.5,1,1,1.0,1,62.3,79.6,141.9,1,1,1,1
2806,0,0.0,0.5,0,0,,0,63.2,0.0,63.2,1,1,1,1
2807,2,1.0,0.5,1,1,2.0,2,62.0,69.8,131.8,1,1,1,1
2808,0,0.0,0.5,0,0,,0,61.6,0.0,61.6,1,1,1,1
2809,3,0.989894,0.5,1,1,3.0,3,66.4,71.2,137.6,1,1,1,1
2810,1,1.0,0.5,1,1,1.0,1,62.3,68.9,131.2,1,1,1,1
2811,0,0.177465,0.5,0,0,,0,60.8,0.0,60.8,1,1,1,1
2812,3,0.989894,0.5,1,1,3.0,3,69.7,71.2,140.9,1,1,1,1
2813,0,0.0,0.5,0,0,,0,62.7,0.0,62.7,1,1,1,1
2814,2,0.989894,0.5,1,1,2.0,2,60.9,67.4,128.3,1,1,1,1
2815,1,1.0,0.5,1,1,1.0,1,61.3,78.1,139.4,1,1,1,1
2816,2,0.989894,0.5,1,1,3.0,3,62.7,68.9,131.6,1,1,1,1
2817,2,1.0,0.5,1,1,2.0,2,61.7,68.9,130.6,1,1,1,1
2818,0,0.0,0.5,0,0,,0,60.8,0.0,60.8,1,1,1,1
2819,0,0.0,0.5,0,0,,0,64.9,0.0,64.9,1,1,1,1
2820,3,0.989894,0.5,1,1,3.0,3,61.0,67.8,128.8,1,1,1,1
2821,3,0.989894,0.5,1,1,3.0,3,61.7,68.4,130.1,1,1,1,1
2822,0,0.0,0.5,0,0,,0,71.0,0.0,71.0,1,1,1,1
2823,2,0.989894,0.5,1,1,3.0,3,61.9,68.6,130.5,1,1,1,1
2824,1,1.0,0.5,1,1,1.0,1,60.7,69.3,130.0,1,1,1,1
2825,0,0.0,0.5,0,0,,0,62.3,0.0,62.3,1,1,1,1
2826,3,0.989894,0.5,1,1,3.0,3,63.2,69.9,133.1,1,1,1,1
2827,2,0.989894,0.5,1,1,2.0,2,61.8,70.2,132.0,1,1,1,1
2828,2,0.989894,0.5,1,1,2.0,2,61.2,76.4,137.6,1,1,1,1
2829,2,0.989894,0.5,1,1,3.0,3,67.1,70.5,137.6,1,1,1,1
2830,0,0.0,0.5,0,0,,0,62.6,0.0,62.6,1,1,1,1
2831,1,1.0,0.5,1,1,1.0,1,60.6,68.6,129.2,1,1,1,1
2832,0,0.0,0.5,0,0,,0,71.0,0.0,71.0,1,1,1,1
2833,3,0.989894,0.5,1,1,2.0,2,62.1,69.7,131.8,1,1,1,1
2834,2,0.989894,0.5,1,1,2.0,2,60.5,116.2,176.7,1,1,1,1
2835,3,0.989894,0.5,1,1,3.0,3,182.9,126.7,309.6,1,1,1,1
2836,0,0.0,0.5,0,0,,0,107.4,0.0,107.4,1,1,1,1
2837,0,0.0,0.5,0,0,,0,126.4,0.0,126.4,1,1,1,1
2838,1,1.0,0.5,1,1,1.0,1,145.4,121.9,267.3,1,1,1,1
2839,3,0.989894,0.5,1,1,3.0,3,114.7,116.0,230.7,1,1,1,1
2840,3,0.989894,0.5,1,1,3.0,3,144.1,119.5,263.6,1,1,1,1
2841,3,1.0,0.5,1,1,3.0,3,86.9,80.9,167.8,1,1,1,1
2842,2,0.999232,0.5,1,1,3.0,3,66.2,103.8,170.0,1,1,1,1
2843,2,0.989894,0.5,1,1,2.0,2,109.9,112.3,222.2,1,1,1,1
2844,1,0.989894,0.5,1,1,1.0,1,69.2,81.9,151.1,1,1,1,1
2845,0,0.0,0.5,0,0,,0,70.0,0.0,70.0,1,1,1,1
2846,2,0.989894,0.5,1,1,2.0,2,63.6,71.3,134.9,1,1,1,1
2847,0,0.0,0.5,0,0,,0,62.8,0.0,62.8,1,1,1,1
2848,1,1.0,0.5,1,1,1.0,1,73.6,73.5,147.1,1,1,1,1
2849,0,0.0,0.5,0,0,,0,62.6,0.0,62.6,1,1,1,1
2850,0,0.177465,0.5,0,0,,0,59.8,0.0,59.8,1,1,1,1
2851,0,0.0,0.5,0,0,,0,72.7,0.0,72.7,1,1,1,1
2852,0,0.0,0.5,0,0,,0,62.2,0.0,62.2,1,1,1,1
2853,2,1.0,0.5,1,1,3.0,3,62.4,69.2,131.6,1,1,1,1
2854,2,0.989894,0.5,1,1,3.0,3,62.5,78.7,141.2,1,1,1,1
2855,0,0.0,0.5,0,0,,0,64.6,0.0,64.6,1,1,1,1
2856,3,0.989894,0.5,1,1,2.0,2,62.0,69.3,131.3,1,1,1,1
2857,2,0.989894,0.5,1,1,3.0,3,62.4,77.4,139.8,1,1,1,1
2858,2,0.989894,0.5,1,1,3.0,3,66.9,71.0,137.9,1,1,1,1
2859,0,0.0,0.5,0,0,,0,62.8,0.0,62.8,1,1,1,1
2860,2,0.989894,0.5,1,1,3.0,3,61.4,165.8,227.2,1,1,1,1
2861,0,0.0,0.5,0,0,,0,161.9,0.0,161.9,1,1,1,1
2862,3,0.989894,0.5,1,1,2.0,2,187.8,306.2,494.0,1,1,1,1
2863,1,1.0,0.5,1,1,1.0,1,121.9,102.0,223.9,1,1,1,1
2864,1,0.989894,0.5,1,1,1.0,1,88.6,89.2,177.8,1,1,1,1
2865,3,0.989894,0.5,1,1,3.0,3,71.5,79.7,151.2,1,1,1,1
2866,1,0.989894,0.5,1,1,1.0,1,68.2,74.1,142.3,1,1,1,1
2867,2,0.989894,0.5,1,1,2.0,2,66.8,75.9,142.7,1,1,1,1
2868,0,0.0,0.5,0,0,,0,65.4,0.0,65.4,1,1,1,1
2869,0,0.0,0.5,0,0,,0,65.9,0.0,65.9,1,1,1,1
2870,3,0.989894,0.5,1,1,2.0,2,64.1,73.2,137.3,1,1,1,1
2871,3,0.989894,0.5,1,1,3.0,3,66.8,75.0,141.8,1,1,1,1
2872,3,0.989894,0.5,1,1,2.0,2,63.5,71.2,134.7,1,1,1,1
2873,3,1.0,0.5,1,1,3.0,3,63.2,71.5,134.7,1,1,1,1
2874,0,0.0,0.5,0,0,,0,64.0,0.0,64.0,1,1,1,1
2875,2,1.0,0.5,1,1,3.0,3,63.2,72.9,136.1,1,1,1,1
2876,3,0.989894,0.5,1,1,2.0,2,61.9,71.0,132.9,1,1,1,1
2877,2,0.989894,0.5,1,1,2.0,2,61.9,70.4,132.3,1,1,1,1
2878,3,0.989894,0.5,1,1,3.0,3,64.7,71.4,136.1,1,1,1,1
2879,1,0.989894,0.5,1,1,1.0,1,62.3,72.3,134.6,1,1,1,1
2880,0,0.0,0.5,0,0,,0,63.0,0.0,63.0,1,1,1,1
2881,2,0.997497,0.5,1,1,2.0,2,63.9,70.9,134.8,1,1,1,1
2882,2,1.0,0.5,1,1,2.0,2,62.6,70.6,133.2,1,1,1,1
2883,1,1.0,0.5,1,1,1.0,1,62.3,71.4,133.7,1,1,1,1
2884,0,0.0,0.5,0,0,,0,61.7,0.0,61.7,1,1,1,1
2885,2,0.989894,0.5,1,1,2.0,2,64.1,70.6,134.7,1,1,1,1
2886,2,0.989894,0.5,1,1,2.0,2,62.3,69.0,131.3,1,1,1,1
2887,1,1.0,0.5,1,1,1.0,1,63.3,107.8,171.1,1,1,1,1
2888,3,0.989894,0.5,1,1,3.0,3,85.8,83.0,168.8,1,1,1,1
2889,0,0.0,0.5,0,0,,0,69.0,0.0,69.0,1,1,1,1
2890,2,0.989894,0.5,1,1,3.0,3,63.8,87.3,151.1,1,1,1,1
2891,3,1.0,0.5,1,1,2.0,2,66.5,72.8,139.3,1,1,1,1
2892,0,0.0,0.5,0,0,,0,62.7,0.0,62.7,1,1,1,1
2893,2,0.989894,0.5,1,1,0.0,0,63.5,78.9,142.4,1,1,1,1
2894,2,0.999232,0.5,1,1,3.0,3,67.5,71.3,138.8,1,1,1,1
2895,3,0.989894,0.5,1,1,3.0,3,63.0,72.4,135.4,1,1,1,1
2896,1,1.0,0.5,1,1,1.0,1,62.8,72.5,135.3,1,1,1,1
2897,3,0.989894,0.5,1,1,2.0,2,74.5,75.1,149.6,1,1,1,1
2898,3,0.989894,0.5,1,1,2.0,2,64.4,69.7,134.1,1,1,1,1
2899,0,0.0,0.5,0,0,,0,62.3,0.0,62.3,1,1,1,1
2900,1,0.989894,0.5,1,1,1.0,1,72.4,73.6,146.0,1,1,1,1
2901,2,0.989894,0.5,1,1,3.0,3,64.6,71.1,135.7,1,1,1,1
2902,2,0.989894,0.5,1,1,3.0,3,61.3,70.1,131.4,1,1,1,1
2903,2,0.989894,0.5,1,1,2.0,2,60.8,83.6,144.4,1,1,1,1
2904,0,0.0,0.5,0,0,,0,64.4,0.0,64.4,1,1,1,1
2905,0,0.0,0.5,0,0,,0,63.4,0.0,63.4,1,1,1,1
2906,2,0.989894,0.5,1,1,3.0,3,61.8,78.3,140.1,1,1,1,1
2907,2,1.0,0.5,1,1,3.0,3,67.2,71.6,138.8,1,1,1,1
2908,0,0.0,0.5,0,0,,0,62.9,0.0,62.9,1,1,1,1
2909,0,0.0,0.5,0,0,,0,62.9,0.0,62.9,1,1,1,1
2910,1,0.999232,0.5,1,1,1.0,1,72.4,70.8,143.2,1,1,1,1
2911,0,0.0,0.5,0,0,,0,63.1,0.0,63.1,1,1,1,1
2912,2,0.989894,0.5,1,1,2.0,2,61.7,70.1,131.8,1,1,1,1
2913,1,0.997497,0.5,1,1,1.0,1,71.3,73.7,145.0,1,1,1,1
2914,0,0.0,0.5,0,0,,0,62.3,0.0,62.3,1,1,1,1
2915,3,0.989894,0.5,1,1,3.0,3,61.2,70.4,131.6,1,1,1,1
2916,2,0.989894,0.5,1,1,2.0,2,60.9,79.0,139.9,1,1,1,1
2917,1,0.997497,0.5,1,1,1.0,1,63.9,68.2,132.1,1,1,1,1
2918,2,0.989894,0.5,1,1,3.0,3,61.0,69.3,130.3,1,1,1,1
2919,0,0.177465,0.5,0,0,,0,60.6,0.0,60.6,1,1,1,1
2920,3,1.0,0.5,1,1,3.0,3,65.5,71.4,136.9,1,1,1,1
2921,1,1.0,0.5,1,1,1.0,1,62.5,68.9,131.4,1,1,1,1
2922,0,0.989894,0.5,1,1,0.0,0,60.9,69.4,130.3,1,1,1,1
2923,0,0.0,0.5,0,0,,0,71.9,0.0,71.9,1,1,1,1
2924,3,0.989894,0.5,1,1,3.0,3,61.5,68.2,129.7,1,1,1,1
2925,2,0.989894,0.5,1,1,2.0,2,62.2,69.3,131.5,1,1,1,1
2926,0,0.0,0.5,0,0,,0,59.4,0.0,59.4,1,1,1,1
2927,3,0.989894,0.5,1,1,3.0,3,63.5,70.7,134.2,1,1,1,1
2928,1,1.0,0.5,1,1,1.0,1,62.5,68.6,131.1,1,1,1,1
2929,0,0.0,0.5,0,0,,0,61.5,0.0,61.5,1,1,1,1
2930,0,0.0,0.5,0,0,,0,67.0,0.0,67.0,1,1,1,1
2931,0,0.0,0.5,0,0,,0,110.1,0.0,110.1,1,1,1,1
2932,2,0.989894,0.5,1,1,3.0,3,67.4,85.0,152.4,1,1,1,1
2933,2,0.989894,0.5,1,1,3.0,3,67.8,72.5,140.3,1,1,1,1
2934,3,0.989894,0.5,1,1,2.0,2,62.1,70.6,132.7,1,1,1,1
2935,1,0.997497,0.5,1,1,1.0,1,61.6,78.7,140.3,1,1,1,1
2936,3,0.989894,0.5,1,1,2.0,2,67.0,71.2,138.2,1,1,1,1
2937,3,0.989894,0.5,1,1,2.0,2,65.3,104.7,170.0,1,1,1,1
2938,2,0.989894,0.5,1,1,3.0,3,70.0,78.3,148.3,1,1,1,1
2939,0,0.0,0.5,0,0,,0,67.7,0.0,67.7,1,1,1,1
2940,2,1.0,0.5,1,1,2.0,2,62.3,69.9,132.2,1,1,1,1
2941,2,0.989894,0.5,1,1,3.0,3,62.4,69.9,132.3,1,1,1,1
2942,2,0.989894,0.5,1,1,2.0,2,73.2,71.1,144.3,1,1,1,1
2943,3,0.999232,0.5,1,1,3.0,3,61.5,70.3,131.8,1,1,1,1
2944,0,0.0,0.5,0,0,,0,59.8,0.0,59.8,1,1,1,1
2945,1,1.0,0.5,1,1,1.0,1,62.2,81.3,143.5,1,1,1,1
2946,3,0.989894,0.5,1,1,3.0,3,64.7,69.5,134.2,1,1,1,1
2947,3,1.0,0.5,1,1,3.0,3,62.0,70.3,132.3,1,1,1,1
2948,3,0.989894,0.5,1,1,2.0,2,61.1,76.8,137.9,1,1,1,1
2949,0,0.0,0.5,0,0,,0,66.4,0.0,66.4,1,1,1,1
2950,0,0.0,0.5,0,0,,0,61.1,0.0,61.1,1,1,1,1
2951,0,0.0,0.5,0,0,,0,60.9,0.0,60.9,1,1,1,1
2952,0,0.0,0.5,0,0,,0,72.8,0.0,72.8,1,1,1,1
2953,1,0.989894,0.5,1,1,1.0,1,62.8,69.1,131.9,1,1,1,1
2954,1,1.0,0.5,1,1,1.0,1,60.1,68.1,128.2,1,1,1,1
2955,1,0.999232,0.5,1,1,1.0,1,68.4,75.3,143.7,1,1,1,1
2956,0,0.0,0.5,0,0,,0,61.0,0.0,61.0,1,1,1,1
2957,2,0.989894,0.5,1,1,2.0,2,63.4,70.6,134.0,1,1,1,1
2958,0,0.0,0.5,0,0,,0,61.8,0.0,61.8,1,1,1,1
2959,1,1.0,0.5,1,1,1.0,1,63.8,70.2,134.0,1,1,1,1
2960,1,0.989894,0.5,1,1,1.0,1,59.2,88.3,147.5,1,1,1,1
2961,0,0.0,0.5,0,0,,0,73.0,0.0,73.0,1,1,1,1
2962,3,0.989894,0.5,1,1,2.0,2,66.0,68.5,134.5,1,1,1,1
2963,3,0.989894,0.5,1,1,3.0,3,60.8,68.4,129.2,1,1,1,1
2964,2,0.989894,0.5,1,1,3.0,3,61.1,70.4,131.5,1,1,1,1
2965,2,0.989894,0.5,1,1,2.0,2,74.0,70.7,144.7,1,1,1,1
2966,3,1.0,0.5,1,1,3.0,3,60.6,68.9,129.5,1,1,1,1
2967,1,1.0,0.5,1,1,1.0,1,61.1,69.5,130.6,1,1,1,1
2968,2,0.989894,0.5,1,1,2.0,2,71.5,72.8,144.3,1,1,1,1
2969,0,0.0,0.5,0,0,,0,62.3,0.0,62.3,1,1,1,1
2970,1,0.997497,0.5,1,1,1.0,1,61.4,272.5,333.9,1,1,1,1
2971,3,0.989894,0.5,1,1,2.0,2,180.0,249.6,429.6,1,1,1,1
2972,0,0.0,0.5,0,0,,0,146.4,0.0,146.4,1,1,1,1
2973,2,1.0,0.5,1,1,3.0,3,198.4,144.2,342.6,1,1,1,1
2974,3,0.989894,0.5,1,1,2.0,2,122.2,99.6,221.8,1,1,1,1
2975,2,0.989894,0.5,1,1,3.0,3,80.3,98.2,178.5,1,1,1,1
2976,2,0.989894,0.5,1,1,3.0,3,82.0,85.7,167.7,1,1,1,1
2977,2,0.989894,0.5,1,1,3.0,3,77.0,79.5,156.5,1,1,1,1
2978,0,0.0,0.5,0,0,,0,74.4,0.0,74.4,1,1,1,1
2979,1,1.0,0.5,1,1,1.0,1,71.6,82.2,153.8,1,1,1,1
2980,1,1.0,0.5,1,1,1.0,1,69.6,78.4,148.0,1,1,1,1
2981,3,1.0,0.5,1,1,3.0,3,69.5,76.5,146.0,1,1,1,1
2982,2,0.989894,0.5,1,1,2.0,2,89.5,82.5,172.0,1,1,1,1
2983,2,0.989894,0.5,1,1,2.0,2,71.9,77.4,149.3,1,1,1,1
2984,1,0.989894,0.5,1,1,1.0,1,66.4,76.4,142.8,1,1,1,1
2985,3,0.989894,0.5,1,1,2.0,2,78.8,78.5,157.3,1,1,1,1
2986,0,0.0,0.5,0,0,,0,66.1,0.0,66.1,1,1,1,1
2987,1,0.989894,0.5,1,1,1.0,1,66.6,76.4,143.0,1,1,1,1
2988,2,0.989894,0.5,1,1,3.0,3,67.0,75.5,142.5,1,1,1,1
2989,3,0.989894,0.5,1,1,3.0,3,69.0,75.7,144.7,1,1,1,1
2990,3,0.989894,0.5,1,1,3.0,3,65.1,73.7,138.8,1,1,1,1
2991,0,0.177465,0.5,0,0,,0,67.1,0.0,67.1,1,1,1,1
2992,3,0.989894,0.5,1,1,2.0,2,75.7,75.7,151.4,1,1,1,1
2993,1,1.0,0.5,1,1,1.0,1,65.5,73.1,138.6,1,1,1,1
2994,0,0.0,0.5,0,0,,0,64.9,0.0,64.9,1,1,1,1
2995,0,0.0,0.5,0,0,,0,63.8,0.0,63.8,1,1,1,1
2996,3,0.989894,0.5,1,1,3.0,3,64.0,71.9,135.9,1,1,1,1
2997,2,0.989894,0.5,1,1,2.0,2,65.3,71.7,137.0,1,1,1,1
2998,2,0.989894,0.5,1,1,3.0,3,64.5,70.3,134.8,1,1,1,1
2999,0,0.0,0.5,0,0,,0,75.4,0.0,75.4,1,1,1,1
3000,1,0.989894,0.5,1,1,1.0,1,64.3,74.0,138.3,1,1,1,1
3001,1,1.0,0.5,1,1,1.0,1,64.5,74.7,139.2,1,1,1,1
3002,1,0.989894,0.5,1,1,1.0,1,63.6,72.0,135.6,1,1,1,1
3003,2,0.989894,0.5,1,1,3.0,3,68.0,70.8,138.8,1,1,1,1
3004,0,0.0,0.5,0,0,,0,78.7,0.0,78.7,1,1,1,1
3005,3,0.989894,0.5,1,1,3.0,3,64.9,76.7,141.6,1,1,1,1
3006,3,0.989894,0.5,1,1,3.0,3,67.6,73.0,140.6,1,1,1,1
3007,0,0.0,0.5,0,0,,0,82.2,0.0,82.2,1,1,1,1
3008,1,1.0,0.5,1,1,1.0,1,64.5,73.4,137.9,1,1,1,1
3009,3,0.999232,0.5,1,1,3.0,3,64.3,70.7,135.0,1,1,1,1
3010,0,0.177465,0.5,0,0,,0,61.4,0.0,61.4,1,1,1,1
3011,1,0.997497,0.5,1,1,1.0,1,66.8,71.9,138.7,1,1,1,1
3012,3,0.989894,0.5,1,1,2.0,2,62.8,78.5,141.3,1,1,1,1
3013,0,0.0,0.5,0,0,,0,67.1,0.0,67.1,1,1,1,1
3014,0,0.0,0.5,0,0,,0,66.5,0.0,66.5,1,1,1,1
3015,3,0.999232,0.5,1,1,3.0,3,111.7,128.0,239.7,1,1,1,1
3016,0,0.0,0.5,0,0,,0,120.3,0.0,120.3,1,1,1,1
3017,3,0.989894,0.5,1,1,2.0,2,137.5,138.3,275.8,1,1,1,1
3018,2,1.0,0.5,1,1,2.0,2,115.5,126.0,241.5,1,1,1,1
3019,2,0.989894,0.5,1,1,2.0,2,111.8,129.4,241.2,1,1,1,1
3020,0,0.0,0.5,0,0,,0,127.7,0.0,127.7,1,1,1,1
3021,2,0.989894,0.5,1,1,3.0,3,129.1,280.9,410.0,1,1,1,1
3022,0,0.177465,0.5,0,0,,0,204.6,0.0,204.6,1,1,1,1
3023,0,0.0,0.5,0,0,,0,80.2,0.0,80.2,1,1,1,1
3024,2,0.989894,0.5,1,1,3.0,3,72.4,92.8,165.2,1,1,1,1
3025,1,1.0,0.5,1,1,1.0,1,71.3,77.3,148.6,1,1,1,1
3026,3,0.989894,0.5,1,1,3.0,3,68.7,74.7,143.4,1,1,1,1
3027,1,0.997497,0.5,1,1,1.0,1,67.0,77.5,144.5,1,1,1,1
3028,0,0.0,0.5,0,0,,0,65.2,0.0,65.2,1,1,1,1
3029,0,0.0,0.5,0,0,,0,70.2,0.0,70.2,1,1,1,1
3030,2,0.989894,0.5,1,1,2.0,2,71.1,83.1,154.2,1,1,1,1
3031,0,0.0,0.5,0,0,,0,72.7,0.0,72.7,1,1,1,1
3032,0,0.0,0.5,0,0,,0,73.9,0.0,73.9,1,1,1,1
3033,1,1.0,0.5,1,1,1.0,1,72.9,82.5,155.4,1,1,1,1
3034,1,0.989894,0.5,1,1,1.0,1,72.4,81.0,153.4,1,1,1,1
3035,3,0.989894,0.5,1,1,2.0,2,71.6,86.3,157.9,1,1,1,1
3036,2,1.0,0.5,1,1,3.0,3,75.7,83.1,158.8,1,1,1,1
3037,3,0.989894,0.5,1,1,2.0,2,77.3,87.3,164.6,1,1,1,1
3038,1,0.989894,0.5,1,1,1.0,1,77.1,92.2,169.3,1,1,1,1
3039,0,0.0,0.5,0,0,,0,78.9,0.0,78.9,1,1,1,1
3040,0,0.0,0.5,0,0,,0,80.4,0.0,80.4,1,1,1,1
3041,0,0.0,0.5,0,0,,0,84.3,0.0,84.3,1,1,1,1
3042,3,0.989894,0.5,1,1,2.0,2,82.4,90.3,172.7,1,1,1,1
3043,1,1.0,0.5,1,1,1.0,1,81.0,91.6,172.6,1,1,1,1
3044,1,0.177465,0.5,0,0,,0,83.6,0.0,83.6,1,1,1,1
3045,1,0.997497,0.5,1,1,1.0,1,78.2,87.6,165.8,1,1,1,1
3046,3,0.989894,0.5,1,1,2.0,2,98.5,97.3,195.8,1,1,1,1
3047,0,0.0,0.5,0,0,,0,76.5,0.0,76.5,1,1,1,1
3048,1,1.0,0.5,1,1,1.0,1,75.8,81.7,157.5,1,1,1,1
3049,3,0.989894,0.5,1,1,3.0,3,77.6,99.8,177.4,1,1,1,1
3050,1,0.989894,0.5,1,1,1.0,1,76.8,83.6,160.4,1,1,1,1
3051,3,0.989894,0.5,1,1,2.0,2,70.5,80.7,151.2,1,1,1,1
3052,3,0.989894,0.5,1,1,2.0,2,70.3,90.7,161.0,1,1,1,1
3053,0,0.0,0.5,0,0,,0,79.4,0.0,79.4,1,1,1,1
3054,2,1.0,0.5,1,1,3.0,3,68.7,80.3,149.0,1,1,1,1
3055,3,0.989894,0.5,1,1,3.0,3,66.8,73.6,140.4,1,1,1,1
3056,0,0.0,0.5,0,0,,0,81.4,0.0,81.4,1,1,1,1
3057,2,0.989894,0.5,1,1,3.0,3,64.6,72.7,137.3,1,1,1,1
3058,3,1.0,0.5,1,1,3.0,3,64.0,72.1,136.1,1,1,1,1
3059,1,0.989894,0.5,1,1,1.0,1,74.2,75.9,150.1,1,1,1,1
3060,0,0.0,0.5,0,0,,0,64.4,0.0,64.4,1,1,1,1
3061,3,0.999232,0.5,1,1,2.0,2,64.1,72.2,136.3,1,1,1,1
3062,2,0.999232,0.5,1,1,3.0,3,60.0,79.8,139.8,1,1,1,1
3063,3,0.989894,0.5,1,1,3.0,3,64.0,72.0,136.0,1,1,1,1
3064,0,0.0,0.5,0,0,,0,59.9,0.0,59.9,1,1,1,1
3065,2,0.989894,0.5,1,1,3.0,3,62.1,188.8,250.9,1,1,1,1
3066,2,0.989894,0.5,1,1,3.0,3,122.8,114.2,237.0,1,1,1,1
3067,0,0.0,0.5,0,0,,0,255.7,0.0,255.7,1,1,1,1
3068,2,0.989894,0.5,1,1,3.0,3,143.1,92.3,235.4,1,1,1,1
3069,3,0.989894,0.5,1,1,2.0,2,74.3,78.1,152.4,1,1,1,1
3070,2,0.989894,0.5,1,1,2.0,2,64.6,71.9,136.5,1,1,1,1
3071,3,1.0,0.5,1,1,3.0,3,63.2,70.9,134.1,1,1,1,1
3072,3,0.989894,0.5,1,1,3.0,3,60.6,69.8,130.4,1,1,1,1
3073,1,0.999232,0.5,1,1,1.0,1,62.6,71.7,134.3,1,1,1,1
3074,2,0.989894,0.5,1,1,3.0,3,62.0,70.4,132.4,1,1,1,1
3075,3,0.989894,0.5,1,1,2.0,2,60.4,71.5,131.9,1,1,1,1
3076,0,0.0,0.5,0,0,,0,61.6,0.0,61.6,1,1,1,1
3077,2,1.0,0.5,1,1,2.0,2,60.8,68.7,129.5,1,1,1,1
3078,2,0.989894,0.5,1,1,2.0,2,60.9,68.6,129.5,1,1,1,1
3079,3,0.989894,0.5,1,1,3.0,3,61.1,68.8,129.9,1,1,1,1
3080,3,0.989894,0.5,1,1,3.0,3,61.3,68.3,129.6,1,1,1,1
3081,1,0.989894,0.5,1,1,1.0,1,61.4,69.8,131.2,1,1,1,1
3082,2,0.989894,0.5,1,1,2.0,2,60.0,69.6,129.6,1,1,1,1
3083,0,0.177465,0.5,0,0,,0,60.5,0.0,60.5,1,1,1,1
3084,1,1.0,0.5,1,1,1.0,1,61.0,69.9,130.9,1,1,1,1
3085,0,0.0,0.5,0,0,,0,61.7,0.0,61.7,1,1,1,1
3086,3,1.0,0.5,1,1,3.0,3,63.3,71.9,135.2,1,1,1,1
3087,2,0.989894,0.5,1,1,3.0,3,63.3,76.2,139.5,1,1,1,1
3088,3,0.989894,0.5,1,1,2.0,2,65.2,73.5,138.7,1,1,1,1
3089,1,0.989894,0.5,1,1,1.0,1,66.5,73.9,140.4,1,1,1,1
3090,0,0.0,0.5,0,0,,0,66.1,0.0,66.1,1,1,1,1
3091,0,0.0,0.5,0,0,,0,66.3,0.0,66.3,1,1,1,1
3092,0,0.0,0.5,0,0,,0,69.8,0.0,69.8,1,1,1,1
3093,0,0.0,0.5,0,0,,0,69.8,0.0,69.8,1,1,1,1
3094,2,1.0,0.5,1,1,3.0,3,70.4,80.7,151.1,1,1,1,1
3095,2,0.989894,0.5,1,1,2.0,2,72.2,81.1,153.3,1,1,1,1
3096,1,1.0,0.5,1,1,1.0,1,72.2,81.6,153.8,1,1,1,1
3097,0,0.0,0.5,0,0,,0,73.7,0.0,73.7,1,1,1,1
3098,3,0.989894,0.5,1,1,3.0,3,75.1,84.8,159.9,1,1,1,1
3099,0,0.0,0.5,0,0,,0,98.3,0.0,98.3,1,1,1,1
3100,0,0.0,0.5,0,0,,0,77.0,0.0,77.0,1,1,1,1
3101,3,0.989894,0.5,1,1,3.0,3,80.2,89.4,169.6,1,1,1,1
3102,3,0.989894,0.5,1,1,2.0,2,98.1,100.9,199.0,1,1,1,1
3103,3,0.989894,0.5,1,1,3.0,3,83.7,93.8,177.5,1,1,1,1
3104,2,1.0,0.5,1,1,3.0,3,81.7,90.2,171.9,1,1,1,1
3105,1,0.989894,0.5,1,1,1.0,1,83.2,109.5,192.7,1,1,1,1
3106,0,0.0,0.5,0,0,,0,86.1,0.0,86.1,1,1,1,1
3107,1,0.989894,0.5,1,1,1.0,1,83.2,84.4,167.6,1,1,1,1
3108,3,0.989894,0.5,1,1,3.0,3,60.4,70.6,131.0,1,1,1,1
3109,3,1.0,0.5,1,1,2.0,2,67.6,71.7,139.3,1,1,1,1
3110,1,1.0,0.5,1,1,1.0,1,61.3,70.7,132.0,1,1,1,1
3111,0,0.0,0.5,0,0,,0,59.7,0.0,59.7,1,1,1,1
3112,2,0.989894,0.5,1,1,3.0,3,71.3,70.5,141.8,1,1,1,1
3113,1,1.0,0.5,1,1,1.0,1,62.9,69.7,132.6,1,1,1,1
3114,0,0.0,0.5,0,0,,0,61.8,0.0,61.8,1,1,1,1
3115,0,0.0,0.5,0,0,,0,60.8,0.0,60.8,1,1,1,1
3116,0,0.0,0.5,0,0,,0,63.7,0.0,63.7,1,1,1,1
3117,1,1.0,0.5,1,1,1.0,1,63.4,69.1,132.5,1,1,1,1
3118,0,0.0,0.5,0,0,,0,61.3,0.0,61.3,1,1,1,1
3119,3,0.989894,0.5,1,1,3.0,3,65.5,70.1,135.6,1,1,1,1
3120,1,0.997497,0.5,1,1,1.0,1,61.1,69.5,130.6,1,1,1,1
3121,0,0.0,0.5,0,0,,0,171.6,0.0,171.6,1,1,1,1
3122,0,0.0,0.5,0,0,,0,104.7,0.0,104.7,1,1,1,1
3123,2,1.0,0.5,1,1,3.0,3,69.0,75.9,144.9,1,1,1,1
3124,1,1.0,0.5,1,1,1.0,1,65.8,85.5,151.3,1,1,1,1
3125,2,0.989894,0.5,1,1,3.0,3,69.5,73.6,143.1,1,1,1,1
3126,1,0.997497,0.5,1,1,1.0,1,76.7,75.6,152.3,1,1,1,1
3127,1,0.999232,0.5,1,1,1.0,1,108.3,142.3,250.6,1,1,1,1
3128,3,0.989894,0.5,1,1,3.0,3,115.3,125.9,241.2,1,1,1,1
3129,2,0.989894,0.5,1,1,3.0,3,111.7,127.2,238.9,1,1,1,1
3130,2,0.989894,0.5,1,1,3.0,3,123.0,146.3,269.3,1,1,1,1
3131,0,0.0,0.5,0,0,,0,120.7,0.0,120.7,1,1,1,1
3132,3,1.0,0.5,1,1,3.0,3,120.5,133.9,254.4,1,1,1,1
3133,1,0.177465,0.5,0,0,,0,119.2,0.0,119.2,1,1,1,1
3134,3,0.989894,0.5,1,1,2.0,2,274.3,320.3,594.6,1,1,1,1
3135,0,0.0,0.5,0,0,,0,187.0,0.0,187.0,1,1,1,1
3136,2,1.0,0.5,1,1,3.0,3,133.5,144.3,277.8,1,1,1,1
3137,2,1.0,0.5,1,1,3.0,3,120.4,131.6,252.0,1,1,1,1
3138,2,0.989894,0.5,1,1,3.0,3,115.2,126.2,241.4,1,1,1,1
3139,2,0.989894,0.5,1,1,3.0,3,114.0,123.8,237.8,1,1,1,1
3140,1,1.0,0.5,1,1,1.0,1,107.8,121.5,229.3,1,1,1,1
3141,1,0.999232,0.5,1,1,1.0,1,104.7,114.2,218.9,1,1,1,1
3142,1,0.999232,0.5,1,1,1.0,1,100.5,111.7,212.2,1,1,1,1
3143,3,0.989894,0.5,1,1,3.0,3,100.2,111.4,211.6,1,1,1,1
3144,0,0.0,0.5,0,0,,0,97.7,0.0,97.7,1,1,1,1
3145,1,0.989894,0.5,1,1,1.0,1,101.5,112.0,213.5,1,1,1,1
3146,2,0.989894,0.5,1,1,3.0,3,97.9,106.6,204.5,1,1,1,1
3147,2,0.997497,0.5,1,1,2.0,2,93.3,103.8,197.1,1,1,1,1
3148,3,0.989894,0.5,1,1,2.0,2,91.7,99.5,191.2,1,1,1,1
3149,2,0.989894,0.5,1,1,3.0,3,118.3,106.7,225.0,1,1,1,1
3150,0,0.0,0.5,0,0,,0,90.3,0.0,90.3,1,1,1,1
3151,0,0.0,0.5,0,0,,0,84.7,0.0,84.7,1,1,1,1
3152,1,0.177465,0.5,0,0,,0,100.4,0.0,100.4,1,1,1,1
3153,0,0.0,0.5,0,0,,0,164.8,0.0,164.8,1,1,1,1
3154,0,0.0,0.5,0,0,,0,320.4,0.0,320.4,1,1,1,1
3155,0,0.0,0.5,0,0,,0,82.7,0.0,82.7,1,1,1,1
3156,1,1.0,0.5,1,1,1.0,1,102.2,104.9,207.1,1,1,1,1
3157,3,0.989894,0.5,1,1,3.0,3,98.5,85.7,184.2,1,1,1,1
3158,3,0.989894,0.5,1,1,3.0,3,75.4,83.0,158.4,1,1,1,1
3159,1,1.0,0.5,1,1,1.0,1,87.1,91.8,178.9,1,1,1,1
3160,2,0.989894,0.5,1,1,2.0,2,75.6,81.4,157.0,1,1,1,1
3161,0,0.0,0.5,0,0,,0,76.2,0.0,76.2,1,1,1,1
3162,2,0.989894,0.5,1,1,2.0,2,75.8,101.3,177.1,1,1,1,1
3163,0,0.177465,0.5,0,0,,0,79.2,0.0,79.2,1,1,1,1
3164,3,0.989894,0.5,1,1,3.0,3,75.7,88.5,164.2,1,1,1,1
3165,2,0.989894,0.5,1,1,2.0,2,90.7,103.0,193.7,1,1,1,1
3166,2,0.989894,0.5,1,1,2.0,2,87.6,93.7,181.3,1,1,1,1
3167,3,0.989894,0.5,1,1,2.0,2,83.0,93.3,176.3,1,1,1,1
3168,2,0.989894,0.5,1,1,2.0,2,83.8,92.8,176.6,1,1,1,1
3169,0,0.0,0.5,0,0,,0,101.8,0.0,101.8,1,1,1,1
3170,3,1.0,0.5,1,1,3.0,3,95.4,107.9,203.3,1,1,1,1
3171,2,0.989894,0.5,1,1,3.0,3,93.1,105.7,198.8,1,1,1,1
3172,0,0.0,0.5,0,0,,0,107.4,0.0,107.4,1,1,1,1
3173,0,0.0,0.5,0,0,,0,94.9,0.0,94.9,1,1,1,1
3174,2,0.999232,0.5,1,1,2.0,2,95.4,106.1,201.5,1,1,1,1
3175,0,0.0,0.5,0,0,,0,110.7,0.0,110.7,1,1,1,1
3176,0,0.0,0.5,0,0,,0,102.7,0.0,102.7,1,1,1,1
3177,3,0.989894,0.5,1,1,2.0,2,98.7,114.0,212.7,1,1,1,1
3178,3,0.989894,0.5,1,1,3.0,3,96.7,128.8,225.5,1,1,1,1
3179,2,0.989894,0.5,1,1,3.0,3,109.5,203.4,312.9,1,1,1,1
3180,2,0.989894,0.5,1,1,2.0,2,242.1,172.0,414.1,1,1,1,1
3181,3,0.989894,0.5,1,1,2.0,2,128.6,133.0,261.6,1,1,1,1
3182,3,0.989894,0.5,1,1,3.0,3,109.8,116.2,226.0,1,1,1,1
3183,1,0.999232,0.5,1,1,1.0,1,102.2,115.3,217.5,1,1,1,1
3184,2,0.989894,0.5,1,1,2.0,2,102.5,107.6,210.1,1,1,1,1
3185,3,0.989894,0.5,1,1,3.0,3,94.9,106.8,201.7,1,1,1,1
3186,0,0.0,0.5,0,0,,0,93.1,0.0,93.1,1,1,1,1
3187,1,1.0,0.5,1,1,1.0,1,89.2,102.1,191.3,1,1,1,1
3188,2,0.989894,0.5,1,1,2.0,2,88.6,98.6,187.2,1,1,1,1
3189,1,0.989894,0.5,1,1,1.0,1,118.6,106.2,224.8,1,1,1,1
3190,2,0.999232,0.5,1,1,2.0,2,84.5,94.9,179.4,1,1,1,1
3191,2,0.999232,0.5,1,1,2.0,2,88.2,99.8,188.0,1,1,1,1
3192,0,0.0,0.5,0,0,,0,88.7,0.0,88.7,1,1,1,1
3193,1,0.419355,0.5,0,0,,0,78.0,0.0,78.0,1,1,1,1
3194,0,0.0,0.5,0,0,,0,77.2,0.0,77.2,1,1,1,1
3195,0,0.0,0.5,0,0,,0,77.2,0.0,77.2,1,1,1,1
3196,1,1.0,0.5,1,1,1.0,1,74.4,86.2,160.6,1,1,1,1
3197,2,0.989894,0.5,1,1,3.0,3,77.3,87.0,164.3,1,1,1,1
3198,0,0.0,0.5,0,0,,0,70.3,0.0,70.3,1,1,1,1
3199,0,0.0,0.5,0,0,,0,73.1,0.0,73.1,1,1,1,1
3200,2,0.989894,0.5,1,1,3.0,3,69.9,78.8,148.7,1,1,1,1
3201,0,0.0,0.5,0,0,,0,67.6,0.0,67.6,1,1,1,1
3202,2,0.989894,0.5,1,1,3.0,3,65.3,75.4,140.7,1,1,1,1
3203,3,0.999232,0.5,1,1,2.0,2,65.1,74.5,139.6,1,1,1,1
3204,2,0.989894,0.5,1,1,3.0,3,63.6,71.6,135.2,1,1,1,1
3205,0,0.0,0.5,0,0,,0,67.0,0.0,67.0,1,1,1,1
3206,3,0.989894,0.5,1,1,3.0,3,62.4,71.4,133.8,1,1,1,1
3207,1,1.0,0.5,1,1,1.0,1,60.7,70.7,131.4,1,1,1,1
3208,3,0.989894,0.5,1,1,3.0,3,60.2,67.6,127.8,1,1,1,1
3209,0,0.0,0.5,0,0,,0,62.6,0.0,62.6,1,1,1,1
3210,2,0.989894,0.5,1,1,2.0,2,60.8,68.8,129.6,1,1,1,1
3211,1,0.999232,0.5,1,1,1.0,1,59.6,80.5,140.1,1,1,1,1
3212,1,1.0,0.5,1,1,1.0,1,67.8,71.1,138.9,1,1,1,1
3213,1,1.0,0.5,1,1,1.0,1,61.2,68.1,129.3,1,1,1,1
3214,2,0.989894,0.5,1,1,2.0,2,61.3,68.2,129.5,1,1,1,1
3215,0,0.0,0.5,0,0,,0,74.7,0.0,74.7,1,1,1,1
3216,1,0.989894,0.5,1,1,1.0,1,61.9,68.3,130.2,1,1,1,1
3217,0,0.0,0.5,0,0,,0,62.1,0.0,62.1,1,1,1,1
3218,0,0.0,0.5,0,0,,0,59.5,0.0,59.5,1,1,1,1
3219,1,0.999232,0.5,1,1,1.0,1,64.1,70.8,134.9,1,1,1,1
3220,3,0.999232,0.5,1,1,3.0,3,60.3,67.6,127.9,1,1,1,1
3221,2,0.989894,0.5,1,1,3.0,3,62.1,76.1,138.2,1,1,1,1
3222,3,0.989894,0.5,1,1,3.0,3,66.7,71.6,138.3,1,1,1,1
3223,3,0.989894,0.5,1,1,2.0,2,63.1,68.7,131.8,1,1,1,1
3224,2,0.989894,0.5,1,1,3.0,3,62.4,68.3,130.7,1,1,1,1
3225,3,0.989894,0.5,1,1,3.0,3,74.1,72.4,146.5,1,1,1,1
3226,2,1.0,0.5,1,1,3.0,3,62.5,67.3,129.8,1,1,1,1
3227,3,0.989894,0.5,1,1,3.0,3,60.4,69.1,129.5,1,1,1,1
3228,3,0.989894,0.5,1,1,2.0,2,66.0,73.9,139.9,1,1,1,1
3229,1,0.997497,0.5,1,1,1.0,1,64.6,70.2,134.8,1,1,1,1
3230,3,0.989894,0.5,1,1,2.0,2,61.8,70.6,132.4,1,1,1,1
3231,2,0.989894,0.5,1,1,2.0,2,61.1,79.8,140.9,1,1,1,1
3232,2,0.989894,0.5,1,1,3.0,3,64.1,69.2,133.3,1,1,1,1
3233,2,0.989894,0.5,1,1,3.0,3,62.3,68.3,130.6,1,1,1,1
3234,2,0.989894,0.5,1,1,2.0,2,61.4,67.5,128.9,1,1,1,1
3235,3,0.989894,0.5,1,1,3.0,3,72.4,74.9,147.3,1,1,1,1
3236,1,0.997497,0.5,1,1,1.0,1,63.1,70.7,133.8,1,1,1,1
3237,0,0.0,0.5,0,0,,0,61.4,0.0,61.4,1,1,1,1
3238,1,0.989894,0.5,1,1,1.0,1,70.5,72.5,143.0,1,1,1,1
3239,0,0.0,0.5,0,0,,0,62.5,0.0,62.5,1,1,1,1
3240,2,0.989894,0.5,1,1,3.0,3,61.0,70.8,131.8,1,1,1,1
3241,3,0.989894,0.5,1,1,3.0,3,61.2,78.8,140.0,1,1,1,1
3242,0,0.0,0.5,0,0,,0,64.3,0.0,64.3,1,1,1,1
3243,1,1.0,0.5,1,1,1.0,1,60.9,70.1,131.0,1,1,1,1
3244,2,0.989894,0.5,1,1,2.0,2,58.5,75.0,133.5,1,1,1,1
3245,0,0.0,0.5,0,0,,0,66.5,0.0,66.5,1,1,1,1
3246,3,0.989894,0.5,1,1,3.0,3,60.5,68.4,128.9,1,1,1,1
3247,0,0.0,0.5,0,0,,0,60.6,0.0,60.6,1,1,1,1
3248,2,0.989894,0.5,1,1,3.0,3,69.3,74.5,143.8,1,1,1,1
3249,2,0.989894,0.5,1,1,2.0,2,262.3,112.7,375.0,1,1,1,1
3250,3,0.989894,0.5,1,1,2.0,2,81.9,92.9,174.8,1,1,1,1
3251,0,0.0,0.5,0,0,,0,170.8,0.0,170.8,1,1,1,1
3252,3,0.989894,0.5,1,1,3.0,3,119.6,94.0,213.6,1,1,1,1
3253,0,0.0,0.5,0,0,,0,76.9,0.0,76.9,1,1,1,1
3254,1,1.0,0.5,1,1,1.0,1,72.0,75.0,147.0,1,1,1,1
3255,0,0.0,0.5,0,0,,0,66.1,0.0,66.1,1,1,1,1
3256,0,0.0,0.5,0,0,,0,71.4,0.0,71.4,1,1,1,1
3257,0,0.177465,0.5,0,0,,0,63.3,0.0,63.3,1,1,1,1
3258,0,0.0,0.5,0,0,,0,62.3,0.0,62.3,1,1,1,1
3259,0,0.0,0.5,0,0,,0,60.7,0.0,60.7,1,1,1,1
3260,3,0.989894,0.5,1,1,3.0,3,62.2,70.5,132.7,1,1,1,1
3261,2,0.989894,0.5,1,1,3.0,3,62.6,70.2,132.8,1,1,1,1
3262,3,0.989894,0.5,1,1,2.0,2,61.3,69.3,130.6,1,1,1,1
3263,3,0.989894,0.5,1,1,2.0,2,61.2,71.3,132.5,1,1,1,1
3264,2,0.989894,0.5,1,1,2.0,2,61.3,69.3,130.6,1,1,1,1
3265,3,0.989894,0.5,1,1,3.0,3,62.0,67.8,129.8,1,1,1,1
3266,0,0.0,0.5,0,0,,0,60.8,0.0,60.8,1,1,1,1
3267,2,0.999232,0.5,1,1,2.0,2,61.4,69.8,131.2,1,1,1,1
3268,1,0.997497,0.5,1,1,1.0,1,60.6,69.5,130.1,1,1,1,1
3269,1,0.989894,0.5,1,1,1.0,1,76.4,74.2,150.6,1,1,1,1
3270,2,0.989894,0.5,1,1,2.0,2,64.0,70.7,134.7,1,1,1,1
3271,2,0.989894,0.5,1,1,2.0,2,60.3,70.4,130.7,1,1,1,1
3272,3,0.999232,0.5,1,1,2.0,2,64.0,85.4,149.4,1,1,1,1
3273,2,0.989894,0.5,1,1,2.0,2,66.5,72.3,138.8,1,1,1,1
3274,3,0.989894,0.5,1,1,3.0,3,62.1,70.1,132.2,1,1,1,1
3275,3,0.989894,0.5,1,1,2.0,2,61.3,77.9,139.2,1,1,1,1
3276,1,1.0,0.5,1,1,1.0,1,66.7,72.1,138.8,1,1,1,1
3277,1,1.0,0.5,1,1,1.0,1,62.9,70.0,132.9,1,1,1,1
3278,3,0.989894,0.5,1,1,3.0,3,62.3,68.5,130.8,1,1,1,1
3279,0,0.0,0.5,0,0,,0,72.7,0.0,72.7,1,1,1,1
3280,3,0.989894,0.5,1,1,3.0,3,62.4,68.8,131.2,1,1,1,1
3281,3,0.989894,0.5,1,1,3.0,3,63.3,68.8,132.1,1,1,1,1
3282,3,0.989894,0.5,1,1,3.0,3,69.2,74.7,143.9,1,1,1,1
3283,0,0.0,0.5,0,0,,0,62.7,0.0,62.7,1,1,1,1
3284,0,0.0,0.5,0,0,,0,94.2,0.0,94.2,1,1,1,1
3285,1,0.997497,0.5,1,1,1.0,1,63.1,81.5,144.6,1,1,1,1
3286,1,0.999232,0.5,1,1,1.0,1,64.1,69.8,133.9,1,1,1,1
3287,3,0.989894,0.5,1,1,2.0,2,61.2,69.9,131.1,1,1,1,1
3288,0,0.0,0.5,0,0,,0,60.9,0.0,60.9,1,1,1,1
3289,2,0.989894,0.5,1,1,2.0,2,65.6,70.6,136.2,1,1,1,1
3290,0,0.0,0.5,0,0,,0,61.8,0.0,61.8,1,1,1,1
3291,3,0.989894,0.5,1,1,2.0,2,128.5,99.3,227.8,1,1,1,1
3292,3,0.989894,0.5,1,1,2.0,2,68.6,71.4,140.0,1,1,1,1
3293,1,0.989894,0.5,1,1,1.0,1,63.6,72.1,135.7,1,1,1,1
3294,3,0.989894,0.5,1,1,2.0,2,62.3,79.6,141.9,1,1,1,1
3295,2,0.989894,0.5,1,1,3.0,3,65.3,71.9,137.2,1,1,1,1
3296,2,0.989894,0.5,1,1,2.0,2,61.1,77.7,138.8,1,1,1,1
3297,3,0.989894,0.5,1,1,3.0,3,63.8,79.7,143.5,1,1,1,1
3298,0,0.0,0.5,0,0,,0,66.6,0.0,66.6,1,1,1,1
3299,3,0.989894,0.5,1,1,2.0,2,62.2,69.9,132.1,1,1,1,1
3300,0,0.0,0.5,0,0,,0,61.2,0.0,61.2,1,1,1,1
3301,2,0.989894,0.5,1,1,2.0,2,73.0,74.1,147.1,1,1,1,1
3302,3,0.989894,0.5,1,1,3.0,3,61.5,68.4,129.9,1,1,1,1
3303,2,0.997497,0.5,1,1,2.0,2,60.4,70.5,130.9,1,1,1,1
3304,3,1.0,0.5,1,1,3.0,3,68.2,74.7,142.9,1,1,1,1
3305,3,0.989894,0.5,1,1,3.0,3,66.2,70.1,136.3,1,1,1,1
3306,2,0.989894,0.5,1,1,3.0,3,61.4,69.6,131.0,1,1,1,1
3307,3,0.999232,0.5,1,1,3.0,3,61.5,80.8,142.3,1,1,1,1
3308,3,0.989894,0.5,1,1,3.0,3,64.3,69.5,133.8,1,1,1,1
3309,0,0.0,0.5,0,0,,0,62.9,0.0,62.9,1,1,1,1
3310,0,0.0,0.5,0,0,,0,60.0,0.0,60.0,1,1,1,1
3311,0,0.0,0.5,0,0,,0,71.9,0.0,71.9,1,1,1,1
3312,1,1.0,0.5,1,1,1.0,1,62.2,67.4,129.6,1,1,1,1
3313,1,1.0,0.5,1,1,1.0,1,61.6,68.1,129.7,1,1,1,1
3314,0,0.0,0.5,0,0,,0,70.9,0.0,70.9,1,1,1,1
3315,3,0.989894,0.5,1,1,2.0,2,61.5,69.4,130.9,1,1,1,1
3316,3,0.999232,0.5,1,1,3.0,3,60.6,68.4,129.0,1,1,1,1
3317,3,0.989894,0.5,1,1,2.0,2,61.5,78.8,140.3,1,1,1,1
3318,1,1.0,0.5,1,1,1.0,1,64.0,70.8,134.8,1,1,1,1
3319,3,0.989894,0.5,1,1,3.0,3,60.8,70.4,131.2,1,1,1,1
3320,3,0.989894,0.5,1,1,2.0,2,60.8,75.3,136.1,1,1,1,1
3321,1,0.997497,0.5,1,1,1.0,1,66.3,72.6,138.9,1,1,1,1
3322,3,0.989894,0.5,1,1,3.0,3,62.8,68.1,130.9,1,1,1,1
3323,3,0.989894,0.5,1,1,3.0,3,61.9,69.4,131.3,1,1,1,1
3324,0,0.0,0.5,0,0,,0,72.5,0.0,72.5,1,1,1,1
3325,2,0.989894,0.5,1,1,2.0,2,62.6,67.7,130.3,1,1,1,1
3326,0,0.0,0.5,0,0,,0,59.4,0.0,59.4,1,1,1,1
3327,3,0.989894,0.5,1,1,3.0,3,62.4,81.5,143.9,1,1,1,1
3328,2,0.989894,0.5,1,1,3.0,3,63.7,69.3,133.0,1,1,1,1
3329,3,1.0,0.5,1,1,3.0,3,61.3,69.0,130.3,1,1,1,1
3330,2,0.989894,0.5,1,1,2.0,2,60.4,75.2,135.6,1,1,1,1
3331,2,0.989894,0.5,1,1,3.0,3,64.9,70.8,135.7,1,1,1,1
3332,0,0.0,0.5,0,0,,0,61.2,0.0,61.2,1,1,1,1
3333,0,0.0,0.5,0,0,,0,62.6,0.0,62.6,1,1,1,1
3334,1,1.0,0.5,1,1,1.0,1,71.4,72.7,144.1,1,1,1,1
3335,2,0.989894,0.5,1,1,2.0,2,61.6,70.4,132.0,1,1,1,1
3336,2,0.989894,0.5,1,1,2.0,2,60.2,69.0,129.2,1,1,1,1
3337,2,0.989894,0.5,1,1,3.0,3,60.8,79.1,139.9,1,1,1,1
3338,3,0.989894,0.5,1,1,3.0,3,62.9,69.6,132.5,1,1,1,1
3339,1,0.989894,0.5,1,1,1.0,1,60.2,69.8,130.0,1,1,1,1
3340,1,0.989894,0.5,1,1,1.0,1,60.0,78.7,138.7,1,1,1,1
3341,3,0.989894,0.5,1,1,2.0,2,66.9,71.0,137.9,1,1,1,1
3342,0,0.0,0.5,0,0,,0,61.5,0.0,61.5,1,1,1,1
3343,2,0.999232,0.5,1,1,2.0,2,60.1,69.1,129.2,1,1,1,1
3344,3,0.989894,0.5,1,1,3.0,3,71.2,71.4,142.6,1,1,1,1
3345,2,0.989894,0.5,1,1,2.0,2,63.6,67.9,131.5,1,1,1,1
3346,1,1.0,0.5,1,1,1.0,1,61.3,69.8,131.1,1,1,1,1
3347,3,0.989894,0.5,1,1,3.0,3,68.5,75.2,143.7,1,1,1,1
3348,2,0.989894,0.5,1,1,2.0,2,62.0,69.2,131.2,1,1,1,1
3349,0,0.0,0.5,0,0,,0,60.5,0.0,60.5,1,1,1,1
3350,0,0.0,0.5,0,0,,0,60.8,0.0,60.8,1,1,1,1
3351,3,0.989894,0.5,1,1,2.0,2,64.7,71.3,136.0,1,1,1,1
3352,3,0.989894,0.5,1,1,3.0,3,60.9,70.3,131.2,1,1,1,1
3353,1,0.989894,0.5,1,1,1.0,1,63.8,76.3,140.1,1,1,1,1
3354,0,0.0,0.5,0,0,,0,67.3,0.0,67.3,1,1,1,1
3355,0,0.0,0.5,0,0,,0,60.5,0.0,60.5,1,1,1,1
3356,0,0.0,0.5,0,0,,0,61.4,0.0,61.4,1,1,1,1
3357,0,0.0,0.5,0,0,,0,71.8,0.0,71.8,1,1,1,1
3358,2,0.989894,0.5,1,1,3.0,3,61.0,69.0,130.0,1,1,1,1
3359,1,1.0,0.5,1,1,1.0,1,61.1,70.5,131.6,1,1,1,1
3360,3,0.989894,0.5,1,1,2.0,2,73.0,84.6,157.6,1,1,1,1
3361,2,0.999232,0.5,1,1,3.0,3,66.3,71.8,138.1,1,1,1,1
3362,1,1.0,0.5,1,1,1.0,1,61.2,71.2,132.4,1,1,1,1
3363,2,0.999232,0.5,1,1,2.0,2,65.9,313.5,379.4,1,1,1,1
3364,0,0.0,0.5,0,0,,0,268.8,0.0,268.8,1,1,1,1
3365,0,0.0,0.5,0,0,,0,115.8,0.0,115.8,1,1,1,1
3366,0,0.0,0.5,0,0,,0,75.0,0.0,75.0,1,1,1,1
3367,0,0.0,0.5,0,0,,0,85.0,0.0,85.0,1,1,1,1
3368,2,0.989894,0.5,1,1,3.0,3,68.0,79.9,147.9,1,1,1,1
3369,3,0.989894,0.5,1,1,3.0,3,73.0,75.0,148.0,1,1,1,1
3370,0,0.177465,0.5,0,0,,0,87.6,0.0,87.6,1,1,1,1
3371,3,0.989894,0.5,1,1,3.0,3,133.1,98.5,231.6,1,1,1,1
3372,0,0.0,0.5,0,0,,0,75.8,0.0,75.8,1,1,1,1
3373,3,1.0,0.5,1,1,3.0,3,65.4,73.0,138.4,1,1,1,1
3374,1,1.0,0.5,1,1,1.0,1,62.2,71.5,133.7,1,1,1,1
3375,1,1.0,0.5,1,1,1.0,1,62.4,71.7,134.1,1,1,1,1
3376,3,0.989894,0.5,1,1,2.0,2,62.0,68.6,130.6,1,1,1,1
3377,0,0.0,0.5,0,0,,0,63.1,0.0,63.1,1,1,1,1
3378,0,0.0,0.5,0,0,,0,60.9,0.0,60.9,1,1,1,1
3379,2,0.989894,0.5,1,1,2.0,2,61.1,70.4,131.5,1,1,1,1
3380,3,0.989894,0.5,1,1,3.0,3,61.4,68.4,129.8,1,1,1,1
3381,0,0.0,0.5,0,0,,0,61.4,0.0,61.4,1,1,1,1
3382,0,0.0,0.5,0,0,,0,62.6,0.0,62.6,1,1,1,1
3383,3,0.989894,0.5,1,1,2.0,2,60.1,70.1,130.2,1,1,1,1
3384,2,0.989894,0.5,1,1,3.0,3,60.1,69.7,129.8,1,1,1,1
3385,2,0.989894,0.5,1,1,2.0,2,61.5,69.9,131.4,1,1,1,1
3386,2,0.989894,0.5,1,1,3.0,3,60.6,70.1,130.7,1,1,1,1
3387,2,0.989894,0.5,1,1,2.0,2,61.8,70.0,131.8,1,1,1,1
3388,3,0.989894,0.5,1,1,2.0,2,61.1,68.4,129.5,1,1,1,1
3389,3,0.989894,0.5,1,1,3.0,3,62.5,68.2,130.7,1,1,1,1
3390,0,0.0,0.5,0,0,,0,61.5,0.0,61.5,1,1,1,1
3391,3,0.989894,0.5,1,1,2.0,2,60.5,70.0,130.5,1,1,1,1
3392,0,0.0,0.5,0,0,,0,60.4,0.0,60.4,1,1,1,1
3393,1,1.0,0.5,1,1,1.0,1,63.8,69.3,133.1,1,1,1,1
3394,2,0.997497,0.5,1,1,2.0,2,61.7,68.1,129.8,1,1,1,1
3395,3,0.989894,0.5,1,1,2.0,2,62.4,67.3,129.7,1,1,1,1
3396,2,0.989894,0.5,1,1,2.0,2,61.8,67.5,129.3,1,1,1,1
3397,1,1.0,0.5,1,1,1.0,1,63.0,83.5,146.5,1,1,1,1
3398,3,0.989894,0.5,1,1,3.0,3,63.5,69.5,133.0,1,1,1,1
3399,2,0.989894,0.5,1,1,2.0,2,60.2,68.9,129.1,1,1,1,1
3400,1,1.0,0.5,1,1,1.0,1,59.5,78.8,138.3,1,1,1,1
3401,2,0.989894,0.5,1,1,2.0,2,67.1,70.2,137.3,1,1,1,1
3402,0,0.0,0.5,0,0,,0,62.2,0.0,62.2,1,1,1,1
3403,3,0.989894,0.5,1,1,3.0,3,61.5,72.3,133.8,1,1,1,1
3404,3,0.989894,0.5,1,1,3.0,3,73.9,71.8,145.7,1,1,1,1
3405,0,0.0,0.5,0,0,,0,62.2,0.0,62.2,1,1,1,1
3406,3,1.0,0.5,1,1,3.0,3,61.7,68.3,130.0,1,1,1,1
3407,2,0.989894,0.5,1,1,3.0,3,60.5,80.4,140.9,1,1,1,1
3408,0,0.177465,0.5,0,0,,0,63.9,0.0,63.9,1,1,1,1
3409,3,0.989894,0.5,1,1,2.0,2,61.6,69.7,131.3,1,1,1,1
3410,0,0.0,0.5,0,0,,0,60.7,0.0,60.7,1,1,1,1
3411,1,1.0,0.5,1,1,1.0,1,67.6,70.1,137.7,1,1,1,1
3412,1,1.0,0.5,1,1,1.0,1,61.7,68.2,129.9,1,1,1,1
3413,0,0.0,0.5,0,0,,0,61.2,0.0,61.2,1,1,1,1
3414,2,0.999232,0.5,1,1,3.0,3,72.7,72.4,145.1,1,1,1,1
3415,0,0.0,0.5,0,0,,0,61.6,0.0,61.6,1,1,1,1
3416,0,0.0,0.5,0,0,,0,61.4,0.0,61.4,1,1,1,1
3417,2,0.989894,0.5,1,1,2.0,2,68.7,74.2,142.9,1,1,1,1
3418,0,0.0,0.5,0,0,,0,61.9,0.0,61.9,1,1,1,1
3419,0,0.989894,0.5,1,1,0.0,0,61.4,69.2,130.6,1,1,1,1
3420,2,1.0,0.5,1,1,2.0,2,61.1,78.7,139.8,1,1,1,1
3421,2,0.989894,0.5,1,1,2.0,2,64.4,70.6,135.0,1,1,1,1
3422,0,0.0,0.5,0,0,,0,61.7,0.0,61.7,1,1,1,1
3423,2,0.989894,0.5,1,1,3.0,3,60.4,71.7,132.1,1,1,1,1
3424,3,0.989894,0.5,1,1,3.0,3,72.8,71.4,144.2,1,1,1,1
3425,2,0.997497,0.5,1,1,2.0,2,64.5,70.1,134.6,1,1,1,1
3426,0,0.0,0.5,0,0,,0,59.5,0.0,59.5,1,1,1,1
3427,1,1.0,0.5,1,1,1.0,1,69.8,74.3,144.1,1,1,1,1
3428,2,0.989894,0.5,1,1,3.0,3,62.3,71.2,133.5,1,1,1,1
3429,2,0.989894,0.5,1,1,2.0,2,61.4,70.8,132.2,1,1,1,1
3430,2,0.989894,0.5,1,1,2.0,2,60.1,78.7,138.8,1,1,1,1
3431,3,0.989894,0.5,1,1,2.0,2,64.4,70.3,134.7,1,1,1,1
3432,3,0.989894,0.5,1,1,2.0,2,62.1,68.1,130.2,1,1,1,1
3433,2,0.997497,0.5,1,1,2.0,2,60.6,77.2,137.8,1,1,1,1
3434,2,0.989894,0.5,1,1,2.0,2,65.2,69.4,134.6,1,1,1,1
3435,1,1.0,0.5,1,1,1.0,1,61.6,70.2,131.8,1,1,1,1
3436,2,0.989894,0.5,1,1,3.0,3,61.3,67.5,128.8,1,1,1,1
3437,3,0.989894,0.5,1,1,3.0,3,72.3,71.0,143.3,1,1,1,1
3438,0,0.0,0.5,0,0,,0,61.1,0.0,61.1,1,1,1,1
3439,2,0.989894,0.5,1,1,2.0,2,60.7,68.8,129.5,1,1,1,1
3440,0,0.0,0.5,0,0,,0,59.9,0.0,59.9,1,1,1,1
3441,1,0.989894,0.5,1,1,1.0,1,65.0,68.7,133.7,1,1,1,1
3442,2,0.989894,0.5,1,1,3.0,3,61.4,68.2,129.6,1,1,1,1
3443,1,1.0,0.5,1,1,1.0,1,61.0,77.9,138.9,1,1,1,1
3444,0,0.0,0.5,0,0,,0,65.6,0.0,65.6,1,1,1,1
3445,0,0.177465,0.5,0,0,,0,81.2,0.0,81.2,1,1,1,1
3446,3,0.989894,0.5,1,1,3.0,3,64.1,84.5,148.6,1,1,1,1
3447,2,0.989894,0.5,1,1,2.0,2,65.0,72.7,137.7,1,1,1,1
3448,0,0.0,0.5,0,0,,0,62.7,0.0,62.7,1,1,1,1
3449,2,1.0,0.5,1,1,3.0,3,63.1,77.1,140.2,1,1,1,1
3450,3,1.0,0.5,1,1,3.0,3,67.6,70.4,138.0,1,1,1,1
3451,3,0.989894,0.5,1,1,3.0,3,63.5,70.3,133.8,1,1,1,1
3452,2,1.0,0.5,1,1,2.0,2,62.6,68.4,131.0,1,1,1,1
3453,2,0.989894,0.5,1,1,3.0,3,74.1,71.2,145.3,1,1,1,1
3454,3,0.989894,0.5,1,1,2.0,2,61.4,69.6,131.0,1,1,1,1
3455,3,1.0,0.5,1,1,2.0,2,61.0,70.3,131.3,1,1,1,1
3456,1,1.0,0.5,1,1,1.0,1,61.1,79.9,141.0,1,1,1,1
3457,0,0.0,0.5,0,0,,0,64.7,0.0,64.7,1,1,1,1
3458,0,0.0,0.5,0,0,,0,61.3,0.0,61.3,1,1,1,1
3459,2,0.989894,0.5,1,1,3.0,3,61.1,80.5,141.6,1,1,1,1
3460,0,0.989894,0.5,1,1,2.0,2,65.7,70.2,135.9,1,1,1,1
3461,2,1.0,0.5,1,1,3.0,3,62.3,69.6,131.9,1,1,1,1
3462,0,0.0,0.5,0,0,,0,60.8,0.0,60.8,1,1,1,1
3463,0,0.0,0.5,0,0,,0,72.1,0.0,72.1,1,1,1,1
3464,2,1.0,0.5,1,1,2.0,2,60.6,68.2,128.8,1,1,1,1
3465,1,0.989894,0.5,1,1,1.0,1,62.6,68.2,130.8,1,1,1,1
3466,1,1.0,0.5,1,1,1.0,1,70.2,73.6,143.8,1,1,1,1
3467,2,0.989894,0.5,1,1,2.0,2,61.2,68.8,130.0,1,1,1,1
3468,0,0.177465,0.5,0,0,,0,60.7,0.0,60.7,1,1,1,1
3469,3,1.0,0.5,1,1,3.0,3,60.8,76.8,137.6,1,1,1,1
3470,1,1.0,0.5,1,1,1.0,1,64.7,70.1,134.8,1,1,1,1
3471,1,1.0,0.5,1,1,1.0,1,60.8,69.0,129.8,1,1,1,1
3472,2,1.0,0.5,1,1,3.0,3,61.1,68.8,129.9,1,1,1,1
3473,2,1.0,0.5,1,1,3.0,3,73.7,72.4,146.1,1,1,1,1
3474,0,0.0,0.5,0,0,,0,61.3,0.0,61.3,1,1,1,1
3475,1,1.0,0.5,1,1,1.0,1,61.1,69.8,130.9,1,1,1,1
3476,0,0.0,0.5,0,0,,0,69.7,0.0,69.7,1,1,1,1
3477,1,1.0,0.5,1,1,1.0,1,231.0,207.2,438.2,1,1,1,1
3478,0,0.513514,0.5,1,1,0.0,0,125.9,92.9,218.8,1,1,1,1
3479,3,0.989894,0.5,1,1,3.0,3,73.5,85.1,158.6,1,1,1,1
3480,0,0.0,0.5,0,0,,0,85.2,0.0,85.2,1,1,1,1
3481,3,0.989894,0.5,1,1,2.0,2,188.8,134.3,323.1,1,1,1,1
3482,3,0.989894,0.5,1,1,3.0,3,88.3,117.1,205.4,1,1,1,1
3483,0,0.0,0.5,0,0,,0,78.2,0.0,78.2,1,1,1,1
3484,0,0.0,0.5,0,0,,0,69.8,0.0,69.8,1,1,1,1
3485,3,1.0,0.5,1,1,3.0,3,66.6,75.2,141.8,1,1,1,1
3486,3,0.989894,0.5,1,1,2.0,2,66.8,77.1,143.9,1,1,1,1
3487,2,0.989894,0.5,1,1,3.0,3,65.8,74.8,140.6,1,1,1,1
3488,0,0.0,0.5,0,0,,0,64.2,0.0,64.2,1,1,1,1
3489,0,0.0,0.5,0,0,,0,62.7,0.0,62.7,1,1,1,1
3490,3,0.999232,0.5,1,1,2.0,2,61.7,69.8,131.5,1,1,1,1
3491,2,0.989894,0.5,1,1,2.0,2,61.6,69.9,131.5,1,1,1,1
3492,2,0.989894,0.5,1,1,3.0,3,62.3,68.9,131.2,1,1,1,1
3493,2,1.0,0.5,1,1,2.0,2,79.6,73.5,153.1,1,1,1,1
3494,3,0.989894,0.5,1,1,3.0,3,62.7,68.8,131.5,1,1,1,1
3495,0,0.0,0.5,0,0,,0,60.7,0.0,60.7,1,1,1,1
3496,0,0.0,0.5,0,0,,0,72.1,0.0,72.1,1,1,1,1
3497,0,0.0,0.5,0,0,,0,94.1,0.0,94.1,1,1,1,1
3498,0,0.0,0.5,0,0,,0,75.0,0.0,75.0,1,1,1,1
3499,2,0.989894,0.5,1,1,3.0,3,68.7,75.6,144.3,1,1,1,1
3500,2,0.989894,0.5,1,1,3.0,3,66.8,86.2,153.0,1,1,1,1
3501,2,0.999232,0.5,1,1,3.0,3,74.2,80.6,154.8,1,1,1,1
3502,3,0.989894,0.5,1,1,2.0,2,70.7,76.8,147.5,1,1,1,1
3503,3,0.989894,0.5,1,1,2.0,2,70.6,170.7,241.3,1,1,1,1
3504,2,0.989894,0.5,1,1,2.0,2,267.4,290.8,558.2,1,1,1,1
3505,2,0.989894,0.5,1,1,2.0,2,330.6,310.2,640.8,1,1,1,1
3506,1,1.0,0.5,1,1,1.0,1,137.4,96.6,234.0,1,1,1,1
3507,0,0.0,0.5,0,0,,0,77.6,0.0,77.6,1,1,1,1
3508,2,0.989894,0.5,1,1,2.0,2,68.0,74.0,142.0,1,1,1,1
3509,2,0.989894,0.5,1,1,3.0,3,65.7,80.3,146.0,1,1,1,1
3510,2,0.989894,0.5,1,1,2.0,2,69.9,74.7,144.6,1,1,1,1
3511,3,0.989894,0.5,1,1,2.0,2,65.4,72.6,138.0,1,1,1,1
3512,0,0.0,0.5,0,0,,0,63.9,0.0,63.9,1,1,1,1
3513,0,0.0,0.5,0,0,,0,76.0,0.0,76.0,1,1,1,1
3514,1,1.0,0.5,1,1,1.0,1,65.0,71.1,136.1,1,1,1,1
3515,1,1.0,0.5,1,1,1.0,1,62.8,76.0,138.8,1,1,1,1
3516,0,0.989894,0.5,1,1,2.0,2,75.0,76.5,151.5,1,1,1,1
3517,1,0.997497,0.5,1,1,1.0,1,64.7,69.5,134.2,1,1,1,1
3518,0,0.177465,0.5,0,0,,0,61.8,0.0,61.8,1,1,1,1
3519,1,0.999232,0.5,1,1,1.0,1,61.2,79.0,140.2,1,1,1,1
3520,3,0.989894,0.5,1,1,2.0,2,64.4,70.3,134.7,1,1,1,1
3521,1,1.0,0.5,1,1,1.0,1,63.3,70.6,133.9,1,1,1,1
3522,1,0.997497,0.5,1,1,1.0,1,61.8,74.6,136.4,1,1,1,1
3523,3,0.989894,0.5,1,1,3.0,3,67.0,72.2,139.2,1,1,1,1
3524,2,0.989894,0.5,1,1,2.0,2,62.0,69.8,131.8,1,1,1,1
3525,0,0.0,0.5,0,0,,0,61.6,0.0,61.6,1,1,1,1
3526,1,1.0,0.5,1,1,1.0,1,73.1,72.8,145.9,1,1,1,1
3527,2,0.989894,0.5,1,1,3.0,3,62.2,69.8,132.0,1,1,1,1
3528,0,0.0,0.5,0,0,,0,61.8,0.0,61.8,1,1,1,1
3529,0,0.0,0.5,0,0,,0,67.5,0.0,67.5,1,1,1,1
3530,2,0.989894,0.5,1,1,2.0,2,64.2,69.0,133.2,1,1,1,1
3531,0,0.0,0.5,0,0,,0,61.3,0.0,61.3,1,1,1,1
3532,1,1.0,0.5,1,1,1.0,1,61.4,76.8,138.2,1,1,1,1
3533,0,0.989894,0.5,1,1,0.0,0,64.1,69.9,134.0,1,1,1,1
3534,3,1.0,0.5,1,1,3.0,3,61.7,69.3,131.0,1,1,1,1
3535,2,0.989894,0.5,1,1,2.0,2,59.6,69.0,128.6,1,1,1,1
3536,2,0.999232,0.5,1,1,3.0,3,72.6,70.9,143.5,1,1,1,1
3537,3,0.989894,0.5,1,1,2.0,2,62.6,68.2,130.8,1,1,1,1
3538,2,0.989894,0.5,1,1,3.0,3,60.7,68.4,129.1,1,1,1,1
3539,3,0.989894,0.5,1,1,2.0,2,68.0,75.1,143.1,1,1,1,1
3540,0,0.0,0.5,0,0,,0,62.0,0.0,62.0,1,1,1,1
3541,0,0.0,0.5,0,0,,0,61.8,0.0,61.8,1,1,1,1
3542,3,1.0,0.5,1,1,3.0,3,59.8,79.5,139.3,1,1,1,1
3543,2,0.989894,0.5,1,1,2.0,2,64.3,71.5,135.8,1,1,1,1
3544,2,0.989894,0.5,1,1,2.0,2,60.9,67.7,128.6,1,1,1,1
3545,2,1.0,0.5,1,1,3.0,3,62.4,67.3,129.7,1,1,1,1
3546,1,1.0,0.5,1,1,1.0,1,71.1,72.2,143.3,1,1,1,1
3547,2,1.0,0.5,1,1,3.0,3,62.0,69.8,131.8,1,1,1,1
3548,0,0.0,0.5,0,0,,0,60.0,0.0,60.0,1,1,1,1
3549,2,0.999232,0.5,1,1,2.0,2,72.2,74.6,146.8,1,1,1,1
3550,3,0.989894,0.5,1,1,2.0,2,61.2,68.8,130.0,1,1,1,1
3551,2,0.997497,0.5,1,1,2.0,2,62.0,70.8,132.8,1,1,1,1
3552,2,0.989894,0.5,1,1,2.0,2,59.6,78.9,138.5,1,1,1,1
3553,1,0.989894,0.5,1,1,1.0,1,65.5,70.1,135.6,1,1,1,1
3554,3,1.0,0.5,1,1,3.0,3,60.2,68.0,128.2,1,1,1,1
3555,2,0.989894,0.5,1,1,3.0,3,60.8,78.4,139.2,1,1,1,1
3556,3,0.989894,0.5,1,1,3.0,3,66.4,70.8,137.2,1,1,1,1
3557,1,0.989894,0.5,1,1,1.0,1,63.5,68.7,132.2,1,1,1,1
3558,2,0.989894,0.5,1,1,2.0,2,61.1,68.8,129.9,1,1,1,1
3559,3,1.0,0.5,1,1,2.0,2,71.1,72.4,143.5,1,1,1,1
3560,3,0.989894,0.5,1,1,3.0,3,61.4,68.7,130.1,1,1,1,1
3561,0,0.0,0.5,0,0,,0,61.5,0.0,61.5,1,1,1,1
3562,2,0.989894,0.5,1,1,2.0,2,61.1,81.5,142.6,1,1,1,1
3563,1,1.0,0.5,1,1,1.0,1,65.4,70.9,136.3,1,1,1,1
3564,3,0.989894,0.5,1,1,2.0,2,62.3,70.2,132.5,1,1,1,1
3565,2,0.989894,0.5,1,1,3.0,3,60.9,77.6,138.5,1,1,1,1
3566,3,0.989894,0.5,1,1,2.0,2,63.1,70.0,133.1,1,1,1,1
3567,2,0.989894,0.5,1,1,2.0,2,60.0,70.5,130.5,1,1,1,1
3568,0,0.0,0.5,0,0,,0,61.2,0.0,61.2,1,1,1,1
3569,2,0.989894,0.5,1,1,3.0,3,73.3,71.7,145.0,1,1,1,1
3570,1,0.989894,0.5,1,1,1.0,1,75.2,81.9,157.1,1,1,1,1
3571,3,0.989894,0.5,1,1,2.0,2,64.3,70.3,134.6,1,1,1,1
3572,0,0.0,0.5,0,0,,0,75.5,0.0,75.5,1,1,1,1
3573,2,0.989894,0.5,1,1,2.0,2,63.7,69.0,132.7,1,1,1,1
3574,0,0.0,0.5,0,0,,0,59.5,0.0,59.5,1,1,1,1
3575,1,1.0,0.5,1,1,1.0,1,68.4,75.2,143.6,1,1,1,1
3576,1,1.0,0.5,1,1,1.0,1,62.8,68.8,131.6,1,1,1,1
3577,3,0.989894,0.5,1,1,3.0,3,62.7,70.6,133.3,1,1,1,1
3578,3,0.989894,0.5,1,1,2.0,2,62.7,185.4,248.1,1,1,1,1
3579,0,0.0,0.5,0,0,,0,211.5,0.0,211.5,1,1,1,1
3580,1,0.989894,0.5,1,1,1.0,1,99.0,100.7,199.7,1,1,1,1
3581,2,0.989894,0.5,1,1,2.0,2,88.8,87.4,176.2,1,1,1,1
3582,2,1.0,0.5,1,1,2.0,2,81.9,88.6,170.5,1,1,1,1
3583,0,0.0,0.5,0,0,,0,75.4,0.0,75.4,1,1,1,1
3584,3,0.989894,0.5,1,1,3.0,3,67.4,76.8,144.2,1,1,1,1
3585,1,1.0,0.5,1,1,1.0,1,68.4,75.9,144.3,1,1,1,1
3586,2,0.999232,0.5,1,1,2.0,2,66.5,77.4,143.9,1,1,1,1
3587,1,0.989894,0.5,1,1,1.0,1,68.1,77.7,145.8,1,1,1,1
3588,3,0.989894,0.5,1,1,2.0,2,67.4,75.1,142.5,1,1,1,1
3589,0,0.0,0.5,0,0,,0,67.3,0.0,67.3,1,1,1,1
3590,1,0.989894,0.5,1,1,1.0,1,65.8,76.2,142.0,1,1,1,1
3591,0,0.0,0.5,0,0,,0,64.9,0.0,64.9,1,1,1,1
3592,3,0.989894,0.5,1,1,2.0,2,64.4,72.8,137.2,1,1,1,1
3593,2,0.989894,0.5,1,1,3.0,3,65.0,72.8,137.8,1,1,1,1
3594,2,0.989894,0.5,1,1,2.0,2,64.0,72.8,136.8,1,1,1,1
3595,0,0.177465,0.5,0,0,,0,63.6,0.0,63.6,1,1,1,1
3596,2,0.997497,0.5,1,1,2.0,2,65.2,83.0,148.2,1,1,1,1
3597,0,0.0,0.5,0,0,,0,77.7,0.0,77.7,1,1,1,1
3598,0,0.0,0.5,0,0,,0,72.0,0.0,72.0,1,1,1,1
3599,0,0.513514,0.5,1,1,0.0,0,95.1,85.8,180.9,1,1,1,1
3600,3,0.989894,0.5,1,1,3.0,3,70.1,75.1,145.2,1,1,1,1
3601,0,0.997497,0.5,1,1,0.0,0,65.0,72.7,137.7,1,1,1,1
3602,1,1.0,0.5,1,1,1.0,1,65.7,74.1,139.8,1,1,1,1
3603,0,0.0,0.5,0,0,,0,64.6,0.0,64.6,1,1,1,1
3604,1,0.989894,0.5,1,1,1.0,1,65.0,71.4,136.4,1,1,1,1
3605,0,0.0,0.5,0,0,,0,63.3,0.0,63.3,1,1,1,1
3606,2,0.989894,0.5,1,1,2.0,2,65.8,90.7,156.5,1,1,1,1
3607,1,0.997497,0.5,1,1,1.0,1,66.4,71.9,138.3,1,1,1,1
3608,1,1.0,0.5,1,1,1.0,1,61.9,71.0,132.9,1,1,1,1
3609,3,1.0,0.5,1,1,2.0,2,61.9,81.5,143.4,1,1,1,1
3610,1,1.0,0.5,1,1,1.0,1,68.8,72.0,140.8,1,1,1,1
3611,3,0.989894,0.5,1,1,3.0,3,63.3,71.3,134.6,1,1,1,1
3612,3,0.989894,0.5,1,1,3.0,3,61.9,71.3,133.2,1,1,1,1
3613,0,0.989894,0.5,1,1,0.0,0,81.3,80.8,162.1,1,1,1,1
3614,2,0.989894,0.5,1,1,2.0,2,70.0,77.8,147.8,1,1,1,1
3615,2,0.989894,0.5,1,1,2.0,2,65.2,74.0,139.2,1,1,1,1
3616,1,1.0,0.5,1,1,1.0,1,77.8,78.2,156.0,1,1,1,1
3617,2,0.989894,0.5,1,1,2.0,2,69.0,75.4,144.4,1,1,1,1
3618,0,0.0,0.5,0,0,,0,69.5,0.0,69.5,1,1,1,1
3619,2,1.0,0.5,1,1,2.0,2,70.2,94.5,164.7,1,1,1,1
3620,2,0.989894,0.5,1,1,3.0,3,73.5,77.9,151.4,1,1,1,1
3621,1,1.0,0.5,1,1,1.0,1,70.8,78.3,149.1,1,1,1,1
3622,0,0.0,0.5,0,0,,0,72.7,0.0,72.7,1,1,1,1
3623,3,0.989894,0.5,1,1,3.0,3,76.7,86.8,163.5,1,1,1,1
3624,1,0.989894,0.5,1,1,1.0,1,74.5,84.4,158.9,1,1,1,1
3625,0,0.0,0.5,0,0,,0,76.5,0.0,76.5,1,1,1,1
3626,1,1.0,0.5,1,1,1.0,1,90.6,89.4,180.0,1,1,1,1
3627,3,0.989894,0.5,1,1,2.0,2,77.2,88.5,165.7,1,1,1,1
3628,0,0.0,0.5,0,0,,0,76.7,0.0,76.7,1,1,1,1
3629,1,0.997497,0.5,1,1,1.0,1,91.6,101.9,193.5,1,1,1,1
3630,0,0.0,0.5,0,0,,0,82.0,0.0,82.0,1,1,1,1
3631,2,0.989894,0.5,1,1,3.0,3,82.7,96.7,179.4,1,1,1,1
3632,1,1.0,0.5,1,1,1.0,1,83.4,109.2,192.6,1,1,1,1
3633,1,1.0,0.5,1,1,1.0,1,93.7,104.0,197.7,1,1,1,1
3634,1,1.0,0.5,1,1,1.0,1,87.6,100.7,188.3,1,1,1,1
3635,0,0.0,0.5,0,0,,0,86.8,0.0,86.8,1,1,1,1
3636,2,0.989894,0.5,1,1,2.0,2,93.0,102.4,195.4,1,1,1,1
3637,3,0.989894,0.5,1,1,3.0,3,91.2,101.0,192.2,1,1,1,1
3638,0,0.177465,0.5,0,0,,0,88.8,0.0,88.8,1,1,1,1
3639,3,0.989894,0.5,1,1,2.0,2,107.1,110.0,217.1,1,1,1,1
3640,1,1.0,0.5,1,1,1.0,1,91.4,100.7,192.1,1,1,1,1
3641,0,0.0,0.5,0,0,,0,91.6,0.0,91.6,1,1,1,1
3642,3,0.989894,0.5,1,1,3.0,3,89.6,114.8,204.4,1,1,1,1
3643,1,1.0,0.5,1,1,1.0,1,91.0,98.0,189.0,1,1,1,1
3644,1,0.989894,0.5,1,1,1.0,1,87.7,90.7,178.4,1,1,1,1
3645,0,0.0,0.5,0,0,,0,82.1,0.0,82.1,1,1,1,1
3646,2,0.989894,0.5,1,1,2.0,2,88.0,91.9,179.9,1,1,1,1
3647,1,0.989894,0.5,1,1,1.0,1,79.3,90.4,169.7,1,1,1,1
3648,0,0.0,0.5,0,0,,0,77.1,0.0,77.1,1,1,1,1
3649,2,0.989894,0.5,1,1,2.0,2,92.0,89.1,181.1,1,1,1,1
3650,1,1.0,0.5,1,1,1.0,1,78.8,82.2,161.0,1,1,1,1
3651,3,0.989894,0.5,1,1,3.0,3,73.9,82.0,155.9,1,1,1,1
3652,0,0.0,0.5,0,0,,0,80.8,0.0,80.8,1,1,1,1
3653,1,0.999232,0.5,1,1,1.0,1,71.4,78.5,149.9,1,1,1,1
3654,3,0.989894,0.5,1,1,2.0,2,68.8,87.2,156.0,1,1,1,1
3655,1,1.0,0.5,1,1,1.0,1,69.5,92.2,161.7,1,1,1,1
3656,0,0.0,0.5,0,0,,0,71.7,0.0,71.7,1,1,1,1
3657,3,1.0,0.5,1,1,2.0,2,66.1,75.3,141.4,1,1,1,1
3658,0,0.0,0.5,0,0,,0,64.2,0.0,64.2,1,1,1,1
3659,3,0.989894,0.5,1,1,2.0,2,68.7,73.3,142.0,1,1,1,1
3660,3,0.989894,0.5,1,1,2.0,2,62.1,69.9,132.0,1,1,1,1
3661,1,0.999232,0.5,1,1,1.0,1,62.8,71.6,134.4,1,1,1,1
3662,2,0.989894,0.5,1,1,2.0,2,75.1,72.8,147.9,1,1,1,1
3663,3,0.989894,0.5,1,1,2.0,2,61.2,69.3,130.5,1,1,1,1
3664,1,0.997497,0.5,1,1,1.0,1,59.6,68.1,127.7,1,1,1,1
3665,0,0.0,0.5,0,0,,0,62.2,0.0,62.2,1,1,1,1
3666,1,0.177465,0.5,0,0,,0,63.8,0.0,63.8,1,1,1,1
3667,2,0.989894,0.5,1,1,3.0,3,61.3,70.5,131.8,1,1,1,1
3668,0,0.0,0.5,0,0,,0,60.2,0.0,60.2,1,1,1,1
3669,3,1.0,0.5,1,1,2.0,2,66.0,71.0,137.0,1,1,1,1
3670,0,0.0,0.5,0,0,,0,61.0,0.0,61.0,1,1,1,1
3671,1,1.0,0.5,1,1,1.0,1,61.2,70.6,131.8,1,1,1,1
3672,1,0.997497,0.5,1,1,1.0,1,99.9,72.7,172.6,1,1,1,1
3673,0,0.0,0.5,0,0,,0,70.1,0.0,70.1,1,1,1,1
3674,1,0.989894,0.5,1,1,1.0,1,62.2,69.6,131.8,1,1,1,1
3675,3,0.989894,0.5,1,1,3.0,3,73.3,70.6,143.9,1,1,1,1
3676,1,1.0,0.5,1,1,1.0,1,62.1,69.2,131.3,1,1,1,1
3677,0,0.0,0.5,0,0,,0,62.1,0.0,62.1,1,1,1,1
3678,0,0.0,0.5,0,0,,0,72.3,0.0,72.3,1,1,1,1
3679,1,1.0,0.5,1,1,1.0,1,64.0,70.5,134.5,1,1,1,1
3680,0,0.0,0.5,0,0,,0,61.7,0.0,61.7,1,1,1,1
3681,0,0.0,0.5,0,0,,0,62.2,0.0,62.2,1,1,1,1
3682,3,0.989894,0.5,1,1,2.0,2,317.3,111.1,428.4,1,1,1,1
3683,2,0.989894,0.5,1,1,2.0,2,80.8,97.5,178.3,1,1,1,1
3684,2,0.999232,0.5,1,1,2.0,2,172.2,129.1,301.3,1,1,1,1
3685,3,0.989894,0.5,1,1,2.0,2,115.4,104.2,219.6,1,1,1,1
3686,0,0.0,0.5,0,0,,0,73.6,0.0,73.6,1,1,1,1
3687,2,0.989894,0.5,1,1,2.0,2,81.2,80.9,162.1,1,1,1,1
3688,3,1.0,0.5,1,1,2.0,2,74.2,76.3,150.5,1,1,1,1
3689,3,0.989894,0.5,1,1,3.0,3,68.3,86.4,154.7,1,1,1,1
3690,2,0.989894,0.5,1,1,2.0,2,71.7,201.4,273.1,1,1,1,1
3691,0,0.0,0.5,0,0,,0,106.1,0.0,106.1,1,1,1,1
3692,0,0.0,0.5,0,0,,0,82.0,0.0,82.0,1,1,1,1
3693,3,0.997497,0.5,1,1,2.0,2,69.2,74.7,143.9,1,1,1,1
3694,0,0.0,0.5,0,0,,0,64.9,0.0,64.9,1,1,1,1
3695,2,0.989894,0.5,1,1,2.0,2,64.2,70.6,134.8,1,1,1,1
3696,3,0.989894,0.5,1,1,2.0,2,62.6,71.4,134.0,1,1,1,1
3697,0,0.0,0.5,0,0,,0,63.9,0.0,63.9,1,1,1,1
3698,2,0.989894,0.5,1,1,3.0,3,66.9,72.7,139.6,1,1,1,1
3699,2,1.0,0.5,1,1,2.0,2,63.4,72.2,135.6,1,1,1,1
3700,1,1.0,0.5,1,1,1.0,1,63.7,70.2,133.9,1,1,1,1
3701,0,0.0,0.5,0,0,,0,64.0,0.0,64.0,1,1,1,1
3702,3,1.0,0.5,1,1,3.0,3,62.9,70.5,133.4,1,1,1,1
3703,0,0.0,0.5,0,0,,0,64.1,0.0,64.1,1,1,1,1
3704,3,0.989894,0.5,1,1,3.0,3,62.2,70.9,133.1,1,1,1,1
3705,1,1.0,0.5,1,1,1.0,1,64.0,71.1,135.1,1,1,1,1
3706,1,1.0,0.5,1,1,1.0,1,63.8,74.3,138.1,1,1,1,1
3707,3,0.989894,0.5,1,1,3.0,3,65.2,77.4,142.6,1,1,1,1
3708,0,0.0,0.5,0,0,,0,66.7,0.0,66.7,1,1,1,1
3709,1,0.989894,0.5,1,1,2.0,2,69.6,75.8,145.4,1,1,1,1
3710,1,1.0,0.5,1,1,1.0,1,69.9,80.9,150.8,1,1,1,1
3711,0,0.0,0.5,0,0,,0,70.9,0.0,70.9,1,1,1,1
3712,0,0.0,0.5,0,0,,0,71.8,0.0,71.8,1,1,1,1
3713,3,0.989894,0.5,1,1,3.0,3,74.3,80.7,155.0,1,1,1,1
3714,1,1.0,0.5,1,1,1.0,1,71.7,83.4,155.1,1,1,1,1
3715,2,0.989894,0.5,1,1,2.0,2,72.4,85.5,157.9,1,1,1,1
3716,3,1.0,0.5,1,1,2.0,2,74.6,86.6,161.2,1,1,1,1
3717,0,0.0,0.5,0,0,,0,75.6,0.0,75.6,1,1,1,1
3718,1,1.0,0.5,1,1,1.0,1,75.9,86.0,161.9,1,1,1,1
3719,2,0.989894,0.5,1,1,3.0,3,76.1,105.2,181.3,1,1,1,1
3720,3,0.989894,0.5,1,1,3.0,3,81.2,85.6,166.8,1,1,1,1
3721,1,0.989894,0.5,1,1,2.0,2,77.0,80.1,157.1,1,1,1,1
3722,3,0.989894,0.5,1,1,2.0,2,71.3,80.1,151.4,1,1,1,1
3723,1,1.0,0.5,1,1,1.0,1,87.7,86.4,174.1,1,1,1,1
3724,3,0.989894,0.5,1,1,3.0,3,72.3,86.1,158.4,1,1,1,1
3725,1,1.0,0.5,1,1,1.0,1,68.7,75.9,144.6,1,1,1,1
3726,2,0.989894,0.5,1,1,2.0,2,66.2,91.5,157.7,1,1,1,1
3727,0,0.0,0.5,0,0,,0,70.9,0.0,70.9,1,1,1,1
3728,1,1.0,0.5,1,1,1.0,1,63.2,72.2,135.4,1,1,1,1
3729,3,0.989894,0.5,1,1,2.0,2,65.6,78.8,144.4,1,1,1,1
3730,0,0.0,0.5,0,0,,0,68.9,0.0,68.9,1,1,1,1
3731,0,0.0,0.5,0,0,,0,63.4,0.0,63.4,1,1,1,1
3732,3,0.989894,0.5,1,1,3.0,3,64.2,68.6,132.8,1,1,1,1
3733,0,0.0,0.5,0,0,,0,71.8,0.0,71.8,1,1,1,1
3734,3,0.999232,0.5,1,1,3.0,3,60.9,67.8,128.7,1,1,1,1
3735,1,1.0,0.5,1,1,1.0,1,60.4,69.4,129.8,1,1,1,1
3736,1,1.0,0.5,1,1,1.0,1,68.1,74.0,142.1,1,1,1,1
3737,2,0.997497,0.5,1,1,2.0,2,64.6,69.6,134.2,1,1,1,1
3738,3,0.989894,0.5,1,1,3.0,3,60.3,67.3,127.6,1,1,1,1
3739,2,0.989894,0.5,1,1,3.0,3,61.4,77.5,138.9,1,1,1,1
3740,1,1.0,0.5,1,1,1.0,1,67.2,69.6,136.8,1,1,1,1
3741,3,0.989894,0.5,1,1,2.0,2,61.8,68.3,130.1,1,1,1,1
3742,3,0.989894,0.5,1,1,3.0,3,60.8,67.5,128.3,1,1,1,1
3743,2,0.989894,0.5,1,1,3.0,3,71.8,71.6,143.4,1,1,1,1
3744,3,0.989894,0.5,1,1,2.0,2,61.7,69.2,130.9,1,1,1,1
3745,1,1.0,0.5,1,1,1.0,1,62.7,70.2,132.9,1,1,1,1
3746,1,0.999232,0.5,1,1,1.0,1,69.9,74.8,144.7,1,1,1,1
3747,2,0.989894,0.5,1,1,2.0,2,61.3,72.0,133.3,1,1,1,1
3748,3,1.0,0.5,1,1,3.0,3,61.6,67.9,129.5,1,1,1,1
3749,2,0.989894,0.5,1,1,2.0,2,61.5,82.4,143.9,1,1,1,1
3750,0,0.177465,0.5,0,0,,0,63.6,0.0,63.6,1,1,1,1
3751,3,0.989894,0.5,1,1,2.0,2,119.7,80.4,200.1,1,1,1,1
3752,3,1.0,0.5,1,1,2.0,2,75.2,78.2,153.4,1,1,1,1
3753,3,0.989894,0.5,1,1,2.0,2,66.7,71.6,138.3,1,1,1,1
3754,3,0.989894,0.5,1,1,2.0,2,63.4,69.3,132.7,1,1,1,1
3755,3,0.999232,0.5,1,1,2.0,2,60.2,83.2,143.4,1,1,1,1
3756,0,0.0,0.5,0,0,,0,65.3,0.0,65.3,1,1,1,1
3757,0,0.0,0.5,0,0,,0,61.3,0.0,61.3,1,1,1,1
3758,3,0.989894,0.5,1,1,2.0,2,60.2,77.9,138.1,1,1,1,1
3759,3,0.989894,0.5,1,1,2.0,2,66.1,71.9,138.0,1,1,1,1
3760,3,0.997497,0.5,1,1,2.0,2,60.6,69.5,130.1,1,1,1,1
3761,0,0.0,0.5,0,0,,0,61.3,0.0,61.3,1,1,1,1
3762,0,0.177465,0.5,0,0,,0,70.5,0.0,70.5,1,1,1,1
3763,2,0.989894,0.5,1,1,3.0,3,62.0,69.4,131.4,1,1,1,1
3764,2,0.989894,0.5,1,1,2.0,2,59.4,68.7,128.1,1,1,1,1
3765,3,0.989894,0.5,1,1,2.0,2,62.3,78.5,140.8,1,1,1,1
3766,1,0.997497,0.5,1,1,1.0,1,63.4,70.2,133.6,1,1,1,1
3767,2,0.989894,0.5,1,1,2.0,2,61.0,69.5,130.5,1,1,1,1
3768,0,0.177465,0.5,0,0,,0,60.8,0.0,60.8,1,1,1,1
3769,2,0.989894,0.5,1,1,3.0,3,66.2,70.5,136.7,1,1,1,1
3770,3,0.989894,0.5,1,1,3.0,3,60.3,68.5,128.8,1,1,1,1
3771,0,0.0,0.5,0,0,,0,61.8,0.0,61.8,1,1,1,1
3772,0,0.0,0.5,0,0,,0,71.9,0.0,71.9,1,1,1,1
3773,0,0.0,0.5,0,0,,0,63.0,0.0,63.0,1,1,1,1
3774,3,0.989894,0.5,1,1,2.0,2,59.4,68.0,127.4,1,1,1,1
3775,3,0.989894,0.5,1,1,3.0,3,65.4,74.1,139.5,1,1,1,1
3776,3,0.989894,0.5,1,1,3.0,3,63.2,68.3,131.5,1,1,1,1
3777,0,0.0,0.5,0,0,,0,62.1,0.0,62.1,1,1,1,1
3778,2,0.989894,0.5,1,1,3.0,3,60.4,77.7,138.1,1,1,1,1
3779,1,0.997497,0.5,1,1,1.0,1,64.7,71.2,135.9,1,1,1,1
3780,3,0.989894,0.5,1,1,2.0,2,62.2,69.3,131.5,1,1,1,1
3781,0,0.0,0.5,0,0,,0,62.1,0.0,62.1,1,1,1,1
3782,1,1.0,0.5,1,1,1.0,1,72.1,72.2,144.3,1,1,1,1
3783,2,0.989894,0.5,1,1,2.0,2,61.9,68.9,130.8,1,1,1,1
3784,3,0.989894,0.5,1,1,2.0,2,60.1,76.5,136.6,1,1,1,1
3785,0,0.0,0.5,0,0,,0,204.5,0.0,204.5,1,1,1,1
3786,0,0.0,0.5,0,0,,0,99.8,0.0,99.8,1,1,1,1
3787,3,0.989894,0.5,1,1,3.0,3,69.3,77.0,146.3,1,1,1,1
3788,0,0.0,0.5,0,0,,0,74.9,0.0,74.9,1,1,1,1
3789,3,1.0,0.5,1,1,3.0,3,87.7,170.1,257.8,1,1,1,1
3790,1,0.999232,0.5,1,1,1.0,1,93.6,85.6,179.2,1,1,1,1
3791,0,0.0,0.5,0,0,,0,68.6,0.0,68.6,1,1,1,1
3792,2,1.0,0.5,1,1,3.0,3,62.7,70.7,133.4,1,1,1,1
3793,2,0.989894,0.5,1,1,1.0,1,63.0,71.1,134.1,1,1,1,1
3794,2,0.989894,0.5,1,1,3.0,3,61.6,70.3,131.9,1,1,1,1
3795,0,0.0,0.5,0,0,,0,60.7,0.0,60.7,1,1,1,1
3796,2,0.989894,0.5,1,1,2.0,2,60.9,70.3,131.2,1,1,1,1
3797,1,1.0,0.5,1,1,1.0,1,62.0,70.9,132.9,1,1,1,1
3798,0,0.0,0.5,0,0,,0,67.6,0.0,67.6,1,1,1,1
3799,0,0.0,0.5,0,0,,0,61.8,0.0,61.8,1,1,1,1
3800,2,0.989894,0.5,1,1,2.0,2,61.2,71.1,132.3,1,1,1,1
3801,2,0.999232,0.5,1,1,2.0,2,64.5,69.0,133.5,1,1,1,1
3802,0,0.0,0.5,0,0,,0,61.7,0.0,61.7,1,1,1,1
3803,3,1.0,0.5,1,1,2.0,2,60.2,70.7,130.9,1,1,1,1
3804,1,1.0,0.5,1,1,1.0,1,62.7,69.5,132.2,1,1,1,1
3805,0,0.0,0.5,0,0,,0,70.9,0.0,70.9,1,1,1,1
3806,3,0.999232,0.5,1,1,3.0,3,66.1,71.1,137.2,1,1,1,1
3807,1,0.989894,0.5,1,1,1.0,1,62.7,69.7,132.4,1,1,1,1
3808,2,0.989894,0.5,1,1,3.0,3,60.8,82.9,143.7,1,1,1,1
3809,3,0.989894,0.5,1,1,2.0,2,68.6,73.9,142.5,1,1,1,1
3810,1,1.0,0.5,1,1,1.0,1,66.6,71.2,137.8,1,1,1,1
3811,3,0.989894,0.5,1,1,3.0,3,61.4,71.7,133.1,1,1,1,1
3812,2,0.989894,0.5,1,1,2.0,2,78.5,73.2,151.7,1,1,1,1
3813,3,0.989894,0.5,1,1,2.0,2,62.5,70.1,132.6,1,1,1,1
3814,0,0.0,0.5,0,0,,0,62.1,0.0,62.1,1,1,1,1
3815,2,1.0,0.5,1,1,2.0,2,77.7,75.1,152.8,1,1,1,1
3816,2,0.989894,0.5,1,1,2.0,2,64.2,119.6,183.8,1,1,1,1
3817,0,0.0,0.5,0,0,,0,156.5,0.0,156.5,1,1,1,1
3818,2,0.999232,0.5,1,1,3.0,3,301.1,117.8,418.9,1,1,1,1
3819,0,0.177465,0.5,0,0,,0,85.9,0.0,85.9,1,1,1,1
3820,2,1.0,0.5,1,1,2.0,2,68.4,76.5,144.9,1,1,1,1
3821,2,0.989894,0.5,1,1,2.0,2,67.5,72.2,139.7,1,1,1,1
3822,3,0.989894,0.5,1,1,3.0,3,63.4,72.3,135.7,1,1,1,1
3823,0,0.0,0.5,0,0,,0,63.1,0.0,63.1,1,1,1,1
3824,2,0.989894,0.5,1,1,2.0,2,63.2,72.0,135.2,1,1,1,1
3825,3,0.989894,0.5,1,1,2.0,2,67.5,75.3,142.8,1,1,1,1
3826,2,0.989894,0.5,1,1,3.0,3,63.8,71.1,134.9,1,1,1,1
3827,3,0.989894,0.5,1,1,2.0,2,63.0,72.4,135.4,1,1,1,1
3828,1,0.989894,0.5,1,1,1.0,1,61.8,71.1,132.9,1,1,1,1
3829,2,1.0,0.5,1,1,2.0,2,63.6,70.5,134.1,1,1,1,1
3830,1,1.0,0.5,1,1,1.0,1,62.2,69.4,131.6,1,1,1,1
3831,2,0.989894,0.5,1,1,2.0,2,81.4,75.9,157.3,1,1,1,1
3832,1,0.989894,0.5,1,1,1.0,1,63.1,71.4,134.5,1,1,1,1
3833,0,0.0,0.5,0,0,,0,64.1,0.0,64.1,1,1,1,1
3834,2,0.989894,0.5,1,1,3.0,3,62.6,70.5,133.1,1,1,1,1
3835,2,0.989894,0.5,1,1,2.0,2,61.5,69.6,131.1,1,1,1,1
3836,0,0.0,0.5,0,0,,0,61.0,0.0,61.0,1,1,1,1
3837,2,0.989894,0.5,1,1,2.0,2,62.4,71.3,133.7,1,1,1,1
3838,3,0.989894,0.5,1,1,3.0,3,60.6,71.9,132.5,1,1,1,1
3839,0,0.0,0.5,0,0,,0,62.3,0.0,62.3,1,1,1,1
3840,1,0.989894,0.5,1,1,1.0,1,63.9,69.0,132.9,1,1,1,1
3841,2,0.989894,0.5,1,1,2.0,2,62.7,70.2,132.9,1,1,1,1
3842,0,0.0,0.5,0,0,,0,62.7,0.0,62.7,1,1,1,1
3843,3,0.989894,0.5,1,1,2.0,2,62.3,70.4,132.7,1,1,1,1
3844,0,0.0,0.5,0,0,,0,61.2,0.0,61.2,1,1,1,1
3845,2,0.989894,0.5,1,1,3.0,3,67.0,83.3,150.3,1,1,1,1
3846,1,1.0,0.5,1,1,1.0,1,67.4,69.4,136.8,1,1,1,1
3847,3,0.989894,0.5,1,1,2.0,2,62.4,70.7,133.1,1,1,1,1
3848,0,0.177465,0.5,0,0,,0,59.8,0.0,59.8,1,1,1,1
3849,2,0.989894,0.5,1,1,2.0,2,75.5,73.0,148.5,1,1,1,1
3850,3,0.999232,0.5,1,1,2.0,2,62.2,69.2,131.4,1,1,1,1
3851,1,0.989894,0.5,1,1,1.0,1,61.0,69.0,130.0,1,1,1,1
3852,0,0.989894,0.5,1,1,0.0,0,68.7,72.5,141.2,1,1,1,1
3853,2,0.989894,0.5,1,1,3.0,3,63.6,68.8,132.4,1,1,1,1
3854,3,0.989894,0.5,1,1,2.0,2,61.0,67.7,128.7,1,1,1,1
3855,0,0.0,0.5,0,0,,0,61.0,0.0,61.0,1,1,1,1
3856,2,0.997497,0.5,1,1,2.0,2,65.4,69.5,134.9,1,1,1,1
3857,2,0.989894,0.5,1,1,2.0,2,62.3,68.4,130.7,1,1,1,1
3858,1,1.0,0.5,1,1,1.0,1,60.4,68.4,128.8,1,1,1,1
3859,0,0.0,0.5,0,0,,0,71.4,0.0,71.4,1,1,1,1
3860,0,0.0,0.5,0,0,,0,93.5,0.0,93.5,1,1,1,1
3861,0,0.0,0.5,0,0,,0,64.7,0.0,64.7,1,1,1,1
3862,0,0.177465,0.5,0,0,,0,72.2,0.0,72.2,1,1,1,1
3863,0,0.0,0.5,0,0,,0,61.3,0.0,61.3,1,1,1,1
3864,1,0.999232,0.5,1,1,1.0,1,59.5,67.2,126.7,1,1,1,1
3865,0,0.0,0.5,0,0,,0,60.4,0.0,60.4,1,1,1,1
3866,0,0.177465,0.5,0,0,,0,63.6,0.0,63.6,1,1,1,1
3867,0,0.0,0.5,0,0,,0,59.3,0.0,59.3,1,1,1,1
3868,3,1.0,0.5,1,1,2.0,2,61.3,75.2,136.5,1,1,1,1
3869,0,0.0,0.5,0,0,,0,66.5,0.0,66.5,1,1,1,1
3870,3,0.989894,0.5,1,1,2.0,2,60.8,69.2,130.0,1,1,1,1
3871,2,0.989894,0.5,1,1,2.0,2,60.9,69.8,130.7,1,1,1,1
3872,0,0.0,0.5,0,0,,0,71.6,0.0,71.6,1,1,1,1
3873,1,1.0,0.5,1,1,1.0,1,61.9,68.5,130.4,1,1,1,1
3874,3,0.989894,0.5,1,1,3.0,3,60.5,67.3,127.8,1,1,1,1
3875,3,0.989894,0.5,1,1,3.0,3,60.1,82.0,142.1,1,1,1,1
3876,0,0.0,0.5,0,0,,0,64.0,0.0,64.0,1,1,1,1
3877,2,0.989894,0.5,1,1,2.0,2,62.6,69.9,132.5,1,1,1,1
3878,3,0.989894,0.5,1,1,2.0,2,60.6,76.6,137.2,1,1,1,1
3879,2,0.989894,0.5,1,1,2.0,2,65.2,70.0,135.2,1,1,1,1
3880,3,1.0,0.5,1,1,3.0,3,61.4,70.1,131.5,1,1,1,1
3881,3,0.989894,0.5,1,1,2.0,2,61.9,69.4,131.3,1,1,1,1
3882,2,0.989894,0.5,1,1,3.0,3,72.7,71.7,144.4,1,1,1,1
3883,2,1.0,0.5,1,1,3.0,3,62.3,70.0,132.3,1,1,1,1
3884,0,0.0,0.5,0,0,,0,60.4,0.0,60.4,1,1,1,1
3885,2,0.989894,0.5,1,1,2.0,2,69.4,74.4,143.8,1,1,1,1
3886,1,1.0,0.5,1,1,1.0,1,63.0,69.0,132.0,1,1,1,1
3887,2,1.0,0.5,1,1,3.0,3,61.6,69.8,131.4,1,1,1,1
3888,1,0.997497,0.5,1,1,1.0,1,61.9,218.9,280.8,1,1,1,1
3889,0,0.0,0.5,0,0,,0,137.6,0.0,137.6,1,1,1,1
3890,2,0.989894,0.5,1,1,3.0,3,77.8,80.2,158.0,1,1,1,1
3891,0,0.0,0.5,0,0,,0,80.5,0.0,80.5,1,1,1,1
3892,1,0.997497,0.5,1,1,1.0,1,65.2,69.5,134.7,1,1,1,1
3893,0,0.0,0.5,0,0,,0,65.0,0.0,65.0,1,1,1,1
3894,3,1.0,0.5,1,1,3.0,3,73.3,73.2,146.5,1,1,1,1
3895,1,0.989894,0.5,1,1,1.0,1,62.5,71.2,133.7,1,1,1,1
3896,1,0.989894,0.5,1,1,1.0,1,62.7,70.9,133.6,1,1,1,1
3897,1,0.997497,0.5,1,1,1.0,1,64.3,94.0,158.3,1,1,1,1
3898,0,0.0,0.5,0,0,,0,68.9,0.0,68.9,1,1,1,1
3899,0,0.0,0.5,0,0,,0,70.2,0.0,70.2,1,1,1,1
3900,3,0.989894,0.5,1,1,3.0,3,101.0,249.2,350.2,1,1,1,1
3901,0,0.0,0.5,0,0,,0,127.6,0.0,127.6,1,1,1,1
3902,2,0.989894,0.5,1,1,2.0,2,89.6,80.3,169.9,1,1,1,1
3903,0,0.0,0.5,0,0,,0,66.3,0.0,66.3,1,1,1,1
3904,2,1.0,0.5,1,1,3.0,3,63.1,69.0,132.1,1,1,1,1
3905,3,0.989894,0.5,1,1,3.0,3,74.3,75.0,149.3,1,1,1,1
3906,1,0.989894,0.5,1,1,1.0,1,63.1,82.1,145.2,1,1,1,1
3907,2,0.989894,0.5,1,1,2.0,2,64.7,71.1,135.8,1,1,1,1
3908,0,0.0,0.5,0,0,,0,62.1,0.0,62.1,1,1,1,1
3909,2,1.0,0.5,1,1,2.0,2,66.3,71.0,137.3,1,1,1,1
3910,0,0.0,0.5,0,0,,0,60.8,0.0,60.8,1,1,1,1
3911,1,0.989894,0.5,1,1,1.0,1,60.2,77.9,138.1,1,1,1,1
3912,0,0.0,0.5,0,0,,0,68.2,0.0,68.2,1,1,1,1
3913,0,0.0,0.5,0,0,,0,64.9,0.0,64.9,1,1,1,1
3914,0,0.0,0.5,0,0,,0,59.9,0.0,59.9,1,1,1,1
3915,3,0.989894,0.5,1,1,3.0,3,72.6,71.9,144.5,1,1,1,1
3916,3,0.989894,0.5,1,1,3.0,3,62.5,68.7,131.2,1,1,1,1
3917,1,1.0,0.5,1,1,1.0,1,61.9,69.5,131.4,1,1,1,1
3918,3,0.989894,0.5,1,1,2.0,2,71.8,72.6,144.4,1,1,1,1
3919,2,0.989894,0.5,1,1,2.0,2,62.4,71.6,134.0,1,1,1,1
3920,3,0.989894,0.5,1,1,2.0,2,60.9,67.9,128.8,1,1,1,1
3921,3,0.989894,0.5,1,1,2.0,2,60.8,79.1,139.9,1,1,1,1
3922,1,0.513514,0.5,1,1,1.0,1,63.5,68.6,132.1,1,1,1,1
3923,0,0.0,0.5,0,0,,0,60.5,0.0,60.5,1,1,1,1
3924,3,0.989894,0.5,1,1,3.0,3,59.4,73.6,133.0,1,1,1,1
3925,3,1.0,0.5,1,1,2.0,2,67.4,71.2,138.6,1,1,1,1
3926,2,0.989894,0.5,1,1,2.0,2,61.7,68.4,130.1,1,1,1,1
3927,0,0.0,0.5,0,0,,0,59.9,0.0,59.9,1,1,1,1
3928,2,0.989894,0.5,1,1,2.0,2,70.2,71.8,142.0,1,1,1,1
3929,3,0.989894,0.5,1,1,3.0,3,62.0,67.8,129.8,1,1,1,1
3930,2,0.989894,0.5,1,1,2.0,2,59.4,68.1,127.5,1,1,1,1
3931,1,0.989894,0.5,1,1,1.0,1,60.6,79.7,140.3,1,1,1,1
3932,3,0.989894,0.5,1,1,2.0,2,63.3,70.0,133.3,1,1,1,1
3933,0,0.0,0.5,0,0,,0,62.3,0.0,62.3,1,1,1,1
3934,3,0.989894,0.5,1,1,3.0,3,61.3,75.8,137.1,1,1,1,1
3935,2,0.989894,0.5,1,1,3.0,3,67.1,70.5,137.6,1,1,1,1
3936,1,0.989894,0.5,1,1,1.0,1,60.7,68.0,128.7,1,1,1,1
3937,0,0.0,0.5,0,0,,0,60.6,0.0,60.6,1,1,1,1
3938,0,0.0,0.5,0,0,,0,71.7,0.0,71.7,1,1,1,1
3939,0,0.0,0.5,0,0,,0,62.2,0.0,62.2,1,1,1,1
3940,0,0.0,0.5,0,0,,0,61.5,0.0,61.5,1,1,1,1
3941,2,0.989894,0.5,1,1,2.0,2,60.9,78.5,139.4,1,1,1,1
3942,2,0.989894,0.5,1,1,2.0,2,63.5,70.0,133.5,1,1,1,1
3943,0,0.0,0.5,0,0,,0,60.9,0.0,60.9,1,1,1,1
3944,3,0.997497,0.5,1,1,2.0,2,60.7,75.0,135.7,1,1,1,1
3945,0,0.0,0.5,0,0,,0,66.6,0.0,66.6,1,1,1,1
3946,2,0.989894,0.5,1,1,2.0,2,60.1,68.9,129.0,1,1,1,1
3947,2,0.989894,0.5,1,1,2.0,2,59.6,69.1,128.7,1,1,1,1
3948,1,0.989894,0.5,1,1,1.0,1,71.5,70.9,142.4,1,1,1,1
3949,0,0.0,0.5,0,0,,0,61.7,0.0,61.7,1,1,1,1
3950,3,1.0,0.5,1,1,3.0,3,58.8,66.5,125.3,1,1,1,1
3951,2,0.989894,0.5,1,1,2.0,2,59.6,78.0,137.6,1,1,1,1
3952,2,0.989894,0.5,1,1,3.0,3,63.8,69.7,133.5,1,1,1,1
3953,2,0.989894,0.5,1,1,2.0,2,61.9,69.2,131.1,1,1,1,1
3954,0,0.0,0.5,0,0,,0,59.4,0.0,59.4,1,1,1,1
3955,0,0.0,0.5,0,0,,0,65.0,0.0,65.0,1,1,1,1
3956,0,0.0,0.5,0,0,,0,60.8,0.0,60.8,1,1,1,1
3957,1,0.989894,0.5,1,1,1.0,1,60.5,69.5,130.0,1,1,1,1
3958,2,0.989894,0.5,1,1,2.0,2,72.6,71.1,143.7,1,1,1,1
3959,2,0.989894,0.5,1,1,2.0,2,62.8,69.9,132.7,1,1,1,1
3960,1,1.0,0.5,1,1,1.0,1,61.5,70.3,131.8,1,1,1,1
3961,3,0.999232,0.5,1,1,3.0,3,68.0,73.6,141.6,1,1,1,1
3962,3,0.999232,0.5,1,1,3.0,3,62.4,68.0,130.4,1,1,1,1
3963,3,0.989894,0.5,1,1,3.0,3,60.8,67.6,128.4,1,1,1,1
3964,2,0.997497,0.5,1,1,2.0,2,60.6,76.0,136.6,1,1,1,1
3965,1,1.0,0.5,1,1,1.0,1,65.2,71.0,136.2,1,1,1,1
3966,2,0.989894,0.5,1,1,3.0,3,61.1,71.1,132.2,1,1,1,1
3967,2,0.989894,0.5,1,1,3.0,3,61.4,69.7,131.1,1,1,1,1
3968,2,0.989894,0.5,1,1,3.0,3,71.9,72.0,143.9,1,1,1,1
3969,1,1.0,0.5,1,1,1.0,1,61.9,68.6,130.5,1,1,1,1
3970,2,0.989894,0.5,1,1,3.0,3,60.5,67.2,127.7,1,1,1,1
3971,0,0.0,0.5,0,0,,0,70.1,0.0,70.1,1,1,1,1
3972,1,1.0,0.5,1,1,1.0,1,63.3,68.1,131.4,1,1,1,1
3973,2,0.989894,0.5,1,1,3.0,3,62.7,68.9,131.6,1,1,1,1
3974,1,1.0,0.5,1,1,1.0,1,62.3,79.6,141.9,1,1,1,1
3975,1,0.997497,0.5,1,1,1.0,1,63.9,70.6,134.5,1,1,1,1
3976,0,0.0,0.5,0,0,,0,60.9,0.0,60.9,1,1,1,1
3977,3,0.989894,0.5,1,1,3.0,3,60.8,74.3,135.1,1,1,1,1
3978,2,0.989894,0.5,1,1,2.0,2,66.2,71.2,137.4,1,1,1,1
3979,2,0.989894,0.5,1,1,3.0,3,62.6,70.0,132.6,1,1,1,1
3980,2,0.989894,0.5,1,1,2.0,2,60.9,69.0,129.9,1,1,1,1
3981,2,0.989894,0.5,1,1,3.0,3,71.7,72.3,144.0,1,1,1,1
3982,3,0.989894,0.5,1,1,3.0,3,62.4,68.8,131.2,1,1,1,1
3983,0,0.0,0.5,0,0,,0,60.3,0.0,60.3,1,1,1,1
3984,3,0.989894,0.5,1,1,2.0,2,61.2,78.8,140.0,1,1,1,1
3985,2,1.0,0.5,1,1,3.0,3,64.2,70.1,134.3,1,1,1,1
3986,1,1.0,0.5,1,1,1.0,1,60.7,69.1,129.8,1,1,1,1
3987,1,1.0,0.5,1,1,1.0,1,60.7,77.2,137.9,1,1,1,1
3988,1,0.997497,0.5,1,1,1.0,1,65.8,69.3,135.1,1,1,1,1
3989,1,0.989894,0.5,1,1,1.0,1,63.6,70.0,133.6,1,1,1,1
3990,0,0.0,0.5,0,0,,0,62.8,0.0,62.8,1,1,1,1
3991,2,0.989894,0.5,1,1,3.0,3,71.2,72.9,144.1,1,1,1,1
3992,0,0.0,0.5,0,0,,0,61.4,0.0,61.4,1,1,1,1
3993,0,0.0,0.5,0,0,,0,62.2,0.0,62.2,1,1,1,1
3994,2,0.989894,0.5,1,1,2.0,2,59.3,77.5,136.8,1,1,1,1
3995,0,0.0,0.5,0,0,,0,62.9,0.0,62.9,1,1,1,1
3996,2,0.989894,0.5,1,1,2.0,2,61.3,67.4,128.7,1,1,1,1
3997,3,0.989894,0.5,1,1,3.0,3,61.9,75.1,137.0,1,1,1,1
3998,0,0.0,0.5,0,0,,0,64.2,0.0,64.2,1,1,1,1
3999,1,1.0,0.5,1,1,1.0,1,60.8,70.2,131.0,1,1,1,1
4000,0,0.0,0.5,0,0,,0,59.1,0.0,59.1,1,1,1,1
4001,0,0.0,0.5,0,0,,0,72.9,0.0,72.9,1,1,1,1
4002,3,0.989894,0.5,1,1,3.0,3,62.1,67.8,129.9,1,1,1,1
4003,0,0.0,0.5,0,0,,0,60.9,0.0,60.9,1,1,1,1
4004,2,0.989894,0.5,1,1,2.0,2,67.2,73.7,140.9,1,1,1,1
4005,0,0.0,0.5,0,0,,0,62.5,0.0,62.5,1,1,1,1
4006,1,1.0,0.5,1,1,1.0,1,62.2,68.9,131.1,1,1,1,1
4007,3,0.989894,0.5,1,1,2.0,2,60.9,75.4,136.3,1,1,1,1
4008,0,0.989894,0.5,1,1,0.0,0,65.1,68.8,133.9,1,1,1,1
4009,0,0.0,0.5,0,0,,0,62.9,0.0,62.9,1,1,1,1
4010,1,1.0,0.5,1,1,1.0,1,60.2,67.9,128.1,1,1,1,1
4011,1,0.999232,0.5,1,1,1.0,1,71.8,71.3,143.1,1,1,1,1
4012,3,0.989894,0.5,1,1,3.0,3,62.2,67.3,129.5,1,1,1,1
4013,0,0.0,0.5,0,0,,0,61.7,0.0,61.7,1,1,1,1
4014,3,0.989894,0.5,1,1,3.0,3,79.9,82.5,162.4,1,1,1,1
4015,1,1.0,0.5,1,1,1.0,1,69.3,74.2,143.5,1,1,1,1
4016,1,1.0,0.5,1,1,1.0,1,75.7,81.2,156.9,1,1,1,1
4017,2,0.999232,0.5,1,1,2.0,2,83.7,247.3,331.0,1,1,1,1
4018,3,0.989894,0.5,1,1,2.0,2,145.9,118.8,264.7,1,1,1,1
4019,1,1.0,0.5,1,1,1.0,1,100.9,93.2,194.1,1,1,1,1
4020,2,1.0,0.5,1,1,2.0,2,73.5,79.6,153.1,1,1,1,1
4021,3,0.989894,0.5,1,1,3.0,3,68.1,76.0,144.1,1,1,1,1
4022,0,0.0,0.5,0,0,,0,65.3,0.0,65.3,1,1,1,1
4023,0,0.0,0.5,0,0,,0,63.9,0.0,63.9,1,1,1,1
4024,3,0.989894,0.5,1,1,3.0,3,64.0,85.8,149.8,1,1,1,1
4025,1,0.989894,0.5,1,1,1.0,1,72.0,75.6,147.6,1,1,1,1
4026,0,0.0,0.5,0,0,,0,66.5,0.0,66.5,1,1,1,1
4027,0,0.0,0.5,0,0,,0,63.1,0.0,63.1,1,1,1,1
4028,0,0.0,0.5,0,0,,0,77.1,0.0,77.1,1,1,1,1
4029,2,0.989894,0.5,1,1,2.0,2,62.1,70.8,132.9,1,1,1,1
4030,1,1.0,0.5,1,1,1.0,1,62.0,68.9,130.9,1,1,1,1
4031,0,0.177465,0.5,0,0,,0,73.4,0.0,73.4,1,1,1,1
4032,1,0.997497,0.5,1,1,1.0,1,61.8,69.9,131.7,1,1,1,1
4033,2,0.989894,0.5,1,1,3.0,3,62.1,69.3,131.4,1,1,1,1
4034,2,0.989894,0.5,1,1,2.0,2,60.0,80.7,140.7,1,1,1,1
4035,1,0.989894,0.5,1,1,2.0,2,65.2,70.9,136.1,1,1,1,1
4036,3,0.989894,0.5,1,1,2.0,2,60.3,69.4,129.7,1,1,1,1
4037,2,0.999232,0.5,1,1,2.0,2,61.4,77.9,139.3,1,1,1,1
4038,1,0.999232,0.5,1,1,1.0,1,66.3,70.2,136.5,1,1,1,1
4039,0,0.0,0.5,0,0,,0,62.4,0.0,62.4,1,1,1,1
4040,2,0.989894,0.5,1,1,3.0,3,60.0,69.3,129.3,1,1,1,1
4041,2,0.989894,0.5,1,1,3.0,3,73.2,73.2,146.4,1,1,1,1
4042,1,1.0,0.5,1,1,1.0,1,62.2,70.4,132.6,1,1,1,1
4043,0,0.0,0.5,0,0,,0,60.2,0.0,60.2,1,1,1,1
4044,2,0.989894,0.5,1,1,3.0,3,69.7,74.6,144.3,1,1,1,1
4045,2,0.989894,0.5,1,1,2.0,2,63.3,70.1,133.4,1,1,1,1
4046,1,1.0,0.5,1,1,1.0,1,61.9,69.1,131.0,1,1,1,1
4047,1,0.997497,0.5,1,1,1.0,1,60.5,79.7,140.2,1,1,1,1
4048,0,0.0,0.5,0,0,,0,64.4,0.0,64.4,1,1,1,1
4049,3,0.989894,0.5,1,1,3.0,3,63.1,68.8,131.9,1,1,1,1
4050,2,0.989894,0.5,1,1,2.0,2,59.1,69.7,128.8,1,1,1,1
4051,3,0.989894,0.5,1,1,3.0,3,70.7,71.2,141.9,1,1,1,1
4052,2,0.989894,0.5,1,1,3.0,3,61.2,68.3,129.5,1,1,1,1
4053,0,0.177465,0.5,0,0,,0,62.1,0.0,62.1,1,1,1,1
4054,0,0.0,0.5,0,0,,0,68.9,0.0,68.9,1,1,1,1
4055,0,0.0,0.5,0,0,,0,61.1,0.0,61.1,1,1,1,1
4056,1,0.989894,0.5,1,1,1.0,1,60.7,68.7,129.4,1,1,1,1
4057,3,0.989894,0.5,1,1,3.0,3,61.3,78.9,140.2,1,1,1,1
4058,0,0.0,0.5,0,0,,0,63.7,0.0,63.7,1,1,1,1
4059,1,1.0,0.5,1,1,1.0,1,61.4,70.4,131.8,1,1,1,1
4060,0,0.0,0.5,0,0,,0,60.8,0.0,60.8,1,1,1,1
4061,1,0.989894,0.5,1,1,1.0,1,67.3,70.4,137.7,1,1,1,1
4062,3,0.989894,0.5,1,1,2.0,2,61.5,68.4,129.9,1,1,1,1
4063,0,0.0,0.5,0,0,,0,61.1,0.0,61.1,1,1,1,1
4064,0,0.0,0.5,0,0,,0,71.9,0.0,71.9,1,1,1,1
4065,3,1.0,0.5,1,1,3.0,3,61.6,70.5,132.1,1,1,1,1
4066,1,0.989894,0.5,1,1,2.0,2,60.8,70.1,130.9,1,1,1,1
4067,3,0.989894,0.5,1,1,2.0,2,64.4,84.7,149.1,1,1,1,1
4068,0,0.0,0.5,0,0,,0,105.2,0.0,105.2,1,1,1,1
4069,1,1.0,0.5,1,1,1.0,1,68.8,73.6,142.4,1,1,1,1
4070,3,0.989894,0.5,1,1,2.0,2,64.9,87.7,152.6,1,1,1,1
4071,2,0.989894,0.5,1,1,2.0,2,76.9,80.1,157.0,1,1,1,1
4072,3,0.989894,0.5,1,1,2.0,2,68.2,75.4,143.6,1,1,1,1
4073,2,0.989894,0.5,1,1,2.0,2,70.7,86.9,157.6,1,1,1,1
4074,2,0.989894,0.5,1,1,3.0,3,77.2,82.0,159.2,1,1,1,1
4075,1,0.989894,0.5,1,1,1.0,1,71.4,80.5,151.9,1,1,1,1
4076,3,0.989894,0.5,1,1,2.0,2,70.9,81.4,152.3,1,1,1,1
4077,0,0.0,0.5,0,0,,0,87.0,0.0,87.0,1,1,1,1
4078,3,0.989894,0.5,1,1,3.0,3,73.4,82.6,156.0,1,1,1,1
4079,1,1.0,0.5,1,1,1.0,1,76.4,85.7,162.1,1,1,1,1
4080,2,0.989894,0.5,1,1,2.0,2,75.0,98.7,173.7,1,1,1,1
4081,1,0.997497,0.5,1,1,1.0,1,77.7,87.1,164.8,1,1,1,1
4082,2,0.989894,0.5,1,1,2.0,2,71.3,79.9,151.2,1,1,1,1
4083,2,0.989894,0.5,1,1,2.0,2,73.9,86.7,160.6,1,1,1,1
4084,1,0.997497,0.5,1,1,1.0,1,75.8,79.8,155.6,1,1,1,1
4085,2,1.0,0.5,1,1,2.0,2,70.3,78.6,148.9,1,1,1,1
4086,1,0.989894,0.5,1,1,1.0,1,65.6,77.5,143.1,1,1,1,1
4087,2,0.989894,0.5,1,1,2.0,2,79.5,81.9,161.4,1,1,1,1
4088,1,1.0,0.5,1,1,1.0,1,67.4,75.9,143.3,1,1,1,1
4089,0,0.0,0.5,0,0,,0,65.3,0.0,65.3,1,1,1,1
4090,3,0.989894,0.5,1,1,3.0,3,66.1,82.9,149.0,1,1,1,1
4091,2,0.989894,0.5,1,1,2.0,2,68.6,76.6,145.2,1,1,1,1
4092,3,0.989894,0.5,1,1,3.0,3,61.0,68.6,129.6,1,1,1,1
4093,2,0.989894,0.5,1,1,2.0,2,61.7,76.5,138.2,1,1,1,1
4094,1,1.0,0.5,1,1,1.0,1,64.9,70.2,135.1,1,1,1,1
4095,0,0.0,0.5,0,0,,0,61.9,0.0,61.9,1,1,1,1
4096,0,0.177465,0.5,0,0,,0,60.3,0.0,60.3,1,1,1,1
4097,2,0.989894,0.5,1,1,3.0,3,73.6,70.6,144.2,1,1,1,1
4098,2,0.989894,0.5,1,1,3.0,3,62.7,68.3,131.0,1,1,1,1
4099,2,0.989894,0.5,1,1,2.0,2,60.0,70.3,130.3,1,1,1,1
4100,1,0.989894,0.5,1,1,1.0,1,68.5,73.9,142.4,1,1,1,1
4101,3,1.0,0.5,1,1,2.0,2,62.6,69.0,131.6,1,1,1,1
4102,0,0.0,0.5,0,0,,0,60.8,0.0,60.8,1,1,1,1
4103,3,0.989894,0.5,1,1,2.0,2,92.6,82.2,174.8,1,1,1,1
4104,3,0.989894,0.5,1,1,2.0,2,65.9,70.7,136.6,1,1,1,1
4105,0,0.0,0.5,0,0,,0,62.6,0.0,62.6,1,1,1,1
4106,1,1.0,0.5,1,1,1.0,1,62.0,81.5,143.5,1,1,1,1
4107,3,0.989894,0.5,1,1,2.0,2,64.8,71.0,135.8,1,1,1,1
4108,3,0.989894,0.5,1,1,2.0,2,62.3,69.4,131.7,1,1,1,1
4109,2,0.989894,0.5,1,1,3.0,3,63.2,77.2,140.4,1,1,1,1
4110,0,0.0,0.5,0,0,,0,67.0,0.0,67.0,1,1,1,1
4111,0,0.0,0.5,0,0,,0,61.5,0.0,61.5,1,1,1,1
4112,0,0.0,0.5,0,0,,0,59.9,0.0,59.9,1,1,1,1
4113,2,0.989894,0.5,1,1,3.0,3,74.4,72.7,147.1,1,1,1,1
4114,2,0.989894,0.5,1,1,3.0,3,62.4,69.6,132.0,1,1,1,1
4115,3,0.989894,0.5,1,1,2.0,2,62.0,70.8,132.8,1,1,1,1
4116,2,0.999232,0.5,1,1,3.0,3,69.2,73.7,142.9,1,1,1,1
4117,2,0.989894,0.5,1,1,3.0,3,62.6,69.2,131.8,1,1,1,1
4118,1,1.0,0.5,1,1,1.0,1,61.8,71.5,133.3,1,1,1,1
4119,0,0.177465,0.5,0,0,,0,61.2,0.0,61.2,1,1,1,1
4120,3,0.989894,0.5,1,1,3.0,3,64.4,69.2,133.6,1,1,1,1
4121,0,0.0,0.5,0,0,,0,64.2,0.0,64.2,1,1,1,1
4122,0,0.0,0.5,0,0,,0,59.6,0.0,59.6,1,1,1,1
4123,1,0.999232,0.5,1,1,1.0,1,66.5,71.0,137.5,1,1,1,1
4124,0,0.0,0.5,0,0,,0,61.0,0.0,61.0,1,1,1,1
4125,2,0.997497,0.5,1,1,2.0,2,133.8,100.0,233.8,1,1,1,1
4126,2,1.0,0.5,1,1,3.0,3,89.3,85.4,174.7,1,1,1,1
4127,1,0.997497,0.5,1,1,1.0,1,78.2,87.0,165.2,1,1,1,1
4128,0,0.0,0.5,0,0,,0,72.9,0.0,72.9,1,1,1,1
4129,2,0.989894,0.5,1,1,2.0,2,86.0,74.9,160.9,1,1,1,1
4130,3,0.989894,0.5,1,1,3.0,3,63.7,68.6,132.3,1,1,1,1
4131,0,0.0,0.5,0,0,,0,61.5,0.0,61.5,1,1,1,1
4132,2,1.0,0.5,1,1,2.0,2,73.3,72.7,146.0,1,1,1,1
4133,1,0.989894,0.5,1,1,1.0,1,63.8,72.1,135.9,1,1,1,1
4134,0,0.0,0.5,0,0,,0,66.4,0.0,66.4,1,1,1,1
4135,1,1.0,0.5,1,1,1.0,1,64.3,84.1,148.4,1,1,1,1
4136,2,0.989894,0.5,1,1,3.0,3,65.2,71.1,136.3,1,1,1,1
4137,2,0.989894,0.5,1,1,3.0,3,63.8,70.8,134.6,1,1,1,1
4138,0,0.0,0.5,0,0,,0,61.6,0.0,61.6,1,1,1,1
4139,3,1.0,0.5,1,1,3.0,3,65.9,71.4,137.3,1,1,1,1
4140,1,0.989894,0.5,1,1,1.0,1,61.0,69.5,130.5,1,1,1,1
4141,1,1.0,0.5,1,1,1.0,1,62.3,68.7,131.0,1,1,1,1
4142,2,0.989894,0.5,1,1,2.0,2,67.4,70.3,137.7,1,1,1,1
4143,0,0.0,0.5,0,0,,0,61.3,0.0,61.3,1,1,1,1
4144,0,0.0,0.5,0,0,,0,62.6,0.0,62.6,1,1,1,1
4145,1,0.989894,0.5,1,1,1.0,1,72.6,76.6,149.2,1,1,1,1
4146,3,0.989894,0.5,1,1,2.0,2,63.2,70.8,134.0,1,1,1,1
4147,0,0.0,0.5,0,0,,0,60.8,0.0,60.8,1,1,1,1
4148,0,0.0,0.5,0,0,,0,60.2,0.0,60.2,1,1,1,1
4149,3,0.989894,0.5,1,1,2.0,2,65.2,69.4,134.6,1,1,1,1
4150,2,0.989894,0.5,1,1,2.0,2,62.3,69.3,131.6,1,1,1,1
4151,1,0.999232,0.5,1,1,1.0,1,61.4,78.5,139.9,1,1,1,1
4152,1,0.989894,0.5,1,1,1.0,1,65.3,71.1,136.4,1,1,1,1
4153,1,1.0,0.5,1,1,1.0,1,62.1,69.6,131.7,1,1,1,1
4154,0,0.0,0.5,0,0,,0,61.7,0.0,61.7,1,1,1,1
4155,2,0.999232,0.5,1,1,2.0,2,73.4,73.4,146.8,1,1,1,1
4156,3,0.989894,0.5,1,1,3.0,3,62.5,68.9,131.4,1,1,1,1
4157,2,0.989894,0.5,1,1,2.0,2,61.7,68.2,129.9,1,1,1,1
4158,2,1.0,0.5,1,1,3.0,3,71.0,71.1,142.1,1,1,1,1
4159,0,0.0,0.5,0,0,,0,62.3,0.0,62.3,1,1,1,1
4160,3,0.989894,0.5,1,1,3.0,3,61.5,69.5,131.0,1,1,1,1
4161,3,0.989894,0.5,1,1,3.0,3,61.1,80.5,141.6,1,1,1,1
4162,3,0.989894,0.5,1,1,3.0,3,63.9,69.4,133.3,1,1,1,1
4163,2,0.997497,0.5,1,1,2.0,2,60.9,69.1,130.0,1,1,1,1
4164,3,0.989894,0.5,1,1,2.0,2,61.4,79.9,141.3,1,1,1,1
4165,0,0.0,0.5,0,0,,0,69.9,0.0,69.9,1,1,1,1
4166,1,1.0,0.5,1,1,1.0,1,62.8,68.9,131.7,1,1,1,1
4167,2,1.0,0.5,1,1,2.0,2,61.6,71.2,132.8,1,1,1,1
4168,0,0.0,0.5,0,0,,0,74.0,0.0,74.0,1,1,1,1
4169,1,0.999232,0.5,1,1,1.0,1,62.9,68.5,131.4,1,1,1,1
4170,3,1.0,0.5,1,1,2.0,2,61.5,69.3,130.8,1,1,1,1
4171,0,0.0,0.5,0,0,,0,60.7,0.0,60.7,1,1,1,1
4172,2,0.989894,0.5,1,1,3.0,3,63.8,70.4,134.2,1,1,1,1
4173,1,1.0,0.5,1,1,1.0,1,61.9,68.8,130.7,1,1,1,1
4174,2,0.989894,0.5,1,1,2.0,2,61.9,77.5,139.4,1,1,1,1
4175,2,1.0,0.5,1,1,2.0,2,65.9,70.1,136.0,1,1,1,1
4176,2,0.989894,0.5,1,1,3.0,3,61.2,69.1,130.3,1,1,1,1
4177,3,0.989894,0.5,1,1,2.0,2,62.7,67.8,130.5,1,1,1,1
4178,1,1.0,0.5,1,1,1.0,1,71.3,71.7,143.0,1,1,1,1
4179,3,0.989894,0.5,1,1,3.0,3,61.6,70.3,131.9,1,1,1,1
4180,1,1.0,0.5,1,1,1.0,1,61.0,67.7,128.7,1,1,1,1
4181,0,0.0,0.5,0,0,,0,69.3,0.0,69.3,1,1,1,1
4182,2,1.0,0.5,1,1,2.0,2,62.9,70.5,133.4,1,1,1,1
4183,1,0.989894,0.5,1,1,1.0,1,61.1,69.6,130.7,1,1,1,1
4184,0,0.0,0.5,0,0,,0,60.7,0.0,60.7,1,1,1,1
4185,3,0.989894,0.5,1,1,3.0,3,65.3,71.2,136.5,1,1,1,1
4186,2,1.0,0.5,1,1,2.0,2,61.6,67.8,129.4,1,1,1,1
4187,2,0.999232,0.5,1,1,3.0,3,60.7,70.5,131.2,1,1,1,1
4188,3,0.989894,0.5,1,1,2.0,2,65.9,71.9,137.8,1,1,1,1
4189,0,0.0,0.5,0,0,,0,64.1,0.0,64.1,1,1,1,1
4190,3,0.989894,0.5,1,1,2.0,2,61.8,67.5,129.3,1,1,1,1
4191,1,0.989894,0.5,1,1,1.0,1,70.7,73.0,143.7,1,1,1,1
4192,3,0.989894,0.5,1,1,3.0,3,62.4,67.2,129.6,1,1,1,1
4193,1,1.0,0.5,1,1,1.0,1,61.1,68.9,130.0,1,1,1,1
4194,0,0.0,0.5,0,0,,0,60.8,0.0,60.8,1,1,1,1
4195,0,0.0,0.5,0,0,,0,64.6,0.0,64.6,1,1,1,1
4196,3,0.989894,0.5,1,1,2.0,2,60.0,68.5,128.5,1,1,1,1
4197,3,0.989894,0.5,1,1,2.0,2,60.3,78.2,138.5,1,1,1,1
4198,2,0.989894,0.5,1,1,2.0,2,66.1,71.1,137.2,1,1,1,1
4199,3,0.989894,0.5,1,1,2.0,2,61.8,70.0,131.8,1,1,1,1
4200,3,0.989894,0.5,1,1,3.0,3,60.1,68.2,128.3,1,1,1,1
4201,3,0.989894,0.5,1,1,2.0,2,71.9,71.6,143.5,1,1,1,1
4202,2,0.989894,0.5,1,1,2.0,2,62.9,70.2,133.1,1,1,1,1
4203,3,0.989894,0.5,1,1,2.0,2,59.9,70.4,130.3,1,1,1,1
4204,1,1.0,0.5,1,1,1.0,1,60.2,79.2,139.4,1,1,1,1
4205,1,0.999232,0.5,1,1,1.0,1,63.6,69.2,132.8,1,1,1,1
4206,1,0.989894,0.5,1,1,1.0,1,61.2,69.2,130.4,1,1,1,1
4207,1,0.997497,0.5,1,1,1.0,1,61.2,77.9,139.1,1,1,1,1
4208,3,0.989894,0.5,1,1,2.0,2,64.8,70.2,135.0,1,1,1,1
4209,3,0.989894,0.5,1,1,1.0,1,62.8,69.7,132.5,1,1,1,1
4210,1,0.513514,0.5,1,1,1.0,1,61.1,67.8,128.9,1,1,1,1
4211,1,1.0,0.5,1,1,1.0,1,72.1,74.3,146.4,1,1,1,1
4212,3,1.0,0.5,1,1,3.0,3,75.0,79.3,154.3,1,1,1,1
4213,3,0.989894,0.5,1,1,3.0,3,64.3,70.6,134.9,1,1,1,1
4214,1,0.999232,0.5,1,1,1.0,1,73.7,71.8,145.5,1,1,1,1
4215,2,0.997497,0.5,1,1,2.0,2,61.5,70.5,132.0,1,1,1,1
4216,3,1.0,0.5,1,1,3.0,3,61.6,68.5,130.1,1,1,1,1
4217,0,0.0,0.5,0,0,,0,62.1,0.0,62.1,1,1,1,1
4218,3,0.989894,0.5,1,1,2.0,2,63.7,70.0,133.7,1,1,1,1
4219,3,1.0,0.5,1,1,2.0,2,61.7,69.7,131.4,1,1,1,1
4220,2,0.989894,0.5,1,1,2.0,2,59.8,76.8,136.6,1,1,1,1
4221,1,1.0,0.5,1,1,1.0,1,66.5,69.7,136.2,1,1,1,1
4222,1,1.0,0.5,1,1,1.0,1,61.8,69.0,130.8,1,1,1,1
4223,0,0.0,0.5,0,0,,0,62.1,0.0,62.1,1,1,1,1
4224,2,0.989894,0.5,1,1,3.0,3,72.4,72.2,144.6,1,1,1,1
4225,0,0.0,0.5,0,0,,0,62.9,0.0,62.9,1,1,1,1
4226,2,0.989894,0.5,1,1,2.0,2,61.1,69.6,130.7,1,1,1,1
4227,0,0.0,0.5,0,0,,0,69.5,0.0,69.5,1,1,1,1
4228,0,0.0,0.5,0,0,,0,62.5,0.0,62.5,1,1,1,1
4229,2,0.989894,0.5,1,1,2.0,2,62.2,68.6,130.8,1,1,1,1
4230,0,0.0,0.5,0,0,,0,60.0,0.0,60.0,1,1,1,1
4231,0,0.0,0.5,0,0,,0,64.8,0.0,64.8,1,1,1,1
4232,1,1.0,0.5,1,1,1.0,1,66.0,71.3,137.3,1,1,1,1
4233,0,0.0,0.5,0,0,,0,63.0,0.0,63.0,1,1,1,1
4234,3,0.989894,0.5,1,1,3.0,3,67.3,75.7,143.0,1,1,1,1
4235,0,0.0,0.5,0,0,,0,62.8,0.0,62.8,1,1,1,1
4236,3,0.989894,0.5,1,1,2.0,2,60.2,69.7,129.9,1,1,1,1
4237,0,0.0,0.5,0,0,,0,73.5,0.0,73.5,1,1,1,1
4238,2,0.989894,0.5,1,1,3.0,3,65.1,69.9,135.0,1,1,1,1
4239,3,0.989894,0.5,1,1,3.0,3,61.9,70.3,132.2,1,1,1,1
4240,2,0.989894,0.5,1,1,2.0,2,69.9,72.3,142.2,1,1,1,1
4241,0,0.989894,0.5,1,1,0.0,0,63.3,70.1,133.4,1,1,1,1
4242,1,1.0,0.5,1,1,1.0,1,68.7,282.2,350.9,1,1,1,1
4243,1,0.989894,0.5,1,1,1.0,1,317.9,134.1,452.0,1,1,1,1
4244,3,1.0,0.5,1,1,3.0,3,174.2,99.5,273.7,1,1,1,1
4245,0,0.0,0.5,0,0,,0,82.3,0.0,82.3,1,1,1,1
4246,1,0.989894,0.5,1,1,1.0,1,75.7,85.7,161.4,1,1,1,1
4247,0,0.0,0.5,0,0,,0,98.6,0.0,98.6,1,1,1,1
4248,0,0.0,0.5,0,0,,0,79.7,0.0,79.7,1,1,1,1
4249,2,1.0,0.5,1,1,3.0,3,71.7,78.2,149.9,1,1,1,1
4250,0,0.0,0.5,0,0,,0,68.8,0.0,68.8,1,1,1,1
4251,0,0.0,0.5,0,0,,0,68.5,0.0,68.5,1,1,1,1
4252,0,0.0,0.5,0,0,,0,68.9,0.0,68.9,1,1,1,1
4253,2,1.0,0.5,1,1,3.0,3,68.7,86.1,154.8,1,1,1,1
4254,2,0.989894,0.5,1,1,3.0,3,72.6,79.0,151.6,1,1,1,1
4255,0,0.0,0.5,0,0,,0,68.9,0.0,68.9,1,1,1,1
4256,3,0.989894,0.5,1,1,2.0,2,66.9,75.5,142.4,1,1,1,1
4257,1,1.0,0.5,1,1,1.0,1,68.7,76.9,145.6,1,1,1,1
4258,0,0.0,0.5,0,0,,0,68.4,0.0,68.4,1,1,1,1
4259,0,0.0,0.5,0,0,,0,70.2,0.0,70.2,1,1,1,1
4260,0,0.989894,0.5,1,1,0.0,0,76.7,75.9,152.6,1,1,1,1
4261,1,0.999232,0.5,1,1,1.0,1,67.4,75.0,142.4,1,1,1,1
4262,2,0.989894,0.5,1,1,2.0,2,64.9,73.4,138.3,1,1,1,1
4263,0,0.0,0.5,0,0,,0,64.3,0.0,64.3,1,1,1,1
4264,0,0.0,0.5,0,0,,0,63.6,0.0,63.6,1,1,1,1
4265,0,0.0,0.5,0,0,,0,64.9,0.0,64.9,1,1,1,1
4266,0,0.0,0.5,0,0,,0,63.8,0.0,63.8,1,1,1,1
4267,1,0.989894,0.5,1,1,1.0,1,75.3,78.2,153.5,1,1,1,1
4268,0,0.0,0.5,0,0,,0,66.0,0.0,66.0,1,1,1,1
4269,1,1.0,0.5,1,1,1.0,1,64.7,73.5,138.2,1,1,1,1
4270,2,1.0,0.5,1,1,2.0,2,64.5,72.3,136.8,1,1,1,1
4271,3,0.989894,0.5,1,1,3.0,3,63.7,75.1,138.8,1,1,1,1
4272,3,0.989894,0.5,1,1,2.0,2,75.3,81.8,157.1,1,1,1,1
4273,1,1.0,0.5,1,1,1.0,1,69.9,107.6,177.5,1,1,1,1
4274,2,0.999232,0.5,1,1,2.0,2,71.0,73.9,144.9,1,1,1,1
4275,3,0.989894,0.5,1,1,3.0,3,64.8,86.4,151.2,1,1,1,1
4276,1,1.0,0.5,1,1,1.0,1,66.7,72.8,139.5,1,1,1,1
4277,2,0.989894,0.5,1,1,2.0,2,64.2,71.3,135.5,1,1,1,1
4278,3,0.989894,0.5,1,1,3.0,3,65.4,81.9,147.3,1,1,1,1
4279,2,0.989894,0.5,1,1,3.0,3,66.4,74.1,140.5,1,1,1,1
4280,3,0.989894,0.5,1,1,2.0,2,62.9,80.3,143.2,1,1,1,1
4281,3,0.989894,0.5,1,1,2.0,2,66.1,81.0,147.1,1,1,1,1
4282,1,0.989894,0.5,1,1,1.0,1,67.8,73.4,141.2,1,1,1,1
4283,2,0.989894,0.5,1,1,3.0,3,63.3,71.7,135.0,1,1,1,1
4284,3,0.989894,0.5,1,1,2.0,2,62.3,71.0,133.3,1,1,1,1
4285,3,0.989894,0.5,1,1,2.0,2,76.0,74.3,150.3,1,1,1,1
4286,0,0.0,0.5,0,0,,0,65.7,0.0,65.7,1,1,1,1
4287,1,0.999232,0.5,1,1,1.0,1,68.3,79.6,147.9,1,1,1,1
4288,3,0.999232,0.5,1,1,3.0,3,72.7,75.6,148.3,1,1,1,1
4289,3,0.989894,0.5,1,1,2.0,2,65.1,72.0,137.1,1,1,1,1
4290,0,0.0,0.5,0,0,,0,63.4,0.0,63.4,1,1,1,1
4291,2,0.999232,0.5,1,1,3.0,3,62.0,83.4,145.4,1,1,1,1
4292,2,0.989894,0.5,1,1,2.0,2,68.0,72.3,140.3,1,1,1,1
4293,0,0.0,0.5,0,0,,0,64.9,0.0,64.9,1,1,1,1
4294,3,0.999232,0.5,1,1,2.0,2,72.4,81.4,153.8,1,1,1,1
4295,0,0.0,0.5,0,0,,0,68.5,0.0,68.5,1,1,1,1
4296,3,0.989894,0.5,1,1,3.0,3,63.9,74.3,138.2,1,1,1,1
4297,0,0.0,0.5,0,0,,0,61.7,0.0,61.7,1,1,1,1
4298,1,0.999232,0.5,1,1,1.0,1,73.6,72.5,146.1,1,1,1,1
4299,0,0.0,0.5,0,0,,0,63.1,0.0,63.1,1,1,1,1
4300,1,0.999232,0.5,1,1,1.0,1,61.6,69.2,130.8,1,1,1,1
4301,2,0.989894,0.5,1,1,2.0,2,79.7,218.4,298.1,1,1,1,1
4302,2,0.989894,0.5,1,1,3.0,3,134.8,97.0,231.8,1,1,1,1
4303,3,0.989894,0.5,1,1,3.0,3,74.4,78.0,152.4,1,1,1,1
4304,3,0.989894,0.5,1,1,2.0,2,84.0,100.5,184.5,1,1,1,1
4305,3,0.989894,0.5,1,1,2.0,2,82.1,89.5,171.6,1,1,1,1
4306,2,0.989894,0.5,1,1,3.0,3,77.2,87.2,164.4,1,1,1,1
4307,2,0.989894,0.5,1,1,2.0,2,78.1,156.8,234.9,1,1,1,1
4308,3,0.989894,0.5,1,1,3.0,3,104.0,98.5,202.5,1,1,1,1
4309,2,0.989894,0.5,1,1,2.0,2,86.0,107.1,193.1,1,1,1,1
4310,0,0.0,0.5,0,0,,0,103.0,0.0,103.0,1,1,1,1
4311,0,0.0,0.5,0,0,,0,82.5,0.0,82.5,1,1,1,1
4312,2,0.989894,0.5,1,1,2.0,2,83.0,102.7,185.7,1,1,1,1
4313,3,0.989894,0.5,1,1,3.0,3,96.1,99.5,195.6,1,1,1,1
4314,1,0.997497,0.5,1,1,1.0,1,87.3,98.7,186.0,1,1,1,1
4315,3,0.989894,0.5,1,1,3.0,3,99.4,101.7,201.1,1,1,1,1
4316,2,0.989894,0.5,1,1,2.0,2,101.9,100.9,202.8,1,1,1,1
4317,0,0.177465,0.5,0,0,,0,91.6,0.0,91.6,1,1,1,1
4318,3,0.989894,0.5,1,1,2.0,2,80.6,93.0,173.6,1,1,1,1
4319,3,0.989894,0.5,1,1,2.0,2,92.7,93.3,186.0,1,1,1,1
4320,2,0.989894,0.5,1,1,3.0,3,79.4,96.6,176.0,1,1,1,1
4321,2,1.0,0.5,1,1,3.0,3,81.8,87.3,169.1,1,1,1,1
4322,2,0.989894,0.5,1,1,3.0,3,75.7,99.6,175.3,1,1,1,1
4323,3,0.989894,0.5,1,1,2.0,2,80.9,85.6,166.5,1,1,1,1
4324,2,0.999232,0.5,1,1,2.0,2,71.8,83.4,155.2,1,1,1,1
4325,0,0.0,0.5,0,0,,0,71.3,0.0,71.3,1,1,1,1
4326,0,0.0,0.5,0,0,,0,83.5,0.0,83.5,1,1,1,1
4327,3,1.0,0.5,1,1,2.0,2,71.5,78.9,150.4,1,1,1,1
4328,1,0.989894,0.5,1,1,1.0,1,72.9,82.4,155.3,1,1,1,1
4329,3,0.989894,0.5,1,1,2.0,2,73.1,78.8,151.9,1,1,1,1
4330,0,0.0,0.5,0,0,,0,64.1,0.0,64.1,1,1,1,1
4331,1,0.989894,0.5,1,1,1.0,1,66.1,70.2,136.3,1,1,1,1
4332,2,0.989894,0.5,1,1,2.0,2,73.0,82.1,155.1,1,1,1,1
4333,2,0.989894,0.5,1,1,3.0,3,67.8,70.1,137.9,1,1,1,1
4334,1,0.989894,0.5,1,1,2.0,2,61.4,67.9,129.3,1,1,1,1
4335,1,1.0,0.5,1,1,1.0,1,61.7,75.3,137.0,1,1,1,1
4336,3,0.999232,0.5,1,1,3.0,3,64.6,69.3,133.9,1,1,1,1
4337,0,0.0,0.5,0,0,,0,61.4,0.0,61.4,1,1,1,1
4338,2,0.989894,0.5,1,1,2.0,2,61.2,79.2,140.4,1,1,1,1
4339,2,0.989894,0.5,1,1,2.0,2,64.2,71.2,135.4,1,1,1,1
4340,2,0.989894,0.5,1,1,3.0,3,66.7,70.9,137.6,1,1,1,1
4341,2,0.989894,0.5,1,1,3.0,3,62.8,183.1,245.9,1,1,1,1
4342,2,0.997497,0.5,1,1,2.0,2,123.2,118.2,241.4,1,1,1,1
4343,3,1.0,0.5,1,1,3.0,3,180.9,151.6,332.5,1,1,1,1
4344,1,1.0,0.5,1,1,1.0,1,118.1,86.4,204.5,1,1,1,1
4345,2,0.989894,0.5,1,1,3.0,3,70.9,73.9,144.8,1,1,1,1
4346,0,0.989894,0.5,1,1,0.0,0,63.8,70.6,134.4,1,1,1,1
4347,1,1.0,0.5,1,1,1.0,1,62.1,72.9,135.0,1,1,1,1
4348,2,1.0,0.5,1,1,3.0,3,65.8,71.9,137.7,1,1,1,1
4349,1,0.999232,0.5,1,1,1.0,1,63.2,71.4,134.6,1,1,1,1
4350,1,1.0,0.5,1,1,1.0,1,62.8,69.3,132.1,1,1,1,1
4351,0,0.0,0.5,0,0,,0,60.6,0.0,60.6,1,1,1,1
4352,2,0.989894,0.5,1,1,2.0,2,59.9,70.9,130.8,1,1,1,1
4353,3,1.0,0.5,1,1,2.0,2,63.0,72.6,135.6,1,1,1,1
4354,0,0.0,0.5,0,0,,0,62.2,0.0,62.2,1,1,1,1
4355,1,0.999232,0.5,1,1,1.0,1,66.8,76.3,143.1,1,1,1,1
4356,1,1.0,0.5,1,1,1.0,1,66.1,76.5,142.6,1,1,1,1
4357,2,1.0,0.5,1,1,3.0,3,67.5,76.7,144.2,1,1,1,1
4358,0,0.0,0.5,0,0,,0,66.6,0.0,66.6,1,1,1,1
4359,1,0.999232,0.5,1,1,1.0,1,66.3,75.3,141.6,1,1,1,1
4360,2,1.0,0.5,1,1,3.0,3,68.4,76.6,145.0,1,1,1,1
4361,1,0.989894,0.5,1,1,1.0,1,67.6,79.4,147.0,1,1,1,1
4362,3,0.989894,0.5,1,1,2.0,2,70.8,77.8,148.6,1,1,1,1
4363,0,0.989894,0.5,1,1,0.0,0,70.4,81.9,152.3,1,1,1,1
4364,0,0.0,0.5,0,0,,0,94.9,0.0,94.9,1,1,1,1
4365,2,0.989894,0.5,1,1,2.0,2,75.1,83.8,158.9,1,1,1,1
4366,0,0.0,0.5,0,0,,0,74.6,0.0,74.6,1,1,1,1
4367,1,1.0,0.5,1,1,1.0,1,93.0,92.4,185.4,1,1,1,1
4368,3,0.989894,0.5,1,1,2.0,2,77.9,86.3,164.2,1,1,1,1
4369,1,1.0,0.5,1,1,1.0,1,78.2,92.4,170.6,1,1,1,1
4370,2,0.989894,0.5,1,1,3.0,3,78.5,105.7,184.2,1,1,1,1
4371,2,0.989894,0.5,1,1,3.0,3,83.5,95.9,179.4,1,1,1,1
4372,3,0.989894,0.5,1,1,2.0,2,81.6,91.0,172.6,1,1,1,1
4373,1,0.989894,0.5,1,1,1.0,1,87.5,105.4,192.9,1,1,1,1
4374,1,0.997497,0.5,1,1,1.0,1,90.9,100.5,191.4,1,1,1,1
4375,2,0.999232,0.5,1,1,3.0,3,87.3,98.8,186.1,1,1,1,1
4376,2,0.989894,0.5,1,1,3.0,3,85.8,98.2,184.0,1,1,1,1
4377,0,0.0,0.5,0,0,,0,107.8,0.0,107.8,1,1,1,1
4378,0,0.0,0.5,0,0,,0,91.6,0.0,91.6,1,1,1,1
4379,1,0.999232,0.5,1,1,1.0,1,87.7,96.8,184.5,1,1,1,1
4380,0,0.0,0.5,0,0,,0,92.3,0.0,92.3,1,1,1,1
4381,2,1.0,0.5,1,1,3.0,3,88.3,98.1,186.4,1,1,1,1
4382,2,0.989894,0.5,1,1,2.0,2,85.9,94.8,180.7,1,1,1,1
4383,1,1.0,0.5,1,1,1.0,1,79.6,109.0,188.6,1,1,1,1
4384,3,0.989894,0.5,1,1,2.0,2,85.0,91.5,176.5,1,1,1,1
4385,2,1.0,0.5,1,1,3.0,3,80.6,87.1,167.7,1,1,1,1
4386,1,0.997497,0.5,1,1,1.0,1,76.5,94.3,170.8,1,1,1,1
4387,2,0.989894,0.5,1,1,2.0,2,85.2,87.5,172.7,1,1,1,1
4388,3,0.989894,0.5,1,1,3.0,3,74.5,85.6,160.1,1,1,1,1
4389,2,0.989894,0.5,1,1,2.0,2,72.0,79.3,151.3,1,1,1,1
4390,1,0.999232,0.5,1,1,1.0,1,85.5,82.0,167.5,1,1,1,1
4391,3,1.0,0.5,1,1,3.0,3,74.6,79.0,153.6,1,1,1,1
4392,0,0.0,0.5,0,0,,0,67.9,0.0,67.9,1,1,1,1
4393,0,0.0,0.5,0,0,,0,68.4,0.0,68.4,1,1,1,1
4394,0,0.0,0.5,0,0,,0,72.1,0.0,72.1,1,1,1,1
4395,3,0.989894,0.5,1,1,3.0,3,66.2,78.2,144.4,1,1,1,1
4396,0,0.0,0.5,0,0,,0,62.6,0.0,62.6,1,1,1,1
4397,1,0.997497,0.5,1,1,1.0,1,72.1,108.6,180.7,1,1,1,1
4398,1,1.0,0.5,1,1,1.0,1,113.3,81.0,194.3,1,1,1,1
4399,0,0.0,0.5,0,0,,0,78.5,0.0,78.5,1,1,1,1
4400,0,0.0,0.5,0,0,,0,101.9,0.0,101.9,1,1,1,1
4401,0,0.0,0.5,0,0,,0,99.5,0.0,99.5,1,1,1,1
4402,2,0.989894,0.5,1,1,2.0,2,72.3,69.8,142.1,1,1,1,1
4403,1,1.0,0.5,1,1,1.0,1,63.5,71.3,134.8,1,1,1,1
4404,0,0.0,0.5,0,0,,0,62.4,0.0,62.4,1,1,1,1
4405,2,0.989894,0.5,1,1,3.0,3,68.5,69.7,138.2,1,1,1,1
4406,2,0.989894,0.5,1,1,3.0,3,61.7,71.0,132.7,1,1,1,1
4407,0,0.0,0.5,0,0,,0,62.3,0.0,62.3,1,1,1,1
4408,2,1.0,0.5,1,1,2.0,2,66.0,74.5,140.5,1,1,1,1
4409,0,0.0,0.5,0,0,,0,64.9,0.0,64.9,1,1,1,1
4410,2,0.989894,0.5,1,1,2.0,2,61.4,80.5,141.9,1,1,1,1
4411,3,0.989894,0.5,1,1,2.0,2,67.4,72.9,140.3,1,1,1,1
4412,0,0.0,0.5,0,0,,0,63.0,0.0,63.0,1,1,1,1
4413,1,1.0,0.5,1,1,1.0,1,63.2,70.5,133.7,1,1,1,1
4414,2,0.989894,0.5,1,1,2.0,2,72.5,71.4,143.9,1,1,1,1
4415,0,0.0,0.5,0,0,,0,63.4,0.0,63.4,1,1,1,1
4416,1,1.0,0.5,1,1,1.0,1,61.7,68.8,130.5,1,1,1,1
4417,3,0.989894,0.5,1,1,2.0,2,70.4,73.3,143.7,1,1,1,1
4418,0,0.0,0.5,0,0,,0,63.1,0.0,63.1,1,1,1,1
4419,1,0.989894,0.5,1,1,1.0,1,60.8,70.0,130.8,1,1,1,1
4420,0,0.0,0.5,0,0,,0,61.4,0.0,61.4,1,1,1,1
4421,3,1.0,0.5,1,1,3.0,3,64.3,71.1,135.4,1,1,1,1
4422,0,0.0,0.5,0,0,,0,61.2,0.0,61.2,1,1,1,1
4423,3,1.0,0.5,1,1,3.0,3,60.4,76.9,137.3,1,1,1,1
4424,0,0.0,0.5,0,0,,0,66.0,0.0,66.0,1,1,1,1
4425,3,0.989894,0.5,1,1,2.0,2,60.7,71.0,131.7,1,1,1,1
4426,2,1.0,0.5,1,1,3.0,3,61.1,70.9,132.0,1,1,1,1
4427,3,0.989894,0.5,1,1,3.0,3,73.2,73.6,146.8,1,1,1,1
4428,3,0.989894,0.5,1,1,2.0,2,63.4,69.7,133.1,1,1,1,1
4429,2,0.989894,0.5,1,1,3.0,3,62.4,68.3,130.7,1,1,1,1
4430,2,0.989894,0.5,1,1,3.0,3,61.7,83.6,145.3,1,1,1,1
4431,3,0.989894,0.5,1,1,3.0,3,64.1,69.0,133.1,1,1,1,1
4432,0,0.0,0.5,0,0,,0,61.6,0.0,61.6,1,1,1,1
4433,0,0.0,0.5,0,0,,0,62.3,0.0,62.3,1,1,1,1
4434,0,0.0,0.5,0,0,,0,65.0,0.0,65.0,1,1,1,1
4435,1,1.0,0.5,1,1,1.0,1,60.9,69.6,130.5,1,1,1,1
4436,3,1.0,0.5,1,1,3.0,3,59.7,69.5,129.2,1,1,1,1
4437,2,0.989894,0.5,1,1,3.0,3,74.1,71.4,145.5,1,1,1,1
4438,1,1.0,0.5,1,1,1.0,1,62.2,67.8,130.0,1,1,1,1
4439,0,0.0,0.5,0,0,,0,60.8,0.0,60.8,1,1,1,1
4440,3,0.989894,0.5,1,1,3.0,3,69.6,73.7,143.3,1,1,1,1
4441,1,0.997497,0.5,1,1,1.0,1,63.2,68.8,132.0,1,1,1,1
4442,1,1.0,0.5,1,1,1.0,1,61.5,69.8,131.3,1,1,1,1
4443,0,0.0,0.5,0,0,,0,60.3,0.0,60.3,1,1,1,1
4444,1,1.0,0.5,1,1,1.0,1,62.8,68.6,131.4,1,1,1,1
4445,3,1.0,0.5,1,1,3.0,3,107.7,156.1,263.8,1,1,1,1
4446,3,0.989894,0.5,1,1,2.0,2,130.9,161.0,291.9,1,1,1,1
4447,2,0.989894,0.5,1,1,2.0,2,104.2,99.9,204.1,1,1,1,1
4448,3,0.989894,0.5,1,1,2.0,2,167.0,206.4,373.4,1,1,1,1
4449,2,0.989894,0.5,1,1,3.0,3,147.8,148.7,296.5,1,1,1,1
4450,0,0.0,0.5,0,0,,0,146.6,0.0,146.6,1,1,1,1
4451,2,0.989894,0.5,1,1,3.0,3,140.9,161.8,302.7,1,1,1,1
4452,3,0.989894,0.5,1,1,2.0,2,121.5,131.5,253.0,1,1,1,1
4453,1,0.997497,0.5,1,1,1.0,1,197.8,148.8,346.6,1,1,1,1
4454,0,0.0,0.5,0,0,,0,117.5,0.0,117.5,1,1,1,1
4455,0,0.0,0.5,0,0,,0,123.4,0.0,123.4,1,1,1,1
4456,3,0.989894,0.5,1,1,2.0,2,76.5,78.5,155.0,1,1,1,1
4457,2,0.989894,0.5,1,1,3.0,3,67.7,74.6,142.3,1,1,1,1
4458,0,0.177465,0.5,0,0,,0,64.7,0.0,64.7,1,1,1,1
4459,0,0.0,0.5,0,0,,0,62.6,0.0,62.6,1,1,1,1
4460,1,0.997497,0.5,1,1,1.0,1,60.8,78.0,138.8,1,1,1,1
4461,3,0.989894,0.5,1,1,3.0,3,63.6,70.7,134.3,1,1,1,1
4462,3,0.989894,0.5,1,1,3.0,3,61.5,68.8,130.3,1,1,1,1
4463,1,1.0,0.5,1,1,1.0,1,61.2,69.6,130.8,1,1,1,1
4464,1,0.989894,0.5,1,1,1.0,1,61.7,70.7,132.4,1,1,1,1
4465,2,0.989894,0.5,1,1,3.0,3,64.5,70.1,134.6,1,1,1,1
4466,3,0.989894,0.5,1,1,3.0,3,69.5,72.1,141.6,1,1,1,1
4467,0,0.0,0.5,0,0,,0,82.8,0.0,82.8,1,1,1,1
4468,1,1.0,0.5,1,1,1.0,1,97.9,145.2,243.1,1,1,1,1
4469,3,0.989894,0.5,1,1,2.0,2,127.8,119.5,247.3,1,1,1,1
4470,1,1.0,0.5,1,1,1.0,1,75.6,84.0,159.6,1,1,1,1
4471,0,0.0,0.5,0,0,,0,64.8,0.0,64.8,1,1,1,1
4472,1,0.989894,0.5,1,1,1.0,1,64.0,71.7,135.7,1,1,1,1
4473,3,0.999232,0.5,1,1,2.0,2,63.1,71.2,134.3,1,1,1,1
4474,0,0.0,0.5,0,0,,0,61.0,0.0,61.0,1,1,1,1
4475,2,0.989894,0.5,1,1,3.0,3,62.3,71.8,134.1,1,1,1,1
4476,0,0.0,0.5,0,0,,0,61.7,0.0,61.7,1,1,1,1
4477,0,0.0,0.5,0,0,,0,62.5,0.0,62.5,1,1,1,1
4478,3,0.989894,0.5,1,1,2.0,2,78.7,73.3,152.0,1,1,1,1
4479,2,0.989894,0.5,1,1,2.0,2,61.6,71.0,132.6,1,1,1,1
4480,3,1.0,0.5,1,1,2.0,2,63.1,69.9,133.0,1,1,1,1
4481,1,1.0,0.5,1,1,1.0,1,84.9,77.0,161.9,1,1,1,1
4482,0,0.0,0.5,0,0,,0,85.4,0.0,85.4,1,1,1,1
4483,0,0.0,0.5,0,0,,0,62.6,0.0,62.6,1,1,1,1
4484,2,1.0,0.5,1,1,3.0,3,76.7,73.5,150.2,1,1,1,1
4485,1,1.0,0.5,1,1,1.0,1,63.7,71.4,135.1,1,1,1,1
4486,0,0.0,0.5,0,0,,0,62.1,0.0,62.1,1,1,1,1
4487,0,0.0,0.5,0,0,,0,61.3,0.0,61.3,1,1,1,1
4488,0,0.0,0.5,0,0,,0,67.7,0.0,67.7,1,1,1,1
4489,1,0.989894,0.5,1,1,1.0,1,64.3,71.6,135.9,1,1,1,1
4490,1,0.989894,0.5,1,1,1.0,1,61.6,79.2,140.8,1,1,1,1
4491,3,0.999232,0.5,1,1,3.0,3,66.2,72.6,138.8,1,1,1,1
4492,0,0.0,0.5,0,0,,0,61.3,0.0,61.3,1,1,1,1
4493,0,0.0,0.5,0,0,,0,63.2,0.0,63.2,1,1,1,1
4494,0,0.0,0.5,0,0,,0,68.2,0.0,68.2,1,1,1,1
4495,1,1.0,0.5,1,1,1.0,1,62.4,70.4,132.8,1,1,1,1
4496,0,0.0,0.5,0,0,,0,60.9,0.0,60.9,1,1,1,1
4497,0,0.0,0.5,0,0,,0,73.3,0.0,73.3,1,1,1,1
4498,3,0.989894,0.5,1,1,2.0,2,156.2,104.2,260.4,1,1,1,1
4499,0,0.0,0.5,0,0,,0,84.3,0.0,84.3,1,1,1,1
4500,2,0.989894,0.5,1,1,3.0,3,74.3,80.0,154.3,1,1,1,1
4501,1,1.0,0.5,1,1,1.0,1,70.6,80.3,150.9,1,1,1,1
4502,0,0.0,0.5,0,0,,0,74.4,0.0,74.4,1,1,1,1
4503,0,0.0,0.5,0,0,,0,70.9,0.0,70.9,1,1,1,1
4504,3,0.989894,0.5,1,1,2.0,2,68.9,74.6,143.5,1,1,1,1
4505,3,0.989894,0.5,1,1,2.0,2,68.1,76.9,145.0,1,1,1,1
4506,3,0.989894,0.5,1,1,3.0,3,68.6,73.8,142.4,1,1,1,1
4507,2,0.989894,0.5,1,1,2.0,2,65.5,72.4,137.9,1,1,1,1
4508,3,0.989894,0.5,1,1,3.0,3,63.9,74.6,138.5,1,1,1,1
4509,0,0.0,0.5,0,0,,0,76.8,0.0,76.8,1,1,1,1
4510,2,1.0,0.5,1,1,2.0,2,64.5,72.3,136.8,1,1,1,1
4511,1,1.0,0.5,1,1,1.0,1,64.2,74.3,138.5,1,1,1,1
4512,0,0.0,0.5,0,0,,0,63.6,0.0,63.6,1,1,1,1
4513,0,0.0,0.5,0,0,,0,64.8,0.0,64.8,1,1,1,1
4514,0,0.0,0.5,0,0,,0,64.8,0.0,64.8,1,1,1,1
4515,3,0.989894,0.5,1,1,3.0,3,63.5,74.3,137.8,1,1,1,1
4516,0,0.0,0.5,0,0,,0,75.6,0.0,75.6,1,1,1,1
4517,3,0.989894,0.5,1,1,3.0,3,65.8,72.3,138.1,1,1,1,1
4518,2,0.989894,0.5,1,1,3.0,3,66.8,71.2,138.0,1,1,1,1
4519,1,1.0,0.5,1,1,1.0,1,64.0,71.7,135.7,1,1,1,1
4520,1,1.0,0.5,1,1,1.0,1,62.3,71.1,133.4,1,1,1,1
4521,2,0.989894,0.5,1,1,2.0,2,62.6,70.1,132.7,1,1,1,1
4522,0,0.0,0.5,0,0,,0,61.1,0.0,61.1,1,1,1,1
4523,3,0.989894,0.5,1,1,3.0,3,70.3,75.8,146.1,1,1,1,1
4524,1,1.0,0.5,1,1,1.0,1,64.5,69.6,134.1,1,1,1,1
4525,3,0.989894,0.5,1,1,2.0,2,62.8,70.5,133.3,1,1,1,1
4526,0,0.0,0.5,0,0,,0,61.6,0.0,61.6,1,1,1,1
4527,0,0.0,0.5,0,0,,0,61.5,0.0,61.5,1,1,1,1
4528,1,0.989894,0.5,1,1,1.0,1,77.8,75.1,152.9,1,1,1,1
4529,0,0.0,0.5,0,0,,0,64.7,0.0,64.7,1,1,1,1
4530,2,0.989894,0.5,1,1,2.0,2,70.6,75.9,146.5,1,1,1,1
4531,0,0.0,0.5,0,0,,0,77.8,0.0,77.8,1,1,1,1
4532,2,0.989894,0.5,1,1,2.0,2,65.0,70.7,135.7,1,1,1,1
4533,0,0.0,0.5,0,0,,0,64.2,0.0,64.2,1,1,1,1
4534,2,1.0,0.5,1,1,3.0,3,61.8,81.3,143.1,1,1,1,1
4535,0,0.0,0.5,0,0,,0,66.4,0.0,66.4,1,1,1,1
4536,3,0.999232,0.5,1,1,3.0,3,62.3,71.6,133.9,1,1,1,1
4537,2,0.989894,0.5,1,1,3.0,3,76.6,231.1,307.7,1,1,1,1
4538,2,1.0,0.5,1,1,2.0,2,145.1,114.2,259.3,1,1,1,1
4539,0,0.0,0.5,0,0,,0,84.0,0.0,84.0,1,1,1,1
4540,2,1.0,0.5,1,1,3.0,3,68.8,73.4,142.2,1,1,1,1
4541,2,0.989894,0.5,1,1,2.0,2,65.8,82.6,148.4,1,1,1,1
4542,1,1.0,0.5,1,1,1.0,1,70.0,73.3,143.3,1,1,1,1
4543,1,1.0,0.5,1,1,1.0,1,63.1,170.1,233.2,1,1,1,1
4544,3,0.989894,0.5,1,1,2.0,2,116.0,178.7,294.7,1,1,1,1
4545,2,0.999232,0.5,1,1,2.0,2,412.5,118.8,531.3,1,1,1,1
4546,0,0.0,0.5,0,0,,0,93.8,0.0,93.8,1,1,1,1
4547,0,0.0,0.5,0,0,,0,122.7,0.0,122.7,1,1,1,1
4548,2,0.989894,0.5,1,1,3.0,3,75.2,79.6,154.8,1,1,1,1
4549,1,1.0,0.5,1,1,1.0,1,83.9,78.9,162.8,1,1,1,1
4550,0,0.0,0.5,0,0,,0,65.8,0.0,65.8,1,1,1,1
4551,3,0.989894,0.5,1,1,2.0,2,63.6,73.8,137.4,1,1,1,1
4552,1,0.999232,0.5,1,1,1.0,1,79.4,85.4,164.8,1,1,1,1
4553,2,0.989894,0.5,1,1,2.0,2,67.1,72.4,139.5,1,1,1,1
4554,2,0.989894,0.5,1,1,3.0,3,61.8,69.8,131.6,1,1,1,1
4555,0,0.0,0.5,0,0,,0,61.1,0.0,61.1,1,1,1,1
4556,1,0.989894,0.5,1,1,1.0,1,65.2,70.6,135.8,1,1,1,1
4557,3,0.989894,0.5,1,1,2.0,2,62.5,69.3,131.8,1,1,1,1
4558,0,0.0,0.5,0,0,,0,61.3,0.0,61.3,1,1,1,1
4559,3,1.0,0.5,1,1,3.0,3,67.7,72.3,140.0,1,1,1,1
4560,0,0.0,0.5,0,0,,0,62.4,0.0,62.4,1,1,1,1
4561,3,0.989894,0.5,1,1,2.0,2,63.1,69.3,132.4,1,1,1,1
4562,1,0.997497,0.5,1,1,1.0,1,73.8,73.6,147.4,1,1,1,1
4563,1,0.989894,0.5,1,1,1.0,1,62.7,71.7,134.4,1,1,1,1
4564,2,0.989894,0.5,1,1,3.0,3,60.8,67.8,128.6,1,1,1,1
4565,3,1.0,0.5,1,1,2.0,2,73.5,79.3,152.8,1,1,1,1
4566,2,1.0,0.5,1,1,2.0,2,68.0,72.5,140.5,1,1,1,1
4567,3,0.989894,0.5,1,1,2.0,2,60.9,69.3,130.2,1,1,1,1
4568,1,0.997497,0.5,1,1,1.0,1,61.9,80.9,142.8,1,1,1,1
4569,3,0.989894,0.5,1,1,3.0,3,64.9,70.0,134.9,1,1,1,1
4570,0,0.0,0.5,0,0,,0,61.4,0.0,61.4,1,1,1,1
4571,0,0.0,0.5,0,0,,0,61.1,0.0,61.1,1,1,1,1
4572,0,0.0,0.5,0,0,,0,65.8,0.0,65.8,1,1,1,1
4573,3,0.989894,0.5,1,1,2.0,2,70.8,71.9,142.7,1,1,1,1
4574,2,0.989894,0.5,1,1,2.0,2,61.8,70.8,132.6,1,1,1,1
4575,0,0.0,0.5,0,0,,0,73.5,0.0,73.5,1,1,1,1
4576,3,0.989894,0.5,1,1,2.0,2,62.0,68.4,130.4,1,1,1,1
4577,1,0.989894,0.5,1,1,1.0,1,62.3,68.9,131.2,1,1,1,1
4578,3,1.0,0.5,1,1,3.0,3,71.4,74.1,145.5,1,1,1,1
4579,0,0.0,0.5,0,0,,0,61.8,0.0,61.8,1,1,1,1
4580,2,0.989894,0.5,1,1,3.0,3,69.7,71.9,141.6,1,1,1,1
4581,0,0.0,0.5,0,0,,0,63.3,0.0,63.3,1,1,1,1
4582,1,0.989894,0.5,1,1,1.0,1,63.5,71.1,134.6,1,1,1,1
4583,2,0.989894,0.5,1,1,3.0,3,61.8,68.7,130.5,1,1,1,1
4584,3,0.989894,0.5,1,1,3.0,3,60.7,75.3,136.0,1,1,1,1
4585,1,0.989894,0.5,1,1,1.0,1,67.6,71.1,138.7,1,1,1,1
4586,0,0.0,0.5,0,0,,0,60.6,0.0,60.6,1,1,1,1
4587,0,0.0,0.5,0,0,,0,70.9,0.0,70.9,1,1,1,1
4588,3,0.989894,0.5,1,1,2.0,2,73.9,71.6,145.5,1,1,1,1
4589,3,1.0,0.5,1,1,3.0,3,63.4,69.2,132.6,1,1,1,1
4590,1,1.0,0.5,1,1,1.0,1,61.1,68.4,129.5,1,1,1,1
4591,1,1.0,0.5,1,1,1.0,1,71.7,73.5,145.2,1,1,1,1
4592,2,0.989894,0.5,1,1,2.0,2,62.5,68.3,130.8,1,1,1,1
4593,2,0.989894,0.5,1,1,3.0,3,61.7,67.0,128.7,1,1,1,1
4594,1,1.0,0.5,1,1,1.0,1,97.2,131.3,228.5,1,1,1,1
4595,2,0.989894,0.5,1,1,2.0,2,76.5,77.8,154.3,1,1,1,1
4596,3,0.989894,0.5,1,1,3.0,3,66.5,70.8,137.3,1,1,1,1
4597,1,1.0,0.5,1,1,1.0,1,75.0,74.4,149.4,1,1,1,1
4598,0,0.0,0.5,0,0,,0,62.6,0.0,62.6,1,1,1,1
4599,0,0.0,0.5,0,0,,0,62.3,0.0,62.3,1,1,1,1
4600,3,1.0,0.5,1,1,3.0,3,62.2,91.1,153.3,1,1,1,1
4601,3,0.989894,0.5,1,1,2.0,2,146.3,149.5,295.8,1,1,1,1
4602,3,0.989894,0.5,1,1,3.0,3,99.4,92.0,191.4,1,1,1,1
4603,0,0.0,0.5,0,0,,0,76.6,0.0,76.6,1,1,1,1
4604,2,0.989894,0.5,1,1,3.0,3,74.3,81.6,155.9,1,1,1,1
4605,2,1.0,0.5,1,1,2.0,2,72.3,84.7,157.0,1,1,1,1
4606,0,0.0,0.5,0,0,,0,67.9,0.0,67.9,1,1,1,1
4607,0,0.0,0.5,0,0,,0,67.9,0.0,67.9,1,1,1,1
4608,1,0.997497,0.5,1,1,1.0,1,68.7,78.6,147.3,1,1,1,1
4609,2,0.989894,0.5,1,1,3.0,3,69.4,77.5,146.9,1,1,1,1
4610,1,1.0,0.5,1,1,1.0,1,68.5,77.8,146.3,1,1,1,1
4611,2,0.999232,0.5,1,1,3.0,3,71.6,78.6,150.2,1,1,1,1
4612,0,0.0,0.5,0,0,,0,68.7,0.0,68.7,1,1,1,1
4613,2,0.989894,0.5,1,1,3.0,3,67.8,73.6,141.4,1,1,1,1
4614,2,0.989894,0.5,1,1,2.0,2,65.9,74.2,140.1,1,1,1,1
4615,2,0.989894,0.5,1,1,3.0,3,68.2,75.4,143.6,1,1,1,1
4616,2,0.989894,0.5,1,1,3.0,3,65.8,75.0,140.8,1,1,1,1
4617,1,1.0,0.5,1,1,1.0,1,68.4,75.1,143.5,1,1,1,1
4618,0,0.0,0.5,0,0,,0,67.9,0.0,67.9,1,1,1,1
4619,3,0.999232,0.5,1,1,2.0,2,63.7,71.9,135.6,1,1,1,1
4620,0,0.0,0.5,0,0,,0,63.2,0.0,63.2,1,1,1,1
4621,0,0.0,0.5,0,0,,0,63.6,0.0,63.6,1,1,1,1
4622,1,0.997497,0.5,1,1,1.0,1,65.8,71.9,137.7,1,1,1,1
4623,1,0.999232,0.5,1,1,1.0,1,64.3,72.1,136.4,1,1,1,1
4624,3,0.989894,0.5,1,1,3.0,3,64.2,71.6,135.8,1,1,1,1
4625,2,0.989894,0.5,1,1,2.0,2,64.5,71.6,136.1,1,1,1,1
4626,0,0.0,0.5,0,0,,0,63.1,0.0,63.1,1,1,1,1
4627,0,0.0,0.5,0,0,,0,68.9,0.0,68.9,1,1,1,1
4628,0,0.0,0.5,0,0,,0,63.7,0.0,63.7,1,1,1,1
4629,2,1.0,0.5,1,1,3.0,3,67.4,81.3,148.7,1,1,1,1
4630,3,0.989894,0.5,1,1,2.0,2,69.6,74.2,143.8,1,1,1,1
4631,3,1.0,0.5,1,1,2.0,2,65.0,72.3,137.3,1,1,1,1
4632,0,0.0,0.5,0,0,,0,63.8,0.0,63.8,1,1,1,1
4633,1,1.0,0.5,1,1,1.0,1,74.5,74.2,148.7,1,1,1,1
4634,0,0.0,0.5,0,0,,0,63.6,0.0,63.6,1,1,1,1
4635,2,0.989894,0.5,1,1,3.0,3,60.7,71.3,132.0,1,1,1,1
4636,3,0.989894,0.5,1,1,2.0,2,62.2,80.9,143.1,1,1,1,1
4637,1,0.989894,0.5,1,1,1.0,1,66.2,72.0,138.2,1,1,1,1
4638,2,0.989894,0.5,1,1,2.0,2,63.5,71.2,134.7,1,1,1,1
4639,0,0.0,0.5,0,0,,0,61.7,0.0,61.7,1,1,1,1
4640,3,0.989894,0.5,1,1,3.0,3,66.2,73.1,139.3,1,1,1,1
4641,2,0.989894,0.5,1,1,2.0,2,64.2,72.6,136.8,1,1,1,1
4642,3,0.989894,0.5,1,1,3.0,3,63.1,70.8,133.9,1,1,1,1
4643,3,0.989894,0.5,1,1,2.0,2,99.5,80.5,180.0,1,1,1,1
4644,0,0.0,0.5,0,0,,0,64.3,0.0,64.3,1,1,1,1
4645,0,0.0,0.5,0,0,,0,64.1,0.0,64.1,1,1,1,1
4646,1,1.0,0.5,1,1,1.0,1,71.9,74.2,146.1,1,1,1,1
4647,1,0.989894,0.5,1,1,1.0,1,64.2,71.2,135.4,1,1,1,1
4648,0,0.0,0.5,0,0,,0,63.4,0.0,63.4,1,1,1,1
4649,1,1.0,0.5,1,1,1.0,1,62.7,81.6,144.3,1,1,1,1
4650,0,0.0,0.5,0,0,,0,64.9,0.0,64.9,1,1,1,1
4651,0,0.0,0.5,0,0,,0,165.0,0.0,165.0,1,1,1,1
4652,1,0.989894,0.5,1,1,1.0,1,169.6,204.6,374.2,1,1,1,1
4653,2,0.989894,0.5,1,1,3.0,3,109.2,118.5,227.7,1,1,1,1
4654,1,0.989894,0.5,1,1,1.0,1,106.7,101.0,207.7,1,1,1,1
4655,2,1.0,0.5,1,1,3.0,3,82.8,83.9,166.7,1,1,1,1
4656,1,1.0,0.5,1,1,1.0,1,69.2,74.7,143.9,1,1,1,1
4657,1,1.0,0.5,1,1,1.0,1,66.3,83.0,149.3,1,1,1,1
4658,2,0.989894,0.5,1,1,3.0,3,70.2,75.2,145.4,1,1,1,1
4659,3,0.999232,0.5,1,1,3.0,3,65.7,75.0,140.7,1,1,1,1
4660,0,0.0,0.5,0,0,,0,64.2,0.0,64.2,1,1,1,1
4661,3,0.989894,0.5,1,1,2.0,2,77.9,75.7,153.6,1,1,1,1
4662,0,0.0,0.5,0,0,,0,66.7,0.0,66.7,1,1,1,1
4663,0,0.0,0.5,0,0,,0,64.8,0.0,64.8,1,1,1,1
4664,3,0.989894,0.5,1,1,3.0,3,73.6,74.5,148.1,1,1,1,1
4665,0,0.177465,0.5,0,0,,0,65.7,0.0,65.7,1,1,1,1
4666,1,1.0,0.5,1,1,1.0,1,61.5,67.8,129.3,1,1,1,1
4667,2,0.989894,0.5,1,1,2.0,2,61.5,79.8,141.3,1,1,1,1
4668,0,0.0,0.5,0,0,,0,65.6,0.0,65.6,1,1,1,1
4669,3,0.989894,0.5,1,1,2.0,2,62.5,70.0,132.5,1,1,1,1
4670,0,0.989894,0.5,1,1,2.0,2,62.8,78.6,141.4,1,1,1,1
4671,2,0.989894,0.5,1,1,3.0,3,67.8,71.9,139.7,1,1,1,1
4672,1,1.0,0.5,1,1,1.0,1,62.9,69.0,131.9,1,1,1,1
4673,3,0.989894,0.5,1,1,3.0,3,63.6,69.2,132.8,1,1,1,1
4674,1,1.0,0.5,1,1,1.0,1,73.2,72.9,146.1,1,1,1,1
4675,2,0.989894,0.5,1,1,2.0,2,62.0,70.0,132.0,1,1,1,1
4676,0,0.0,0.5,0,0,,0,61.1,0.0,61.1,1,1,1,1
4677,2,0.989894,0.5,1,1,3.0,3,68.1,75.3,143.4,1,1,1,1
4678,0,0.177465,0.5,0,0,,0,62.1,0.0,62.1,1,1,1,1
4679,1,1.0,0.5,1,1,1.0,1,62.1,70.8,132.9,1,1,1,1
4680,1,0.997497,0.5,1,1,1.0,1,61.5,79.1,140.6,1,1,1,1
4681,2,0.989894,0.5,1,1,3.0,3,65.5,71.0,136.5,1,1,1,1
4682,1,1.0,0.5,1,1,1.0,1,60.8,67.6,128.4,1,1,1,1
4683,0,0.177465,0.5,0,0,,0,61.4,0.0,61.4,1,1,1,1
4684,1,0.989894,0.5,1,1,1.0,1,65.9,71.5,137.4,1,1,1,1
4685,3,0.989894,0.5,1,1,2.0,2,61.5,69.4,130.9,1,1,1,1
4686,0,0.0,0.5,0,0,,0,60.9,0.0,60.9,1,1,1,1
4687,3,0.989894,0.5,1,1,2.0,2,70.6,71.8,142.4,1,1,1,1
4688,1,0.989894,0.5,1,1,1.0,1,60.4,68.4,128.8,1,1,1,1
4689,0,0.0,0.5,0,0,,0,61.1,0.0,61.1,1,1,1,1
4690,2,0.997497,0.5,1,1,2.0,2,60.5,80.8,141.3,1,1,1,1
4691,0,0.0,0.5,0,0,,0,63.8,0.0,63.8,1,1,1,1
4692,1,0.997497,0.5,1,1,1.0,1,60.7,69.0,129.7,1,1,1,1
4693,3,0.989894,0.5,1,1,3.0,3,61.8,77.7,139.5,1,1,1,1
4694,1,0.997497,0.5,1,1,1.0,1,65.6,71.4,137.0,1,1,1,1
4695,3,0.989894,0.5,1,1,3.0,3,83.6,83.6,167.2,1,1,1,1
4696,1,1.0,0.5,1,1,1.0,1,66.5,82.1,148.6,1,1,1,1
4697,3,0.999232,0.5,1,1,3.0,3,68.5,72.8,141.3,1,1,1,1
4698,0,0.0,0.5,0,0,,0,62.6,0.0,62.6,1,1,1,1
4699,0,0.0,0.5,0,0,,0,61.0,0.0,61.0,1,1,1,1
4700,2,0.989894,0.5,1,1,2.0,2,74.0,72.8,146.8,1,1,1,1
4701,2,1.0,0.5,1,1,2.0,2,63.2,70.4,133.6,1,1,1,1
4702,2,0.989894,0.5,1,1,3.0,3,61.3,68.2,129.5,1,1,1,1
4703,0,0.0,0.5,0,0,,0,69.1,0.0,69.1,1,1,1,1
4704,2,0.989894,0.5,1,1,3.0,3,63.3,71.2,134.5,1,1,1,1
4705,1,0.989894,0.5,1,1,1.0,1,62.7,70.2,132.9,1,1,1,1
4706,1,0.999232,0.5,1,1,1.0,1,61.8,79.6,141.4,1,1,1,1
4707,3,1.0,0.5,1,1,3.0,3,63.5,71.0,134.5,1,1,1,1
4708,1,0.989894,0.5,1,1,1.0,1,59.8,69.2,129.0,1,1,1,1
4709,3,0.989894,0.5,1,1,3.0,3,62.1,75.0,137.1,1,1,1,1
4710,0,0.0,0.5,0,0,,0,66.5,0.0,66.5,1,1,1,1
4711,3,0.989894,0.5,1,1,3.0,3,62.6,70.1,132.7,1,1,1,1
4712,0,0.0,0.5,0,0,,0,61.2,0.0,61.2,1,1,1,1
4713,0,0.0,0.5,0,0,,0,71.9,0.0,71.9,1,1,1,1
4714,3,0.989894,0.5,1,1,2.0,2,60.8,68.9,129.7,1,1,1,1
4715,1,1.0,0.5,1,1,1.0,1,61.2,69.1,130.3,1,1,1,1
4716,0,0.0,0.5,0,0,,0,63.0,0.0,63.0,1,1,1,1
4717,3,1.0,0.5,1,1,2.0,2,65.9,69.8,135.7,1,1,1,1
4718,0,0.0,0.5,0,0,,0,61.8,0.0,61.8,1,1,1,1
4719,3,0.989894,0.5,1,1,2.0,2,61.3,77.2,138.5,1,1,1,1
4720,2,0.989894,0.5,1,1,3.0,3,66.6,70.4,137.0,1,1,1,1
4721,1,1.0,0.5,1,1,1.0,1,61.3,68.8,130.1,1,1,1,1
4722,3,1.0,0.5,1,1,2.0,2,60.8,69.4,130.2,1,1,1,1
4723,3,0.989894,0.5,1,1,3.0,3,71.4,72.7,144.1,1,1,1,1
4724,0,0.0,0.5,0,0,,0,61.6,0.0,61.6,1,1,1,1
4725,2,0.989894,0.5,1,1,2.0,2,60.7,68.4,129.1,1,1,1,1
4726,2,0.989894,0.5,1,1,3.0,3,75.0,75.3,150.3,1,1,1,1
4727,2,0.989894,0.5,1,1,2.0,2,67.8,122.1,189.9,1,1,1,1
4728,2,0.989894,0.5,1,1,3.0,3,74.5,75.8,150.3,1,1,1,1
4729,2,0.989894,0.5,1,1,2.0,2,79.0,72.0,151.0,1,1,1,1
4730,3,0.989894,0.5,1,1,2.0,2,63.3,68.9,132.2,1,1,1,1
4731,0,0.0,0.5,0,0,,0,61.0,0.0,61.0,1,1,1,1
4732,2,0.989894,0.5,1,1,2.0,2,69.3,74.0,143.3,1,1,1,1
4733,2,0.989894,0.5,1,1,3.0,3,62.5,70.9,133.4,1,1,1,1
4734,3,0.989894,0.5,1,1,3.0,3,59.1,69.4,128.5,1,1,1,1
4735,1,0.997497,0.5,1,1,1.0,1,62.2,80.2,142.4,1,1,1,1
4736,1,1.0,0.5,1,1,1.0,1,65.0,68.6,133.6,1,1,1,1
4737,2,0.989894,0.5,1,1,2.0,2,61.3,68.3,129.6,1,1,1,1
4738,2,1.0,0.5,1,1,3.0,3,59.3,67.6,126.9,1,1,1,1
4739,2,0.989894,0.5,1,1,2.0,2,71.8,71.2,143.0,1,1,1,1
4740,2,0.989894,0.5,1,1,3.0,3,62.4,68.9,131.3,1,1,1,1
4741,0,0.0,0.5,0,0,,0,61.7,0.0,61.7,1,1,1,1
4742,2,0.989894,0.5,1,1,3.0,3,71.3,72.2,143.5,1,1,1,1
4743,2,0.989894,0.5,1,1,2.0,2,62.4,72.5,134.9,1,1,1,1
4744,1,0.513514,0.5,1,1,1.0,1,60.8,68.0,128.8,1,1,1,1
4745,0,0.0,0.5,0,0,,0,61.3,0.0,61.3,1,1,1,1
4746,2,1.0,0.5,1,1,2.0,2,64.7,71.5,136.2,1,1,1,1
4747,0,0.0,0.5,0,0,,0,61.5,0.0,61.5,1,1,1,1
4748,2,0.989894,0.5,1,1,3.0,3,60.0,76.4,136.4,1,1,1,1
4749,0,0.0,0.5,0,0,,0,67.3,0.0,67.3,1,1,1,1
4750,3,0.989894,0.5,1,1,2.0,2,62.3,67.3,129.6,1,1,1,1
4751,3,0.989894,0.5,1,1,3.0,3,59.7,70.2,129.9,1,1,1,1
4752,0,0.0,0.5,0,0,,0,71.8,0.0,71.8,1,1,1,1
4753,0,0.0,0.5,0,0,,0,61.4,0.0,61.4,1,1,1,1
4754,2,0.989894,0.5,1,1,2.0,2,59.6,69.0,128.6,1,1,1,1
4755,2,0.989894,0.5,1,1,3.0,3,60.1,80.0,140.1,1,1,1,1
4756,1,0.997497,0.5,1,1,1.0,1,63.8,68.9,132.7,1,1,1,1
4757,2,0.989894,0.5,1,1,3.0,3,61.2,69.5,130.7,1,1,1,1
4758,2,0.989894,0.5,1,1,2.0,2,60.3,77.2,137.5,1,1,1,1
4759,3,0.989894,0.5,1,1,3.0,3,66.3,71.7,138.0,1,1,1,1
4760,3,0.989894,0.5,1,1,2.0,2,61.2,68.7,129.9,1,1,1,1
4761,3,0.989894,0.5,1,1,3.0,3,62.9,70.2,133.1,1,1,1,1
4762,1,0.997497,0.5,1,1,1.0,1,72.0,72.0,144.0,1,1,1,1
4763,2,1.0,0.5,1,1,2.0,2,234.3,380.3,614.6,1,1,1,1
4764,0,0.0,0.5,0,0,,0,138.8,0.0,138.8,1,1,1,1
4765,2,0.989894,0.5,1,1,2.0,2,101.0,98.5,199.5,1,1,1,1
4766,0,0.0,0.5,0,0,,0,76.3,0.0,76.3,1,1,1,1
4767,1,1.0,0.5,1,1,1.0,1,67.5,73.6,141.1,1,1,1,1
4768,0,0.0,0.5,0,0,,0,63.2,0.0,63.2,1,1,1,1
4769,0,0.0,0.5,0,0,,0,63.2,0.0,63.2,1,1,1,1
4770,0,0.0,0.5,0,0,,0,61.5,0.0,61.5,1,1,1,1
4771,0,0.0,0.5,0,0,,0,60.4,0.0,60.4,1,1,1,1
4772,3,0.989894,0.5,1,1,3.0,3,60.1,69.9,130.0,1,1,1,1
4773,2,0.999232,0.5,1,1,3.0,3,60.8,70.5,131.3,1,1,1,1
4774,2,0.989894,0.5,1,1,2.0,2,60.7,68.4,129.1,1,1,1,1
4775,0,0.0,0.5,0,0,,0,60.0,0.0,60.0,1,1,1,1
4776,2,0.989894,0.5,1,1,3.0,3,66.1,69.6,135.7,1,1,1,1
4777,1,1.0,0.5,1,1,1.0,1,63.3,69.9,133.2,1,1,1,1
4778,2,0.999232,0.5,1,1,3.0,3,62.0,70.2,132.2,1,1,1,1
4779,1,0.989894,0.5,1,1,1.0,1,61.9,70.4,132.3,1,1,1,1
4780,1,1.0,0.5,1,1,1.0,1,61.2,70.1,131.3,1,1,1,1
4781,2,1.0,0.5,1,1,2.0,2,62.1,69.9,132.0,1,1,1,1
4782,2,0.997497,0.5,1,1,2.0,2,61.4,68.0,129.4,1,1,1,1
4783,3,1.0,0.5,1,1,2.0,2,61.2,70.8,132.0,1,1,1,1
4784,1,0.997497,0.5,1,1,1.0,1,62.3,67.8,130.1,1,1,1,1
4785,1,1.0,0.5,1,1,1.0,1,60.8,70.4,131.2,1,1,1,1
4786,2,1.0,0.5,1,1,2.0,2,62.9,68.7,131.6,1,1,1,1
4787,1,0.989894,0.5,1,1,1.0,1,61.3,70.0,131.3,1,1,1,1
4788,2,0.989894,0.5,1,1,3.0,3,61.9,70.0,131.9,1,1,1,1
4789,0,0.0,0.5,0,0,,0,61.7,0.0,61.7,1,1,1,1
4790,2,0.989894,0.5,1,1,3.0,3,60.0,69.1,129.1,1,1,1,1
4791,2,0.999232,0.5,1,1,3.0,3,61.8,69.2,131.0,1,1,1,1
4792,3,0.989894,0.5,1,1,3.0,3,60.5,69.7,130.2,1,1,1,1
4793,3,0.989894,0.5,1,1,3.0,3,60.6,83.9,144.5,1,1,1,1
4794,0,0.0,0.5,0,0,,0,68.0,0.0,68.0,1,1,1,1
4795,1,0.997497,0.5,1,1,1.0,1,60.0,70.2,130.2,1,1,1,1
4796,2,0.989894,0.5,1,1,3.0,3,60.9,69.5,130.4,1,1,1,1
4797,1,1.0,0.5,1,1,1.0,1,76.1,74.6,150.7,1,1,1,1
4798,0,0.0,0.5,0,0,,0,62.5,0.0,62.5,1,1,1,1
4799,0,0.0,0.5,0,0,,0,61.6,0.0,61.6,1,1,1,1
4800,3,0.989894,0.5,1,1,2.0,2,77.3,73.4,150.7,1,1,1,1
4801,2,0.989894,0.5,1,1,3.0,3,64.3,71.5,135.8,1,1,1,1
4802,0,0.0,0.5,0,0,,0,60.9,0.0,60.9,1,1,1,1
4803,1,0.177465,0.5,0,0,,0,61.6,0.0,61.6,1,1,1,1
4804,2,0.989894,0.5,1,1,3.0,3,65.0,69.3,134.3,1,1,1,1
4805,1,1.0,0.5,1,1,1.0,1,63.3,69.1,132.4,1,1,1,1
4806,0,0.0,0.5,0,0,,0,60.5,0.0,60.5,1,1,1,1
4807,1,0.989894,0.5,1,1,1.0,1,66.5,70.9,137.4,1,1,1,1
4808,2,0.989894,0.5,1,1,2.0,2,60.9,69.7,130.6,1,1,1,1
4809,2,0.997497,0.5,1,1,2.0,2,61.8,69.5,131.3,1,1,1,1
4810,1,0.997497,0.5,1,1,1.0,1,71.8,70.9,142.7,1,1,1,1
4811,0,0.0,0.5,0,0,,0,61.8,0.0,61.8,1,1,1,1
4812,2,0.989894,0.5,1,1,2.0,2,61.3,67.5,128.8,1,1,1,1
4813,3,0.989894,0.5,1,1,3.0,3,72.4,73.7,146.1,1,1,1,1
4814,2,0.989894,0.5,1,1,2.0,2,62.7,69.6,132.3,1,1,1,1
4815,1,0.999232,0.5,1,1,1.0,1,60.2,69.9,130.1,1,1,1,1
4816,3,0.989894,0.5,1,1,3.0,3,59.8,81.4,141.2,1,1,1,1
4817,3,0.989894,0.5,1,1,2.0,2,65.4,70.7,136.1,1,1,1,1
4818,2,0.989894,0.5,1,1,2.0,2,61.4,68.2,129.6,1,1,1,1
4819,0,0.0,0.5,0,0,,0,60.0,0.0,60.0,1,1,1,1
4820,0,0.0,0.5,0,0,,0,65.7,0.0,65.7,1,1,1,1
4821,2,0.989894,0.5,1,1,2.0,2,62.5,69.5,132.0,1,1,1,1
4822,3,0.999232,0.5,1,1,2.0,2,60.6,70.4,131.0,1,1,1,1
4823,0,0.0,0.5,0,0,,0,70.9,0.0,70.9,1,1,1,1
4824,3,0.989894,0.5,1,1,3.0,3,61.1,70.0,131.1,1,1,1,1
4825,1,1.0,0.5,1,1,1.0,1,62.4,67.9,130.3,1,1,1,1
4826,3,0.989894,0.5,1,1,2.0,2,60.7,80.7,141.4,1,1,1,1
4827,1,1.0,0.5,1,1,1.0,1,63.7,71.1,134.8,1,1,1,1
4828,0,0.0,0.5,0,0,,0,61.9,0.0,61.9,1,1,1,1
4829,1,1.0,0.5,1,1,1.0,1,60.7,77.7,138.4,1,1,1,1
4830,0,0.0,0.5,0,0,,0,63.8,0.0,63.8,1,1,1,1
4831,0,0.0,0.5,0,0,,0,59.9,0.0,59.9,1,1,1,1
4832,1,0.997497,0.5,1,1,1.0,1,59.6,68.6,128.2,1,1,1,1
4833,1,1.0,0.5,1,1,1.0,1,71.9,71.7,143.6,1,1,1,1
4834,3,0.989894,0.5,1,1,3.0,3,61.9,70.0,131.9,1,1,1,1
4835,0,0.0,0.5,0,0,,0,60.4,0.0,60.4,1,1,1,1
4836,2,0.989894,0.5,1,1,2.0,2,59.0,79.9,138.9,1,1,1,1
4837,1,0.989894,0.5,1,1,1.0,1,64.1,68.9,133.0,1,1,1,1
4838,2,0.989894,0.5,1,1,2.0,2,62.0,68.7,130.7,1,1,1,1
4839,0,0.0,0.5,0,0,,0,61.1,0.0,61.1,1,1,1,1
4840,3,1.0,0.5,1,1,3.0,3,64.9,69.4,134.3,1,1,1,1
4841,3,0.989894,0.5,1,1,2.0,2,63.2,71.1,134.3,1,1,1,1
4842,2,0.989894,0.5,1,1,3.0,3,61.2,68.9,130.1,1,1,1,1
4843,1,1.0,0.5,1,1,1.0,1,73.0,71.9,144.9,1,1,1,1
4844,0,0.0,0.5,0,0,,0,88.0,0.0,88.0,1,1,1,1
4845,1,1.0,0.5,1,1,1.0,1,64.5,69.5,134.0,1,1,1,1
4846,2,0.989894,0.5,1,1,2.0,2,71.8,71.6,143.4,1,1,1,1
4847,1,0.989894,0.5,1,1,1.0,1,60.8,70.4,131.2,1,1,1,1
4848,2,0.989894,0.5,1,1,2.0,2,62.0,69.1,131.1,1,1,1,1
4849,2,0.989894,0.5,1,1,2.0,2,61.2,78.9,140.1,1,1,1,1
4850,0,0.0,0.5,0,0,,0,63.2,0.0,63.2,1,1,1,1
4851,2,0.989894,0.5,1,1,2.0,2,61.2,72.2,133.4,1,1,1,1
4852,2,0.989894,0.5,1,1,2.0,2,60.8,76.8,137.6,1,1,1,1
4853,3,0.989894,0.5,1,1,3.0,3,66.4,70.1,136.5,1,1,1,1
4854,0,0.0,0.5,0,0,,0,60.3,0.0,60.3,1,1,1,1
4855,0,0.0,0.5,0,0,,0,61.7,0.0,61.7,1,1,1,1
4856,1,0.989894,0.5,1,1,1.0,1,72.6,72.1,144.7,1,1,1,1
4857,0,0.0,0.5,0,0,,0,62.6,0.0,62.6,1,1,1,1
4858,2,0.989894,0.5,1,1,3.0,3,60.5,67.5,128.0,1,1,1,1
4859,2,0.989894,0.5,1,1,3.0,3,60.0,80.4,140.4,1,1,1,1
4860,3,0.989894,0.5,1,1,2.0,2,65.3,69.5,134.8,1,1,1,1
4861,3,0.989894,0.5,1,1,2.0,2,61.4,68.2,129.6,1,1,1,1
4862,3,1.0,0.5,1,1,3.0,3,59.3,78.6,137.9,1,1,1,1
4863,2,0.989894,0.5,1,1,3.0,3,64.8,69.7,134.5,1,1,1,1
4864,2,0.989894,0.5,1,1,3.0,3,60.7,67.5,128.2,1,1,1,1
4865,2,0.989894,0.5,1,1,3.0,3,61.8,69.5,131.3,1,1,1,1
4866,0,0.0,0.5,0,0,,0,71.9,0.0,71.9,1,1,1,1
4867,3,0.989894,0.5,1,1,2.0,2,62.6,71.0,133.6,1,1,1,1
4868,3,0.999232,0.5,1,1,2.0,2,60.1,66.6,126.7,1,1,1,1
4869,0,0.0,0.5,0,0,,0,69.5,0.0,69.5,1,1,1,1
4870,2,0.989894,0.5,1,1,3.0,3,61.7,68.5,130.2,1,1,1,1
4871,3,0.989894,0.5,1,1,2.0,2,60.9,71.8,132.7,1,1,1,1
4872,3,0.989894,0.5,1,1,2.0,2,62.2,81.1,143.3,1,1,1,1
4873,3,0.989894,0.5,1,1,2.0,2,65.2,69.1,134.3,1,1,1,1
4874,3,0.989894,0.5,1,1,3.0,3,69.6,73.2,142.8,1,1,1,1
4875,0,0.0,0.5,0,0,,0,64.9,0.0,64.9,1,1,1,1
4876,0,0.0,0.5,0,0,,0,65.7,0.0,65.7,1,1,1,1
4877,1,0.989894,0.5,1,1,1.0,1,62.8,69.7,132.5,1,1,1,1
4878,3,0.989894,0.5,1,1,3.0,3,214.9,126.9,341.8,1,1,1,1
4879,2,0.989894,0.5,1,1,3.0,3,176.5,165.4,341.9,1,1,1,1
4880,2,0.989894,0.5,1,1,2.0,2,175.7,122.0,297.7,1,1,1,1
4881,2,1.0,0.5,1,1,3.0,3,143.3,94.0,237.3,1,1,1,1
4882,3,0.989894,0.5,1,1,3.0,3,74.7,74.5,149.2,1,1,1,1
4883,0,0.0,0.5,0,0,,0,65.5,0.0,65.5,1,1,1,1
4884,0,0.0,0.5,0,0,,0,63.3,0.0,63.3,1,1,1,1
4885,2,0.989894,0.5,1,1,3.0,3,66.7,76.4,143.1,1,1,1,1
4886,2,0.989894,0.5,1,1,3.0,3,65.1,72.3,137.4,1,1,1,1
4887,2,0.989894,0.5,1,1,2.0,2,63.1,72.1,135.2,1,1,1,1
4888,3,0.989894,0.5,1,1,2.0,2,62.7,68.9,131.6,1,1,1,1
4889,0,0.0,0.5,0,0,,0,62.5,0.0,62.5,1,1,1,1
4890,2,0.989894,0.5,1,1,3.0,3,62.7,68.9,131.6,1,1,1,1
4891,0,0.0,0.5,0,0,,0,61.9,0.0,61.9,1,1,1,1
4892,0,0.0,0.5,0,0,,0,65.1,0.0,65.1,1,1,1,1
4893,0,0.0,0.5,0,0,,0,62.1,0.0,62.1,1,1,1,1
4894,3,0.989894,0.5,1,1,2.0,2,62.2,68.1,130.3,1,1,1,1
4895,2,0.989894,0.5,1,1,3.0,3,60.4,71.6,132.0,1,1,1,1
4896,0,0.0,0.5,0,0,,0,61.8,0.0,61.8,1,1,1,1
4897,2,0.989894,0.5,1,1,2.0,2,61.8,69.5,131.3,1,1,1,1
4898,2,0.989894,0.5,1,1,3.0,3,61.3,69.6,130.9,1,1,1,1
4899,1,0.999232,0.5,1,1,1.0,1,61.6,70.2,131.8,1,1,1,1
4900,3,0.989894,0.5,1,1,2.0,2,60.3,69.6,129.9,1,1,1,1
4901,0,0.0,0.5,0,0,,0,61.2,0.0,61.2,1,1,1,1
4902,1,1.0,0.5,1,1,1.0,1,60.1,68.3,128.4,1,1,1,1
4903,2,0.989894,0.5,1,1,2.0,2,60.4,68.1,128.5,1,1,1,1
4904,1,0.999232,0.5,1,1,1.0,1,61.5,66.9,128.4,1,1,1,1
4905,2,1.0,0.5,1,1,2.0,2,60.9,67.5,128.4,1,1,1,1
4906,3,0.989894,0.5,1,1,2.0,2,110.4,152.2,262.6,1,1,1,1
4907,0,0.0,0.5,0,0,,0,97.4,0.0,97.4,1,1,1,1
4908,0,0.177465,0.5,0,0,,0,86.4,0.0,86.4,1,1,1,1
4909,2,0.989894,0.5,1,1,3.0,3,69.2,76.1,145.3,1,1,1,1
4910,1,1.0,0.5,1,1,1.0,1,68.4,78.4,146.8,1,1,1,1
4911,2,0.989894,0.5,1,1,2.0,2,85.8,83.6,169.4,1,1,1,1
4912,1,0.989894,0.5,1,1,1.0,1,68.2,75.1,143.3,1,1,1,1
4913,0,0.0,0.5,0,0,,0,67.8,0.0,67.8,1,1,1,1
4914,3,0.989894,0.5,1,1,2.0,2,79.4,76.4,155.8,1,1,1,1
4915,3,0.989894,0.5,1,1,3.0,3,68.8,73.3,142.1,1,1,1,1
4916,3,0.989894,0.5,1,1,3.0,3,63.2,71.1,134.3,1,1,1,1
4917,2,0.989894,0.5,1,1,2.0,2,64.1,83.5,147.6,1,1,1,1
4918,0,0.177465,0.5,0,0,,0,73.8,0.0,73.8,1,1,1,1
4919,0,0.0,0.5,0,0,,0,64.0,0.0,64.0,1,1,1,1
4920,2,0.989894,0.5,1,1,3.0,3,62.7,81.2,143.9,1,1,1,1
4921,3,0.989894,0.5,1,1,2.0,2,69.2,73.0,142.2,1,1,1,1
4922,1,1.0,0.5,1,1,1.0,1,64.4,69.6,134.0,1,1,1,1
4923,1,1.0,0.5,1,1,1.0,1,62.6,72.0,134.6,1,1,1,1
4924,3,0.989894,0.5,1,1,2.0,2,73.3,79.4,152.7,1,1,1,1
4925,0,0.0,0.5,0,0,,0,71.3,0.0,71.3,1,1,1,1
4926,2,1.0,0.5,1,1,3.0,3,64.6,71.1,135.7,1,1,1,1
4927,2,0.989894,0.5,1,1,2.0,2,76.3,75.5,151.8,1,1,1,1
4928,2,0.989894,0.5,1,1,2.0,2,64.4,70.3,134.7,1,1,1,1
4929,1,1.0,0.5,1,1,1.0,1,64.5,72.1,136.6,1,1,1,1
4930,3,0.989894,0.5,1,1,3.0,3,63.0,82.4,145.4,1,1,1,1
4931,2,0.989894,0.5,1,1,2.0,2,68.4,83.6,152.0,1,1,1,1
4932,3,0.989894,0.5,1,1,3.0,3,206.4,157.9,364.3,1,1,1,1
4933,1,0.989894,0.5,1,1,1.0,1,92.2,84.9,177.1,1,1,1,1
4934,2,0.989894,0.5,1,1,3.0,3,71.7,77.3,149.0,1,1,1,1
4935,2,0.989894,0.5,1,1,2.0,2,85.3,75.3,160.6,1,1,1,1
4936,3,0.989894,0.5,1,1,2.0,2,65.1,70.4,135.5,1,1,1,1
4937,0,0.0,0.5,0,0,,0,63.1,0.0,63.1,1,1,1,1
4938,0,0.0,0.5,0,0,,0,71.4,0.0,71.4,1,1,1,1
4939,1,0.997497,0.5,1,1,1.0,1,64.0,69.0,133.0,1,1,1,1
4940,2,0.989894,0.5,1,1,3.0,3,61.2,68.6,129.8,1,1,1,1
4941,1,1.0,0.5,1,1,1.0,1,61.8,80.9,142.7,1,1,1,1
4942,3,0.989894,0.5,1,1,3.0,3,65.6,74.0,139.6,1,1,1,1
4943,1,0.997497,0.5,1,1,1.0,1,64.0,71.1,135.1,1,1,1,1
4944,3,1.0,0.5,1,1,3.0,3,63.4,78.2,141.6,1,1,1,1
4945,2,0.989894,0.5,1,1,2.0,2,67.5,71.4,138.9,1,1,1,1
4946,3,0.989894,0.5,1,1,2.0,2,62.0,70.9,132.9,1,1,1,1
4947,0,0.0,0.5,0,0,,0,61.7,0.0,61.7,1,1,1,1
4948,0,0.0,0.5,0,0,,0,71.5,0.0,71.5,1,1,1,1
4949,3,0.989894,0.5,1,1,2.0,2,63.1,71.1,134.2,1,1,1,1
4950,0,0.0,0.5,0,0,,0,60.4,0.0,60.4,1,1,1,1
4951,2,1.0,0.5,1,1,3.0,3,69.0,74.4,143.4,1,1,1,1
4952,2,0.177465,0.5,0,0,,0,61.8,0.0,61.8,1,1,1,1
4953,0,0.0,0.5,0,0,,0,62.8,0.0,62.8,1,1,1,1
4954,0,0.0,0.5,0,0,,0,61.3,0.0,61.3,1,1,1,1
4955,1,0.997497,0.5,1,1,1.0,1,65.8,72.7,138.5,1,1,1,1
4956,2,1.0,0.5,1,1,3.0,3,62.1,68.8,130.9,1,1,1,1
4957,2,0.989894,0.5,1,1,2.0,2,61.6,67.9,129.5,1,1,1,1
4958,2,0.999232,0.5,1,1,2.0,2,66.3,70.0,136.3,1,1,1,1
4959,0,0.0,0.5,0,0,,0,60.8,0.0,60.8,1,1,1,1
4960,2,1.0,0.5,1,1,2.0,2,62.3,67.0,129.3,1,1,1,1
4961,1,0.989894,0.5,1,1,1.0,1,70.6,71.3,141.9,1,1,1,1
4962,2,0.989894,0.5,1,1,2.0,2,60.8,69.0,129.8,1,1,1,1
4963,0,0.0,0.5,0,0,,0,60.6,0.0,60.6,1,1,1,1
4964,2,1.0,0.5,1,1,3.0,3,60.5,78.0,138.5,1,1,1,1
4965,0,0.0,0.5,0,0,,0,64.1,0.0,64.1,1,1,1,1
4966,1,1.0,0.5,1,1,1.0,1,60.5,68.4,128.9,1,1,1,1
4967,3,1.0,0.5,1,1,2.0,2,59.8,76.9,136.7,1,1,1,1
4968,3,0.989894,0.5,1,1,2.0,2,64.7,71.1,135.8,1,1,1,1
4969,0,0.0,0.5,0,0,,0,62.1,0.0,62.1,1,1,1,1
4970,0,0.989894,0.5,1,1,0.0,0,60.3,68.7,129.0,1,1,1,1
4971,3,0.989894,0.5,1,1,2.0,2,69.8,71.4,141.2,1,1,1,1
4972,3,0.989894,0.5,1,1,3.0,3,61.9,68.0,129.9,1,1,1,1
4973,0,0.0,0.5,0,0,,0,60.3,0.0,60.3,1,1,1,1
4974,2,0.989894,0.5,1,1,3.0,3,61.5,80.1,141.6,1,1,1,1
4975,1,1.0,0.5,1,1,1.0,1,63.7,71.3,135.0,1,1,1,1
4976,2,0.989894,0.5,1,1,3.0,3,61.1,69.0,130.1,1,1,1,1
4977,1,0.513514,0.5,1,1,1.0,1,61.5,76.6,138.1,1,1,1,1
4978,2,0.989894,0.5,1,1,3.0,3,66.5,81.7,148.2,1,1,1,1
4979,0,0.0,0.5,0,0,,0,68.6,0.0,68.6,1,1,1,1
4980,2,0.989894,0.5,1,1,3.0,3,65.2,71.6,136.8,1,1,1,1
4981,2,0.999232,0.5,1,1,3.0,3,75.0,72.8,147.8,1,1,1,1
4982,0,0.0,0.5,0,0,,0,61.6,0.0,61.6,1,1,1,1
4983,2,0.989894,0.5,1,1,3.0,3,59.6,70.2,129.8,1,1,1,1
4984,0,0.0,0.5,0,0,,0,72.0,0.0,72.0,1,1,1,1
4985,3,1.0,0.5,1,1,3.0,3,67.0,71.2,138.2,1,1,1,1
4986,3,0.989894,0.5,1,1,3.0,3,66.0,77.1,143.1,1,1,1,1
4987,0,0.0,0.5,0,0,,0,193.1,0.0,193.1,1,1,1,1
4988,2,0.989894,0.5,1,1,3.0,3,100.1,122.5,222.6,1,1,1,1
4989,3,0.999232,0.5,1,1,3.0,3,164.2,148.1,312.3,1,1,1,1
4990,1,0.997497,0.5,1,1,1.0,1,265.8,147.1,412.9,1,1,1,1
4991,0,0.0,0.5,0,0,,0,111.3,0.0,111.3,1,1,1,1
4992,3,0.999232,0.5,1,1,3.0,3,79.2,86.0,165.2,1,1,1,1
4993,2,0.989894,0.5,1,1,2.0,2,79.7,83.6,163.3,1,1,1,1
4994,0,0.0,0.5,0,0,,0,69.2,0.0,69.2,1,1,1,1
4995,0,0.0,0.5,0,0,,0,64.1,0.0,64.1,1,1,1,1
4996,2,0.989894,0.5,1,1,2.0,2,64.4,71.5,135.9,1,1,1,1
4997,0,0.0,0.5,0,0,,0,83.9,0.0,83.9,1,1,1,1
4998,0,0.0,0.5,0,0,,0,81.9,0.0,81.9,1,1,1,1
4999,1,0.999232,0.5,1,1,1.0,1,67.2,73.9,141.1,1,1,1,1
5000,3,0.989894,0.5,1,1,3.0,3,82.0,76.1,158.1,1,1,1,1
5001,1,1.0,0.5,1,1,1.0,1,65.7,72.4,138.1,1,1,1,1
5002,0,0.0,0.5,0,0,,0,63.4,0.0,63.4,1,1,1,1
5003,3,0.989894,0.5,1,1,1.0,1,73.3,79.0,152.3,1,1,1,1
5004,0,0.0,0.5,0,0,,0,66.9,0.0,66.9,1,1,1,1
5005,2,0.997497,0.5,1,1,2.0,2,64.9,116.3,181.2,1,1,1,1
5006,1,0.989894,0.5,1,1,1.0,1,94.4,76.9,171.3,1,1,1,1
5007,0,0.0,0.5,0,0,,0,67.0,0.0,67.0,1,1,1,1
5008,0,0.0,0.5,0,0,,0,64.0,0.0,64.0,1,1,1,1
5009,1,0.997497,0.5,1,1,1.0,1,71.5,78.2,149.7,1,1,1,1
5010,0,0.0,0.5,0,0,,0,68.3,0.0,68.3,1,1,1,1
5011,2,0.989894,0.5,1,1,2.0,2,64.5,72.2,136.7,1,1,1,1
5012,0,0.0,0.5,0,0,,0,62.8,0.0,62.8,1,1,1,1
5013,2,0.989894,0.5,1,1,2.0,2,67.8,74.9,142.7,1,1,1,1
5014,3,0.989894,0.5,1,1,2.0,2,62.9,72.2,135.1,1,1,1,1
5015,2,0.989894,0.5,1,1,2.0,2,63.1,80.5,143.6,1,1,1,1
5016,2,0.989894,0.5,1,1,2.0,2,68.7,73.3,142.0,1,1,1,1
5017,3,0.989894,0.5,1,1,3.0,3,65.0,70.8,135.8,1,1,1,1
5018,1,1.0,0.5,1,1,1.0,1,63.5,71.2,134.7,1,1,1,1
5019,1,1.0,0.5,1,1,1.0,1,76.0,74.1,150.1,1,1,1,1
5020,0,0.0,0.5,0,0,,0,63.0,0.0,63.0,1,1,1,1
5021,2,0.989894,0.5,1,1,3.0,3,62.7,68.6,131.3,1,1,1,1
5022,2,0.989894,0.5,1,1,2.0,2,68.2,74.1,142.3,1,1,1,1
5023,2,0.989894,0.5,1,1,2.0,2,63.7,68.8,132.5,1,1,1,1
5024,1,0.999232,0.5,1,1,1.0,1,61.4,70.2,131.6,1,1,1,1
5025,3,0.989894,0.5,1,1,2.0,2,61.8,78.9,140.7,1,1,1,1
5026,2,0.989894,0.5,1,1,3.0,3,66.4,69.8,136.2,1,1,1,1
5027,1,0.989894,0.5,1,1,1.0,1,62.8,72.3,135.1,1,1,1,1
5028,2,0.999232,0.5,1,1,2.0,2,62.0,76.3,138.3,1,1,1,1
5029,0,0.177465,0.5,0,0,,0,68.5,0.0,68.5,1,1,1,1
5030,2,0.989894,0.5,1,1,2.0,2,61.5,70.6,132.1,1,1,1,1
5031,3,0.989894,0.5,1,1,2.0,2,60.1,72.2,132.3,1,1,1,1
5032,1,0.999232,0.5,1,1,1.0,1,72.4,72.1,144.5,1,1,1,1
5033,2,0.989894,0.5,1,1,3.0,3,61.6,71.0,132.6,1,1,1,1
5034,2,1.0,0.5,1,1,2.0,2,62.3,68.8,131.1,1,1,1,1
5035,0,0.0,0.5,0,0,,0,61.1,0.0,61.1,1,1,1,1
5036,2,0.989894,0.5,1,1,2.0,2,63.0,70.4,133.4,1,1,1,1
5037,2,0.989894,0.5,1,1,3.0,3,61.8,69.1,130.9,1,1,1,1
5038,0,0.0,0.5,0,0,,0,62.5,0.0,62.5,1,1,1,1
5039,0,0.177465,0.5,0,0,,0,64.9,0.0,64.9,1,1,1,1
5040,1,0.989894,0.5,1,1,1.0,1,63.1,111.9,175.0,1,1,1,1
5041,3,1.0,0.5,1,1,3.0,3,66.2,79.0,145.2,1,1,1,1
5042,2,0.989894,0.5,1,1,3.0,3,67.1,71.4,138.5,1,1,1,1
5043,0,0.0,0.5,0,0,,0,61.1,0.0,61.1,1,1,1,1
5044,2,1.0,0.5,1,1,3.0,3,61.0,68.2,129.2,1,1,1,1
5045,3,0.989894,0.5,1,1,2.0,2,74.8,71.7,146.5,1,1,1,1
5046,0,0.419355,0.5,0,0,,0,60.7,0.0,60.7,1,1,1,1
5047,0,0.0,0.5,0,0,,0,61.5,0.0,61.5,1,1,1,1
5048,3,0.989894,0.5,1,1,2.0,2,61.2,79.0,140.2,1,1,1,1
5049,3,0.989894,0.5,1,1,3.0,3,64.4,69.2,133.6,1,1,1,1
5050,3,0.989894,0.5,1,1,3.0,3,60.7,67.9,128.6,1,1,1,1
5051,0,0.989894,0.5,1,1,0.0,0,61.0,79.0,140.0,1,1,1,1
5052,0,0.989894,0.5,1,1,0.0,0,64.8,69.7,134.5,1,1,1,1
5053,1,1.0,0.5,1,1,1.0,1,62.9,69.2,132.1,1,1,1,1
5054,2,0.989894,0.5,1,1,2.0,2,60.8,68.8,129.6,1,1,1,1
5055,1,0.997497,0.5,1,1,1.0,1,73.3,73.6,146.9,1,1,1,1
5056,3,1.0,0.5,1,1,3.0,3,61.0,67.8,128.8,1,1,1,1
5057,2,1.0,0.5,1,1,3.0,3,61.7,69.3,131.0,1,1,1,1
5058,0,0.0,0.5,0,0,,0,70.2,0.0,70.2,1,1,1,1
5059,1,1.0,0.5,1,1,1.0,1,63.1,71.8,134.9,1,1,1,1
5060,0,0.0,0.5,0,0,,0,62.3,0.0,62.3,1,1,1,1
5061,3,0.989894,0.5,1,1,2.0,2,61.6,78.8,140.4,1,1,1,1
5062,2,0.989894,0.5,1,1,3.0,3,64.4,70.0,134.4,1,1,1,1
5063,0,0.177465,0.5,0,0,,0,62.6,0.0,62.6,1,1,1,1
5064,3,0.989894,0.5,1,1,2.0,2,61.2,77.0,138.2,1,1,1,1
5065,3,0.989894,0.5,1,1,2.0,2,66.8,72.0,138.8,1,1,1,1
5066,0,0.0,0.5,0,0,,0,61.5,0.0,61.5,1,1,1,1
5067,3,0.989894,0.5,1,1,2.0,2,61.1,71.4,132.5,1,1,1,1
5068,3,0.989894,0.5,1,1,3.0,3,71.8,70.7,142.5,1,1,1,1
5069,0,0.0,0.5,0,0,,0,64.2,0.0,64.2,1,1,1,1
5070,1,1.0,0.5,1,1,1.0,1,66.6,84.6,151.2,1,1,1,1
5071,0,0.0,0.5,0,0,,0,80.9,0.0,80.9,1,1,1,1
5072,0,0.0,0.5,0,0,,0,63.3,0.0,63.3,1,1,1,1
5073,1,1.0,0.5,1,1,1.0,1,62.4,69.7,132.1,1,1,1,1
5074,1,1.0,0.5,1,1,1.0,1,59.6,81.2,140.8,1,1,1,1
5075,2,0.999232,0.5,1,1,2.0,2,64.3,71.7,136.0,1,1,1,1
5076,3,0.989894,0.5,1,1,3.0,3,60.7,69.5,130.2,1,1,1,1
5077,3,0.989894,0.5,1,1,2.0,2,62.0,77.7,139.7,1,1,1,1
5078,0,0.0,0.5,0,0,,0,66.9,0.0,66.9,1,1,1,1
5079,1,0.999232,0.5,1,1,1.0,1,61.7,70.3,132.0,1,1,1,1
5080,3,0.999232,0.5,1,1,2.0,2,61.1,68.2,129.3,1,1,1,1
5081,3,0.989894,0.5,1,1,3.0,3,72.7,72.0,144.7,1,1,1,1
5082,3,0.989894,0.5,1,1,3.0,3,62.3,70.8,133.1,1,1,1,1
5083,2,0.989894,0.5,1,1,3.0,3,62.1,70.9,133.0,1,1,1,1
5084,0,0.0,0.5,0,0,,0,69.2,0.0,69.2,1,1,1,1
5085,3,0.999232,0.5,1,1,2.0,2,62.9,71.4,134.3,1,1,1,1
5086,3,0.989894,0.5,1,1,2.0,2,61.3,70.1,131.4,1,1,1,1
5087,2,1.0,0.5,1,1,2.0,2,59.4,78.3,137.7,1,1,1,1
5088,1,0.997497,0.5,1,1,1.0,1,62.9,71.8,134.7,1,1,1,1
5089,0,0.419355,0.5,0,0,,0,60.9,0.0,60.9,1,1,1,1
5090,2,0.989894,0.5,1,1,2.0,2,61.6,68.9,130.5,1,1,1,1
5091,2,0.989894,0.5,1,1,3.0,3,67.6,73.2,140.8,1,1,1,1
5092,2,1.0,0.5,1,1,2.0,2,60.7,67.9,128.6,1,1,1,1
5093,1,1.0,0.5,1,1,1.0,1,62.0,68.8,130.8,1,1,1,1
5094,2,1.0,0.5,1,1,3.0,3,71.2,72.3,143.5,1,1,1,1
5095,2,0.989894,0.5,1,1,3.0,3,61.8,69.9,131.7,1,1,1,1
5096,1,1.0,0.5,1,1,1.0,1,60.5,68.1,128.6,1,1,1,1
5097,0,0.0,0.5,0,0,,0,61.5,0.0,61.5,1,1,1,1
5098,0,0.0,0.5,0,0,,0,115.1,0.0,115.1,1,1,1,1
5099,2,0.989894,0.5,1,1,2.0,2,98.1,103.6,201.7,1,1,1,1
5100,0,0.0,0.5,0,0,,0,76.7,0.0,76.7,1,1,1,1
5101,1,0.999232,0.5,1,1,1.0,1,190.2,112.6,302.8,1,1,1,1
5102,3,0.989894,0.5,1,1,2.0,2,84.0,85.1,169.1,1,1,1,1
5103,3,0.989894,0.5,1,1,2.0,2,69.5,77.4,146.9,1,1,1,1
5104,3,0.989894,0.5,1,1,3.0,3,66.3,72.5,138.8,1,1,1,1
5105,2,0.999232,0.5,1,1,3.0,3,64.4,73.3,137.7,1,1,1,1
5106,3,0.989894,0.5,1,1,3.0,3,63.6,70.1,133.7,1,1,1,1
5107,0,0.0,0.5,0,0,,0,63.2,0.0,63.2,1,1,1,1
5108,1,0.989894,0.5,1,1,1.0,1,61.9,70.4,132.3,1,1,1,1
5109,2,0.989894,0.5,1,1,3.0,3,62.2,70.0,132.2,1,1,1,1
5110,3,0.989894,0.5,1,1,3.0,3,103.6,100.6,204.2,1,1,1,1
5111,2,0.989894,0.5,1,1,2.0,2,70.2,75.1,145.3,1,1,1,1
5112,1,0.989894,0.5,1,1,1.0,1,65.1,74.7,139.8,1,1,1,1
5113,2,1.0,0.5,1,1,2.0,2,76.5,79.7,156.2,1,1,1,1
5114,3,1.0,0.5,1,1,3.0,3,68.0,73.6,141.6,1,1,1,1
5115,0,0.0,0.5,0,0,,0,65.5,0.0,65.5,1,1,1,1
5116,0,0.177465,0.5,0,0,,0,81.2,0.0,81.2,1,1,1,1
5117,2,0.989894,0.5,1,1,3.0,3,71.2,73.5,144.7,1,1,1,1
5118,2,0.999232,0.5,1,1,3.0,3,66.7,74.0,140.7,1,1,1,1
5119,3,0.989894,0.5,1,1,2.0,2,65.4,84.2,149.6,1,1,1,1
5120,2,0.989894,0.5,1,1,2.0,2,69.4,75.3,144.7,1,1,1,1
5121,3,0.989894,0.5,1,1,3.0,3,65.4,74.9,140.3,1,1,1,1
5122,1,0.989894,0.5,1,1,1.0,1,63.6,75.1,138.7,1,1,1,1
5123,0,0.0,0.5,0,0,,0,74.9,0.0,74.9,1,1,1,1
5124,3,0.989894,0.5,1,1,3.0,3,65.0,72.1,137.1,1,1,1,1
5125,3,0.989894,0.5,1,1,2.0,2,63.7,71.7,135.4,1,1,1,1
5126,0,0.0,0.5,0,0,,0,73.7,0.0,73.7,1,1,1,1
5127,2,0.989894,0.5,1,1,2.0,2,64.4,71.8,136.2,1,1,1,1
5128,1,0.989894,0.5,1,1,1.0,1,64.3,69.4,133.7,1,1,1,1
5129,0,0.0,0.5,0,0,,0,62.2,0.0,62.2,1,1,1,1
5130,2,1.0,0.5,1,1,3.0,3,69.7,72.8,142.5,1,1,1,1
5131,1,0.999232,0.5,1,1,1.0,1,62.7,71.2,133.9,1,1,1,1
5132,3,0.989894,0.5,1,1,3.0,3,63.0,76.8,139.8,1,1,1,1
5133,0,0.0,0.5,0,0,,0,67.6,0.0,67.6,1,1,1,1
5134,3,1.0,0.5,1,1,3.0,3,63.1,72.0,135.1,1,1,1,1
5135,3,0.989894,0.5,1,1,1.0,1,62.8,72.0,134.8,1,1,1,1
5136,3,0.989894,0.5,1,1,2.0,2,81.5,84.9,166.4,1,1,1,1
5137,0,0.0,0.5,0,0,,0,124.5,0.0,124.5,1,1,1,1
5138,2,0.989894,0.5,1,1,3.0,3,99.5,95.0,194.5,1,1,1,1
5139,2,0.989894,0.5,1,1,2.0,2,75.9,82.8,158.7,1,1,1,1
5140,2,0.989894,0.5,1,1,3.0,3,70.4,77.5,147.9,1,1,1,1
5141,0,0.989894,0.5,1,1,0.0,0,69.8,75.9,145.7,1,1,1,1
5142,3,0.989894,0.5,1,1,2.0,2,68.4,75.1,143.5,1,1,1,1
5143,0,0.0,0.5,0,0,,0,66.2,0.0,66.2,1,1,1,1
5144,2,0.989894,0.5,1,1,2.0,2,68.4,75.3,143.7,1,1,1,1
5145,1,0.989894,0.5,1,1,1.0,1,69.7,74.4,144.1,1,1,1,1
5146,0,0.0,0.5,0,0,,0,65.2,0.0,65.2,1,1,1,1
5147,3,0.989894,0.5,1,1,2.0,2,70.0,76.5,146.5,1,1,1,1
5148,2,0.989894,0.5,1,1,2.0,2,64.8,72.9,137.7,1,1,1,1
5149,1,0.997497,0.5,1,1,1.0,1,66.1,72.5,138.6,1,1,1,1
5150,0,0.0,0.5,0,0,,0,63.7,0.0,63.7,1,1,1,1
5151,3,0.989894,0.5,1,1,2.0,2,65.3,74.0,139.3,1,1,1,1
5152,2,0.989894,0.5,1,1,3.0,3,63.3,74.3,137.6,1,1,1,1
5153,3,0.989894,0.5,1,1,3.0,3,66.8,73.8,140.6,1,1,1,1
5154,3,1.0,0.5,1,1,3.0,3,64.6,73.0,137.6,1,1,1,1
5155,3,0.999232,0.5,1,1,3.0,3,63.8,75.7,139.5,1,1,1,1
5156,2,0.989894,0.5,1,1,2.0,2,63.8,71.4,135.2,1,1,1,1
5157,2,0.999232,0.5,1,1,3.0,3,64.6,73.0,137.6,1,1,1,1
5158,2,0.989894,0.5,1,1,3.0,3,63.8,70.8,134.6,1,1,1,1
5159,3,0.997497,0.5,1,1,2.0,2,63.2,73.0,136.2,1,1,1,1
5160,0,0.0,0.5,0,0,,0,66.2,0.0,66.2,1,1,1,1
5161,1,0.997497,0.5,1,1,1.0,1,62.3,70.0,132.3,1,1,1,1
5162,1,0.989894,0.5,1,1,1.0,1,61.7,70.8,132.5,1,1,1,1
5163,1,0.989894,0.5,1,1,1.0,1,61.9,72.8,134.7,1,1,1,1
5164,3,0.989894,0.5,1,1,2.0,2,87.0,84.9,171.9,1,1,1,1
5165,0,0.0,0.5,0,0,,0,71.0,0.0,71.0,1,1,1,1
5166,3,0.989894,0.5,1,1,3.0,3,65.2,76.7,141.9,1,1,1,1
5167,0,0.0,0.5,0,0,,0,80.6,0.0,80.6,1,1,1,1
5168,3,0.989894,0.5,1,1,2.0,2,67.8,75.3,143.1,1,1,1,1
5169,3,0.989894,0.5,1,1,1.0,1,65.4,73.2,138.6,1,1,1,1
5170,3,0.989894,0.5,1,1,3.0,3,72.8,78.0,150.8,1,1,1,1
5171,3,0.989894,0.5,1,1,2.0,2,66.1,77.0,143.1,1,1,1,1
5172,0,0.0,0.5,0,0,,0,62.5,0.0,62.5,1,1,1,1
5173,3,1.0,0.5,1,1,3.0,3,62.7,79.8,142.5,1,1,1,1
5174,0,0.0,0.5,0,0,,0,66.0,0.0,66.0,1,1,1,1
5175,0,0.0,0.5,0,0,,0,62.0,0.0,62.0,1,1,1,1
5176,2,0.989894,0.5,1,1,3.0,3,61.8,72.8,134.6,1,1,1,1
5177,1,1.0,0.5,1,1,1.0,1,75.0,74.0,149.0,1,1,1,1
5178,2,1.0,0.5,1,1,2.0,2,63.9,71.2,135.1,1,1,1,1
5179,1,1.0,0.5,1,1,1.0,1,62.0,71.1,133.1,1,1,1,1
5180,1,0.999232,0.5,1,1,1.0,1,72.5,72.7,145.2,1,1,1,1
5181,0,0.0,0.5,0,0,,0,64.4,0.0,64.4,1,1,1,1
5182,2,1.0,0.5,1,1,3.0,3,62.2,69.8,132.0,1,1,1,1
5183,3,1.0,0.5,1,1,3.0,3,62.3,84.1,146.4,1,1,1,1
5184,3,0.989894,0.5,1,1,3.0,3,66.8,71.6,138.4,1,1,1,1
5185,0,0.0,0.5,0,0,,0,64.5,0.0,64.5,1,1,1,1
5186,0,0.0,0.5,0,0,,0,62.2,0.0,62.2,1,1,1,1
5187,3,0.989894,0.5,1,1,2.0,2,70.0,71.6,141.6,1,1,1,1
5188,2,0.989894,0.5,1,1,2.0,2,60.6,69.1,129.7,1,1,1,1
5189,2,0.989894,0.5,1,1,2.0,2,62.4,70.5,132.9,1,1,1,1
5190,2,0.989894,0.5,1,1,3.0,3,73.1,71.8,144.9,1,1,1,1
5191,1,0.997497,0.5,1,1,1.0,1,62.3,68.6,130.9,1,1,1,1
5192,1,1.0,0.5,1,1,1.0,1,60.4,67.7,128.1,1,1,1,1
5193,0,0.0,0.5,0,0,,0,60.9,0.0,60.9,1,1,1,1
5194,0,0.0,0.5,0,0,,0,62.4,0.0,62.4,1,1,1,1
5195,1,1.0,0.5,1,1,1.0,1,60.3,68.5,128.8,1,1,1,1
5196,2,0.989894,0.5,1,1,3.0,3,60.8,75.6,136.4,1,1,1,1
5197,0,0.0,0.5,0,0,,0,66.6,0.0,66.6,1,1,1,1
5198,0,0.0,0.5,0,0,,0,61.9,0.0,61.9,1,1,1,1
5199,2,0.989894,0.5,1,1,3.0,3,67.8,70.0,137.8,1,1,1,1
5200,2,0.989894,0.5,1,1,2.0,2,76.1,71.9,148.0,1,1,1,1
5201,1,0.997497,0.5,1,1,1.0,1,63.3,71.2,134.5,1,1,1,1
5202,3,0.989894,0.5,1,1,2.0,2,60.6,70.3,130.9,1,1,1,1
5203,2,0.989894,0.5,1,1,2.0,2,70.6,73.1,143.7,1,1,1,1
5204,3,0.989894,0.5,1,1,3.0,3,61.3,70.4,131.7,1,1,1,1
5205,2,0.999232,0.5,1,1,2.0,2,62.9,69.5,132.4,1,1,1,1
5206,2,0.989894,0.5,1,1,2.0,2,61.0,82.0,143.0,1,1,1,1
5207,0,0.0,0.5,0,0,,0,64.0,0.0,64.0,1,1,1,1
5208,1,1.0,0.5,1,1,1.0,1,171.0,180.3,351.3,1,1,1,1
5209,0,0.0,0.5,0,0,,0,111.6,0.0,111.6,1,1,1,1
5210,1,0.999232,0.5,1,1,1.0,1,71.8,77.0,148.8,1,1,1,1
5211,1,1.0,0.5,1,1,1.0,1,87.2,87.9,175.1,1,1,1,1
5212,0,0.0,0.5,0,0,,0,77.4,0.0,77.4,1,1,1,1
5213,0,0.0,0.5,0,0,,0,64.7,0.0,64.7,1,1,1,1
5214,2,0.989894,0.5,1,1,3.0,3,61.6,74.4,136.0,1,1,1,1
5215,1,0.989894,0.5,1,1,1.0,1,62.1,69.9,132.0,1,1,1,1
5216,2,0.989894,0.5,1,1,2.0,2,82.3,100.3,182.6,1,1,1,1
5217,3,0.989894,0.5,1,1,3.0,3,73.9,74.1,148.0,1,1,1,1
5218,1,1.0,0.5,1,1,1.0,1,62.7,71.9,134.6,1,1,1,1
5219,2,1.0,0.5,1,1,2.0,2,62.7,71.4,134.1,1,1,1,1
5220,1,1.0,0.5,1,1,1.0,1,62.4,68.2,130.6,1,1,1,1
5221,0,0.0,0.5,0,0,,0,63.0,0.0,63.0,1,1,1,1
5222,3,0.989894,0.5,1,1,2.0,2,61.9,69.1,131.0,1,1,1,1
5223,2,0.989894,0.5,1,1,2.0,2,61.5,69.4,130.9,1,1,1,1
5224,0,0.0,0.5,0,0,,0,60.7,0.0,60.7,1,1,1,1
5225,0,0.0,0.5,0,0,,0,62.3,0.0,62.3,1,1,1,1
5226,3,0.989894,0.5,1,1,3.0,3,63.2,68.8,132.0,1,1,1,1
5227,2,0.989894,0.5,1,1,2.0,2,80.9,73.4,154.3,1,1,1,1
5228,0,0.0,0.5,0,0,,0,64.2,0.0,64.2,1,1,1,1
5229,0,0.0,0.5,0,0,,0,61.8,0.0,61.8,1,1,1,1
5230,3,0.989894,0.5,1,1,2.0,2,73.4,75.1,148.5,1,1,1,1
5231,2,0.989894,0.5,1,1,3.0,3,64.0,71.0,135.0,1,1,1,1
5232,2,1.0,0.5,1,1,3.0,3,61.0,68.9,129.9,1,1,1,1
5233,1,1.0,0.5,1,1,1.0,1,62.4,80.8,143.2,1,1,1,1
5234,2,0.989894,0.5,1,1,2.0,2,64.8,68.6,133.4,1,1,1,1
5235,3,0.989894,0.5,1,1,3.0,3,62.3,70.0,132.3,1,1,1,1
5236,3,0.999232,0.5,1,1,2.0,2,60.9,75.9,136.8,1,1,1,1
5237,0,0.0,0.5,0,0,,0,67.3,0.0,67.3,1,1,1,1
5238,2,0.989894,0.5,1,1,2.0,2,62.3,71.4,133.7,1,1,1,1
5239,2,0.989894,0.5,1,1,3.0,3,61.6,69.3,130.9,1,1,1,1
5240,2,0.989894,0.5,1,1,2.0,2,72.7,72.7,145.4,1,1,1,1
5241,0,0.0,0.5,0,0,,0,61.0,0.0,61.0,1,1,1,1
5242,2,0.989894,0.5,1,1,3.0,3,78.9,75.3,154.2,1,1,1,1
5243,1,0.419355,0.5,0,0,,0,80.2,0.0,80.2,1,1,1,1
5244,1,1.0,0.5,1,1,1.0,1,64.0,69.4,133.4,1,1,1,1
5245,3,1.0,0.5,1,1,3.0,3,61.8,70.2,132.0,1,1,1,1
5246,0,0.177465,0.5,0,0,,0,74.4,0.0,74.4,1,1,1,1
5247,2,0.989894,0.5,1,1,3.0,3,62.8,70.3,133.1,1,1,1,1
5248,2,0.989894,0.5,1,1,2.0,2,61.5,67.9,129.4,1,1,1,1
5249,3,0.989894,0.5,1,1,3.0,3,61.4,81.2,142.6,1,1,1,1
5250,1,1.0,0.5,1,1,1.0,1,64.7,69.6,134.3,1,1,1,1
5251,2,1.0,0.5,1,1,3.0,3,61.9,70.8,132.7,1,1,1,1
5252,2,0.989894,0.5,1,1,3.0,3,61.6,78.6,140.2,1,1,1,1
5253,0,0.0,0.5,0,0,,0,68.1,0.0,68.1,1,1,1,1
5254,3,0.989894,0.5,1,1,2.0,2,63.1,71.3,134.4,1,1,1,1
5255,0,0.0,0.5,0,0,,0,62.3,0.0,62.3,1,1,1,1
5256,0,0.0,0.5,0,0,,0,73.4,0.0,73.4,1,1,1,1
5257,3,0.989894,0.5,1,1,3.0,3,62.3,69.9,132.2,1,1,1,1
5258,2,0.989894,0.5,1,1,3.0,3,61.9,67.7,129.6,1,1,1,1
5259,1,0.999232,0.5,1,1,1.0,1,72.9,72.9,145.8,1,1,1,1
5260,2,0.989894,0.5,1,1,3.0,3,61.8,68.4,130.2,1,1,1,1
5261,1,1.0,0.5,1,1,1.0,1,62.5,69.2,131.7,1,1,1,1
5262,2,0.999232,0.5,1,1,3.0,3,60.6,80.4,141.0,1,1,1,1
5263,2,0.989894,0.5,1,1,2.0,2,64.0,69.8,133.8,1,1,1,1
5264,3,0.989894,0.5,1,1,2.0,2,62.6,68.9,131.5,1,1,1,1
5265,2,0.989894,0.5,1,1,2.0,2,60.9,76.7,137.6,1,1,1,1
5266,0,0.0,0.5,0,0,,0,67.2,0.0,67.2,1,1,1,1
5267,1,0.513514,0.5,1,1,1.0,1,61.6,70.5,132.1,1,1,1,1
5268,0,0.0,0.5,0,0,,0,61.6,0.0,61.6,1,1,1,1
5269,3,0.989894,0.5,1,1,3.0,3,73.9,72.1,146.0,1,1,1,1
5270,3,0.999232,0.5,1,1,3.0,3,61.8,70.4,132.2,1,1,1,1
5271,0,0.989894,0.5,1,1,0.0,0,60.9,70.2,131.1,1,1,1,1
5272,1,1.0,0.5,1,1,1.0,1,61.0,78.3,139.3,1,1,1,1
5273,3,0.989894,0.5,1,1,2.0,2,67.8,69.5,137.3,1,1,1,1
5274,0,0.0,0.5,0,0,,0,61.8,0.0,61.8,1,1,1,1
5275,2,0.989894,0.5,1,1,2.0,2,60.5,82.6,143.1,1,1,1,1
5276,3,0.989894,0.5,1,1,3.0,3,64.3,70.6,134.9,1,1,1,1
5277,2,0.989894,0.5,1,1,2.0,2,62.5,68.0,130.5,1,1,1,1
5278,2,0.999232,0.5,1,1,2.0,2,61.9,67.1,129.0,1,1,1,1
5279,0,0.0,0.5,0,0,,0,66.0,0.0,66.0,1,1,1,1
5280,0,0.0,0.5,0,0,,0,62.4,0.0,62.4,1,1,1,1
5281,3,1.0,0.5,1,1,2.0,2,60.5,69.8,130.3,1,1,1,1
5282,3,0.989894,0.5,1,1,2.0,2,70.8,72.2,143.0,1,1,1,1
5283,0,0.0,0.5,0,0,,0,62.4,0.0,62.4,1,1,1,1
5284,2,1.0,0.5,1,1,2.0,2,61.9,69.8,131.7,1,1,1,1
5285,0,0.0,0.5,0,0,,0,61.3,0.0,61.3,1,1,1,1
5286,1,0.997497,0.5,1,1,1.0,1,63.6,69.8,133.4,1,1,1,1
5287,3,1.0,0.5,1,1,2.0,2,59.0,69.1,128.1,1,1,1,1
5288,3,0.989894,0.5,1,1,3.0,3,61.1,75.2,136.3,1,1,1,1
5289,2,1.0,0.5,1,1,3.0,3,66.7,70.1,136.8,1,1,1,1
5290,3,0.989894,0.5,1,1,3.0,3,62.9,69.3,132.2,1,1,1,1
5291,1,1.0,0.5,1,1,1.0,1,60.5,71.7,132.2,1,1,1,1
5292,3,0.989894,0.5,1,1,2.0,2,72.3,70.5,142.8,1,1,1,1
5293,0,0.0,0.5,0,0,,0,62.6,0.0,62.6,1,1,1,1
5294,2,0.989894,0.5,1,1,3.0,3,60.7,67.9,128.6,1,1,1,1
5295,2,0.989894,0.5,1,1,2.0,2,62.2,79.8,142.0,1,1,1,1
5296,2,0.989894,0.5,1,1,3.0,3,64.4,70.5,134.9,1,1,1,1
5297,0,0.177465,0.5,0,0,,0,61.9,0.0,61.9,1,1,1,1
5298,1,0.997497,0.5,1,1,1.0,1,60.6,76.0,136.6,1,1,1,1
5299,2,0.989894,0.5,1,1,2.0,2,65.4,71.5,136.9,1,1,1,1
5300,3,0.989894,0.5,1,1,2.0,2,62.9,68.8,131.7,1,1,1,1
5301,1,1.0,0.5,1,1,1.0,1,61.6,68.3,129.9,1,1,1,1
5302,2,0.999232,0.5,1,1,2.0,2,72.3,71.9,144.2,1,1,1,1
5303,2,0.999232,0.5,1,1,2.0,2,61.8,68.9,130.7,1,1,1,1
5304,1,1.0,0.5,1,1,1.0,1,61.5,69.0,130.5,1,1,1,1
5305,2,0.989894,0.5,1,1,2.0,2,70.2,72.3,142.5,1,1,1,1
5306,1,1.0,0.5,1,1,1.0,1,61.9,69.9,131.8,1,1,1,1
5307,0,0.0,0.5,0,0,,0,61.9,0.0,61.9,1,1,1,1
5308,2,0.989894,0.5,1,1,3.0,3,60.7,76.5,137.2,1,1,1,1
5309,0,0.0,0.5,0,0,,0,65.3,0.0,65.3,1,1,1,1
5310,1,0.989894,0.5,1,1,1.0,1,60.4,69.1,129.5,1,1,1,1
5311,0,0.0,0.5,0,0,,0,60.1,0.0,60.1,1,1,1,1
5312,0,0.0,0.5,0,0,,0,72.1,0.0,72.1,1,1,1,1
5313,2,0.989894,0.5,1,1,3.0,3,61.5,69.0,130.5,1,1,1,1
5314,3,0.989894,0.5,1,1,2.0,2,61.7,69.8,131.5,1,1,1,1
5315,0,0.0,0.5,0,0,,0,71.1,0.0,71.1,1,1,1,1
5316,2,0.989894,0.5,1,1,3.0,3,62.2,68.7,130.9,1,1,1,1
5317,0,0.0,0.5,0,0,,0,62.6,0.0,62.6,1,1,1,1
5318,0,0.0,0.5,0,0,,0,60.6,0.0,60.6,1,1,1,1
5319,3,0.989894,0.5,1,1,2.0,2,63.9,70.3,134.2,1,1,1,1
5320,2,0.989894,0.5,1,1,2.0,2,60.5,82.1,142.6,1,1,1,1
5321,2,0.999232,0.5,1,1,2.0,2,64.0,77.7,141.7,1,1,1,1
5322,0,0.0,0.5,0,0,,0,66.8,0.0,66.8,1,1,1,1
5323,3,1.0,0.5,1,1,3.0,3,62.4,68.7,131.1,1,1,1,1
5324,3,0.989894,0.5,1,1,2.0,2,60.4,73.6,134.0,1,1,1,1
5325,3,0.989894,0.5,1,1,3.0,3,85.8,77.7,163.5,1,1,1,1
5326,2,0.989894,0.5,1,1,3.0,3,74.8,87.5,162.3,1,1,1,1
5327,2,0.989894,0.5,1,1,2.0,2,85.4,100.0,185.4,1,1,1,1
5328,1,1.0,0.5,1,1,1.0,1,83.9,91.5,175.4,1,1,1,1
5329,0,0.0,0.5,0,0,,0,134.4,0.0,134.4,1,1,1,1
5330,2,0.989894,0.5,1,1,2.0,2,81.3,82.2,163.5,1,1,1,1
5331,3,0.989894,0.5,1,1,3.0,3,65.5,75.3,140.8,1,1,1,1
5332,0,0.0,0.5,0,0,,0,63.4,0.0,63.4,1,1,1,1
5333,2,0.989894,0.5,1,1,3.0,3,75.2,73.7,148.9,1,1,1,1
5334,2,0.989894,0.5,1,1,2.0,2,70.0,72.0,142.0,1,1,1,1
5335,3,0.989894,0.5,1,1,3.0,3,63.2,80.1,143.3,1,1,1,1
5336,3,0.989894,0.5,1,1,2.0,2,67.0,71.9,138.9,1,1,1,1
5337,2,0.989894,0.5,1,1,2.0,2,68.7,71.9,140.6,1,1,1,1
5338,2,0.989894,0.5,1,1,2.0,2,63.8,70.3,134.1,1,1,1,1
5339,0,0.0,0.5,0,0,,0,79.1,0.0,79.1,1,1,1,1
5340,0,0.0,0.5,0,0,,0,63.9,0.0,63.9,1,1,1,1
5341,2,0.989894,0.5,1,1,3.0,3,62.7,75.1,137.8,1,1,1,1
5342,0,0.0,0.5,0,0,,0,79.1,0.0,79.1,1,1,1,1
5343,3,1.0,0.5,1,1,3.0,3,64.1,70.0,134.1,1,1,1,1
5344,2,0.989894,0.5,1,1,2.0,2,70.1,74.6,144.7,1,1,1,1
5345,1,0.997497,0.5,1,1,1.0,1,80.8,78.0,158.8,1,1,1,1
5346,3,1.0,0.5,1,1,2.0,2,73.6,70.2,143.8,1,1,1,1
5347,3,0.989894,0.5,1,1,2.0,2,60.4,71.4,131.8,1,1,1,1
5348,3,0.989894,0.5,1,1,3.0,3,68.3,75.9,144.2,1,1,1,1
5349,0,0.0,0.5,0,0,,0,65.1,0.0,65.1,1,1,1,1
5350,0,0.0,0.5,0,0,,0,62.0,0.0,62.0,1,1,1,1
5351,2,0.989894,0.5,1,1,3.0,3,62.1,79.1,141.2,1,1,1,1
5352,2,0.989894,0.5,1,1,3.0,3,63.3,72.0,135.3,1,1,1,1
5353,1,0.999232,0.5,1,1,1.0,1,63.1,68.7,131.8,1,1,1,1
5354,1,1.0,0.5,1,1,1.0,1,61.6,81.3,142.9,1,1,1,1
5355,1,1.0,0.5,1,1,1.0,1,67.8,78.4,146.2,1,1,1,1
5356,0,0.0,0.5,0,0,,0,64.5,0.0,64.5,1,1,1,1
5357,0,0.0,0.5,0,0,,0,62.1,0.0,62.1,1,1,1,1
5358,3,0.989894,0.5,1,1,2.0,2,72.7,72.4,145.1,1,1,1,1
5359,2,0.989894,0.5,1,1,2.0,2,60.9,71.9,132.8,1,1,1,1
5360,3,0.989894,0.5,1,1,2.0,2,60.9,69.6,130.5,1,1,1,1
5361,0,0.0,0.5,0,0,,0,66.8,0.0,66.8,1,1,1,1
5362,1,1.0,0.5,1,1,1.0,1,62.5,68.9,131.4,1,1,1,1
5363,1,0.419355,0.5,0,0,,0,60.3,0.0,60.3,1,1,1,1
5364,2,0.989894,0.5,1,1,3.0,3,59.4,77.9,137.3,1,1,1,1
5365,0,0.0,0.5,0,0,,0,66.5,0.0,66.5,1,1,1,1
5366,0,0.0,0.5,0,0,,0,61.0,0.0,61.0,1,1,1,1
5367,1,0.997497,0.5,1,1,1.0,1,60.6,67.8,128.4,1,1,1,1
5368,0,0.177465,0.5,0,0,,0,72.0,0.0,72.0,1,1,1,1
5369,2,0.989894,0.5,1,1,2.0,2,61.5,68.8,130.3,1,1,1,1
5370,3,0.989894,0.5,1,1,2.0,2,59.6,69.3,128.9,1,1,1,1
5371,1,1.0,0.5,1,1,1.0,1,68.0,73.8,141.8,1,1,1,1
5372,2,0.989894,0.5,1,1,3.0,3,63.8,68.6,132.4,1,1,1,1
5373,0,0.0,0.5,0,0,,0,64.1,0.0,64.1,1,1,1,1
5374,0,0.0,0.5,0,0,,0,60.2,0.0,60.2,1,1,1,1
5375,3,1.0,0.5,1,1,3.0,3,64.4,71.5,135.9,1,1,1,1
5376,3,1.0,0.5,1,1,2.0,2,62.3,69.7,132.0,1,1,1,1
5377,3,0.989894,0.5,1,1,3.0,3,61.6,68.3,129.9,1,1,1,1
5378,0,0.0,0.5,0,0,,0,72.7,0.0,72.7,1,1,1,1
5379,3,0.989894,0.5,1,1,2.0,2,60.1,69.9,130.0,1,1,1,1
5380,3,0.989894,0.5,1,1,2.0,2,60.7,69.4,130.1,1,1,1,1
5381,1,1.0,0.5,1,1,1.0,1,69.1,71.3,140.4,1,1,1,1
5382,2,0.989894,0.5,1,1,3.0,3,60.6,67.9,128.5,1,1,1,1
5383,3,0.989894,0.5,1,1,3.0,3,60.4,70.4,130.8,1,1,1,1
5384,2,0.989894,0.5,1,1,3.0,3,60.7,79.0,139.7,1,1,1,1
5385,2,0.999232,0.5,1,1,3.0,3,65.1,71.5,136.6,1,1,1,1
5386,2,0.997497,0.5,1,1,2.0,2,61.4,69.8,131.2,1,1,1,1
5387,2,0.989894,0.5,1,1,3.0,3,60.0,73.7,133.7,1,1,1,1
5388,1,0.989894,0.5,1,1,1.0,1,67.5,69.6,137.1,1,1,1,1
5389,1,1.0,0.5,1,1,1.0,1,62.6,70.1,132.7,1,1,1,1
5390,2,0.999232,0.5,1,1,2.0,2,61.6,67.4,129.0,1,1,1,1
5391,1,1.0,0.5,1,1,1.0,1,71.5,72.8,144.3,1,1,1,1
5392,1,1.0,0.5,1,1,1.0,1,61.3,68.5,129.8,1,1,1,1
5393,2,0.989894,0.5,1,1,2.0,2,62.0,68.4,130.4,1,1,1,1
5394,2,0.999232,0.5,1,1,2.0,2,59.9,78.9,138.8,1,1,1,1
5395,0,0.0,0.5,0,0,,0,64.0,0.0,64.0,1,1,1,1
5396,1,0.989894,0.5,1,1,1.0,1,60.1,68.6,128.7,1,1,1,1
5397,1,0.997497,0.5,1,1,1.0,1,62.2,77.6,139.8,1,1,1,1
5398,3,0.999232,0.5,1,1,2.0,2,66.3,71.0,137.3,1,1,1,1
5399,0,0.0,0.5,0,0,,0,61.1,0.0,61.1,1,1,1,1
5400,2,1.0,0.5,1,1,3.0,3,61.2,68.4,129.6,1,1,1,1
5401,3,1.0,0.5,1,1,2.0,2,73.3,71.2,144.5,1,1,1,1
5402,2,0.989894,0.5,1,1,2.0,2,60.6,68.2,128.8,1,1,1,1
5403,3,0.989894,0.5,1,1,2.0,2,59.6,70.9,130.5,1,1,1,1
5404,3,0.989894,0.5,1,1,2.0,2,60.0,80.7,140.7,1,1,1,1
5405,2,0.989894,0.5,1,1,2.0,2,65.1,71.6,136.7,1,1,1,1
5406,3,0.999232,0.5,1,1,2.0,2,60.9,68.7,129.6,1,1,1,1
5407,0,0.177465,0.5,0,0,,0,59.2,0.0,59.2,1,1,1,1
5408,2,0.989894,0.5,1,1,2.0,2,66.1,69.3,135.4,1,1,1,1
5409,1,0.989894,0.5,1,1,1.0,1,61.7,69.4,131.1,1,1,1,1
5410,3,0.989894,0.5,1,1,3.0,3,60.5,69.2,129.7,1,1,1,1
5411,0,0.0,0.5,0,0,,0,72.3,0.0,72.3,1,1,1,1
5412,1,0.997497,0.5,1,1,1.0,1,62.1,67.0,129.1,1,1,1,1
5413,0,0.0,0.5,0,0,,0,61.6,0.0,61.6,1,1,1,1
5414,3,0.989894,0.5,1,1,3.0,3,65.6,75.3,140.9,1,1,1,1
5415,1,1.0,0.5,1,1,1.0,1,64.4,71.5,135.9,1,1,1,1
5416,0,0.0,0.5,0,0,,0,61.1,0.0,61.1,1,1,1,1
5417,2,0.989894,0.5,1,1,2.0,2,61.8,79.2,141.0,1,1,1,1
5418,0,0.419355,0.5,0,0,,0,65.2,0.0,65.2,1,1,1,1
5419,1,1.0,0.5,1,1,1.0,1,61.8,69.0,130.8,1,1,1,1
5420,2,0.989894,0.5,1,1,3.0,3,61.8,67.8,129.6,1,1,1,1
5421,2,0.999232,0.5,1,1,3.0,3,73.2,71.2,144.4,1,1,1,1
5422,1,1.0,0.5,1,1,1.0,1,61.4,69.1,130.5,1,1,1,1
5423,3,0.989894,0.5,1,1,3.0,3,60.5,70.0,130.5,1,1,1,1
5424,1,1.0,0.5,1,1,1.0,1,68.9,72.9,141.8,1,1,1,1
5425,1,1.0,0.5,1,1,1.0,1,62.4,68.4,130.8,1,1,1,1
5426,0,0.0,0.5,0,0,,0,61.9,0.0,61.9,1,1,1,1
5427,1,1.0,0.5,1,1,1.0,1,61.9,80.2,142.1,1,1,1,1
5428,0,0.0,0.5,0,0,,0,64.9,0.0,64.9,1,1,1,1
5429,3,0.999232,0.5,1,1,2.0,2,62.4,69.8,132.2,1,1,1,1
5430,0,0.0,0.5,0,0,,0,60.3,0.0,60.3,1,1,1,1
5431,3,0.989894,0.5,1,1,3.0,3,66.9,71.6,138.5,1,1,1,1
5432,0,0.0,0.5,0,0,,0,62.1,0.0,62.1,1,1,1,1
5433,0,0.0,0.5,0,0,,0,65.0,0.0,65.0,1,1,1,1
5434,3,0.989894,0.5,1,1,2.0,2,71.5,71.6,143.1,1,1,1,1
5435,3,0.989894,0.5,1,1,2.0,2,62.5,68.6,131.1,1,1,1,1
5436,3,0.989894,0.5,1,1,2.0,2,60.5,67.7,128.2,1,1,1,1
5437,3,0.989894,0.5,1,1,2.0,2,60.5,79.9,140.4,1,1,1,1
5438,0,0.0,0.5,0,0,,0,64.7,0.0,64.7,1,1,1,1
5439,2,0.989894,0.5,1,1,3.0,3,60.6,69.8,130.4,1,1,1,1
5440,0,0.0,0.5,0,0,,0,76.5,0.0,76.5,1,1,1,1
5441,1,0.989894,0.5,1,1,1.0,1,69.1,179.1,248.2,1,1,1,1
5442,3,0.989894,0.5,1,1,3.0,3,107.4,83.5,190.9,1,1,1,1
5443,3,0.989894,0.5,1,1,2.0,2,112.4,316.7,429.1,1,1,1,1
5444,0,0.0,0.5,0,0,,0,144.7,0.0,144.7,1,1,1,1
5445,1,1.0,0.5,1,1,1.0,1,88.4,98.5,186.9,1,1,1,1
5446,2,0.997497,0.5,1,1,2.0,2,76.0,80.1,156.1,1,1,1,1
5447,0,0.0,0.5,0,0,,0,69.6,0.0,69.6,1,1,1,1
5448,3,0.989894,0.5,1,1,3.0,3,64.5,73.5,138.0,1,1,1,1
5449,2,0.989894,0.5,1,1,3.0,3,97.1,79.3,176.4,1,1,1,1
5450,2,0.997497,0.5,1,1,0.0,0,65.4,72.9,138.3,1,1,1,1
5451,2,0.997497,0.5,1,1,2.0,2,64.7,72.2,136.9,1,1,1,1
5452,1,1.0,0.5,1,1,1.0,1,63.7,71.1,134.8,1,1,1,1
5453,0,0.177465,0.5,0,0,,0,64.4,0.0,64.4,1,1,1,1
5454,1,0.989894,0.5,1,1,1.0,1,63.9,71.5,135.4,1,1,1,1
5455,3,0.989894,0.5,1,1,2.0,2,65.9,73.9,139.8,1,1,1,1
5456,2,0.989894,0.5,1,1,3.0,3,64.9,72.3,137.2,1,1,1,1
5457,0,0.0,0.5,0,0,,0,64.1,0.0,64.1,1,1,1,1
5458,3,0.989894,0.5,1,1,2.0,2,61.6,71.0,132.6,1,1,1,1
5459,2,0.989894,0.5,1,1,2.0,2,64.2,72.6,136.8,1,1,1,1
5460,3,0.989894,0.5,1,1,2.0,2,62.7,71.1,133.8,1,1,1,1
5461,3,0.989894,0.5,1,1,3.0,3,64.0,85.9,149.9,1,1,1,1
5462,0,0.0,0.5,0,0,,0,71.1,0.0,71.1,1,1,1,1
5463,3,0.989894,0.5,1,1,3.0,3,65.5,74.2,139.7,1,1,1,1
5464,3,0.989894,0.5,1,1,3.0,3,62.5,71.7,134.2,1,1,1,1
5465,0,0.0,0.5,0,0,,0,83.0,0.0,83.0,1,1,1,1
5466,0,0.0,0.5,0,0,,0,63.6,0.0,63.6,1,1,1,1
5467,1,0.989894,0.5,1,1,1.0,1,64.6,71.5,136.1,1,1,1,1
5468,0,0.0,0.5,0,0,,0,75.1,0.0,75.1,1,1,1,1
5469,0,0.0,0.5,0,0,,0,66.2,0.0,66.2,1,1,1,1
5470,3,0.989894,0.5,1,1,2.0,2,62.4,68.7,131.1,1,1,1,1
5471,0,0.0,0.5,0,0,,0,62.3,0.0,62.3,1,1,1,1
5472,3,0.989894,0.5,1,1,3.0,3,64.9,69.9,134.8,1,1,1,1
5473,2,0.989894,0.5,1,1,2.0,2,62.8,69.1,131.9,1,1,1,1
5474,2,1.0,0.5,1,1,2.0,2,62.5,80.0,142.5,1,1,1,1
5475,1,1.0,0.5,1,1,1.0,1,65.1,75.5,140.6,1,1,1,1
5476,2,0.989894,0.5,1,1,3.0,3,62.8,69.9,132.7,1,1,1,1
5477,3,0.989894,0.5,1,1,3.0,3,62.0,78.3,140.3,1,1,1,1
5478,3,0.989894,0.5,1,1,2.0,2,66.2,72.2,138.4,1,1,1,1
5479,0,0.0,0.5,0,0,,0,62.1,0.0,62.1,1,1,1,1
5480,2,0.989894,0.5,1,1,3.0,3,62.0,69.6,131.6,1,1,1,1
5481,2,0.989894,0.5,1,1,3.0,3,74.3,71.0,145.3,1,1,1,1
5482,1,1.0,0.5,1,1,1.0,1,61.6,68.4,130.0,1,1,1,1
5483,0,0.0,0.5,0,0,,0,61.3,0.0,61.3,1,1,1,1
5484,1,0.997497,0.5,1,1,1.0,1,60.7,80.9,141.6,1,1,1,1
5485,2,0.989894,0.5,1,1,3.0,3,65.9,69.3,135.2,1,1,1,1
5486,0,0.0,0.5,0,0,,0,62.1,0.0,62.1,1,1,1,1
5487,2,0.997497,0.5,1,1,2.0,2,60.5,80.7,141.2,1,1,1,1
5488,2,0.989894,0.5,1,1,2.0,2,66.5,70.3,136.8,1,1,1,1
5489,3,0.989894,0.5,1,1,3.0,3,63.4,68.9,132.3,1,1,1,1
5490,1,1.0,0.5,1,1,1.0,1,60.3,67.3,127.6,1,1,1,1
5491,0,0.0,0.5,0,0,,0,72.7,0.0,72.7,1,1,1,1
5492,0,0.0,0.5,0,0,,0,63.0,0.0,63.0,1,1,1,1
5493,2,0.997497,0.5,1,1,2.0,2,61.1,68.5,129.6,1,1,1,1
5494,1,0.999232,0.5,1,1,1.0,1,70.1,74.7,144.8,1,1,1,1
5495,1,0.997497,0.5,1,1,1.0,1,62.5,70.1,132.6,1,1,1,1
5496,3,0.989894,0.5,1,1,3.0,3,60.7,69.0,129.7,1,1,1,1
5497,1,0.989894,0.5,1,1,1.0,1,62.6,80.8,143.4,1,1,1,1
5498,0,0.0,0.5,0,0,,0,64.4,0.0,64.4,1,1,1,1
5499,3,0.989894,0.5,1,1,3.0,3,61.1,69.5,130.6,1,1,1,1
5500,0,0.0,0.5,0,0,,0,61.1,0.0,61.1,1,1,1,1
5501,3,0.989894,0.5,1,1,3.0,3,67.8,71.4,139.2,1,1,1,1
5502,0,0.0,0.5,0,0,,0,61.5,0.0,61.5,1,1,1,1
5503,1,1.0,0.5,1,1,1.0,1,60.7,70.2,130.9,1,1,1,1
5504,2,0.989894,0.5,1,1,3.0,3,72.7,73.0,145.7,1,1,1,1
5505,2,0.989894,0.5,1,1,2.0,2,61.4,71.7,133.1,1,1,1,1
5506,1,0.997497,0.5,1,1,1.0,1,60.4,67.2,127.6,1,1,1,1
5507,1,0.513514,0.5,1,1,1.0,1,61.7,82.7,144.4,1,1,1,1
5508,1,1.0,0.5,1,1,1.0,1,65.8,70.2,136.0,1,1,1,1
5509,0,0.513514,0.5,1,1,0.0,0,62.0,69.8,131.8,1,1,1,1
5510,2,0.999232,0.5,1,1,3.0,3,60.8,76.9,137.7,1,1,1,1
5511,1,1.0,0.5,1,1,1.0,1,67.4,70.3,137.7,1,1,1,1
5512,2,0.989894,0.5,1,1,2.0,2,61.5,69.6,131.1,1,1,1,1
5513,3,0.989894,0.5,1,1,2.0,2,60.9,69.5,130.4,1,1,1,1
5514,0,0.0,0.5,0,0,,0,72.1,0.0,72.1,1,1,1,1
5515,1,1.0,0.5,1,1,1.0,1,62.1,70.9,133.0,1,1,1,1
5516,2,0.989894,0.5,1,1,2.0,2,62.3,68.3,130.6,1,1,1,1
5517,0,0.0,0.5,0,0,,0,70.2,0.0,70.2,1,1,1,1
5518,1,0.997497,0.5,1,1,1.0,1,63.0,68.8,131.8,1,1,1,1
5519,1,0.989894,0.5,1,1,1.0,1,61.1,72.3,133.4,1,1,1,1
5520,2,0.989894,0.5,1,1,3.0,3,61.1,80.1,141.2,1,1,1,1
5521,3,0.989894,0.5,1,1,3.0,3,65.7,69.0,134.7,1,1,1,1
5522,1,1.0,0.5,1,1,1.0,1,60.5,67.6,128.1,1,1,1,1
5523,0,0.0,0.5,0,0,,0,61.6,0.0,61.6,1,1,1,1
5524,1,1.0,0.5,1,1,1.0,1,66.1,71.0,137.1,1,1,1,1
5525,0,0.0,0.5,0,0,,0,61.5,0.0,61.5,1,1,1,1
5526,2,0.989894,0.5,1,1,3.0,3,60.4,69.8,130.2,1,1,1,1
5527,2,0.989894,0.5,1,1,3.0,3,70.5,73.0,143.5,1,1,1,1
5528,3,1.0,0.5,1,1,3.0,3,61.8,68.5,130.3,1,1,1,1
5529,2,0.989894,0.5,1,1,2.0,2,61.4,75.5,136.9,1,1,1,1
5530,0,0.0,0.5,0,0,,0,61.3,0.0,61.3,1,1,1,1
5531,2,1.0,0.5,1,1,3.0,3,64.6,69.1,133.7,1,1,1,1
5532,3,0.989894,0.5,1,1,2.0,2,61.5,68.2,129.7,1,1,1,1
5533,1,1.0,0.5,1,1,1.0,1,61.8,76.6,138.4,1,1,1,1
5534,0,0.0,0.5,0,0,,0,66.2,0.0,66.2,1,1,1,1
5535,3,0.989894,0.5,1,1,3.0,3,61.0,69.8,130.8,1,1,1,1
5536,3,0.989894,0.5,1,1,2.0,2,61.7,70.0,131.7,1,1,1,1
5537,2,0.989894,0.5,1,1,3.0,3,71.9,71.9,143.8,1,1,1,1
5538,3,0.989894,0.5,1,1,2.0,2,60.6,67.7,128.3,1,1,1,1
5539,3,0.989894,0.5,1,1,2.0,2,60.0,69.7,129.7,1,1,1,1
5540,3,0.989894,0.5,1,1,2.0,2,66.5,74.8,141.3,1,1,1,1
5541,3,1.0,0.5,1,1,2.0,2,64.6,69.6,134.2,1,1,1,1
5542,0,0.0,0.5,0,0,,0,59.5,0.0,59.5,1,1,1,1
5543,2,0.989894,0.5,1,1,3.0,3,60.9,140.9,201.8,1,1,1,1
5544,3,1.0,0.5,1,1,2.0,2,121.6,79.6,201.2,1,1,1,1
5545,2,0.989894,0.5,1,1,3.0,3,68.8,75.5,144.3,1,1,1,1
5546,2,0.989894,0.5,1,1,3.0,3,65.7,74.5,140.2,1,1,1,1
5547,3,0.989894,0.5,1,1,3.0,3,63.6,73.1,136.7,1,1,1,1
5548,3,0.989894,0.5,1,1,3.0,3,65.4,73.7,139.1,1,1,1,1
5549,0,0.0,0.5,0,0,,0,65.4,0.0,65.4,1,1,1,1
5550,2,0.989894,0.5,1,1,3.0,3,254.6,117.6,372.2,1,1,1,1
5551,3,0.989894,0.5,1,1,2.0,2,80.0,80.5,160.5,1,1,1,1
5552,3,0.989894,0.5,1,1,2.0,2,70.6,251.5,322.1,1,1,1,1
5553,0,0.0,0.5,0,0,,0,211.2,0.0,211.2,1,1,1,1
5554,2,1.0,0.5,1,1,2.0,2,139.5,146.4,285.9,1,1,1,1
5555,2,1.0,0.5,1,1,2.0,2,117.7,92.4,210.1,1,1,1,1
5556,0,0.177465,0.5,0,0,,0,74.9,0.0,74.9,1,1,1,1
5557,0,0.0,0.5,0,0,,0,73.2,0.0,73.2,1,1,1,1
5558,3,0.989894,0.5,1,1,2.0,2,66.1,73.0,139.1,1,1,1,1
5559,2,0.999232,0.5,1,1,3.0,3,63.3,74.3,137.6,1,1,1,1
5560,0,0.0,0.5,0,0,,0,64.2,0.0,64.2,1,1,1,1
5561,0,0.0,0.5,0,0,,0,64.6,0.0,64.6,1,1,1,1
5562,1,1.0,0.5,1,1,1.0,1,63.9,72.3,136.2,1,1,1,1
5563,2,0.989894,0.5,1,1,1.0,1,64.6,73.5,138.1,1,1,1,1
5564,2,0.989894,0.5,1,1,2.0,2,63.4,71.0,134.4,1,1,1,1
5565,3,0.989894,0.5,1,1,2.0,2,63.1,75.9,139.0,1,1,1,1
5566,3,0.989894,0.5,1,1,2.0,2,63.6,71.5,135.1,1,1,1,1
5567,3,1.0,0.5,1,1,3.0,3,62.9,72.2,135.1,1,1,1,1
5568,3,0.989894,0.5,1,1,3.0,3,62.5,72.1,134.6,1,1,1,1
5569,0,0.0,0.5,0,0,,0,63.6,0.0,63.6,1,1,1,1
5570,0,0.0,0.5,0,0,,0,63.0,0.0,63.0,1,1,1,1
5571,2,0.989894,0.5,1,1,2.0,2,60.1,71.3,131.4,1,1,1,1
5572,3,1.0,0.5,1,1,3.0,3,76.1,74.6,150.7,1,1,1,1
5573,2,0.999232,0.5,1,1,2.0,2,64.5,69.1,133.6,1,1,1,1
5574,3,0.989894,0.5,1,1,3.0,3,61.7,69.0,130.7,1,1,1,1
5575,0,0.0,0.5,0,0,,0,62.0,0.0,62.0,1,1,1,1
5576,2,0.989894,0.5,1,1,3.0,3,66.6,107.8,174.4,1,1,1,1
5577,3,0.989894,0.5,1,1,2.0,2,78.6,75.7,154.3,1,1,1,1
5578,3,0.989894,0.5,1,1,3.0,3,64.2,86.3,150.5,1,1,1,1
5579,0,0.0,0.5,0,0,,0,65.8,0.0,65.8,1,1,1,1
5580,3,0.989894,0.5,1,1,2.0,2,61.8,69.3,131.1,1,1,1,1
5581,3,0.989894,0.5,1,1,2.0,2,62.7,80.5,143.2,1,1,1,1
5582,0,0.0,0.5,0,0,,0,64.8,0.0,64.8,1,1,1,1
5583,2,0.989894,0.5,1,1,3.0,3,62.1,70.6,132.7,1,1,1,1
5584,2,0.989894,0.5,1,1,3.0,3,61.3,76.1,137.4,1,1,1,1
5585,0,0.0,0.5,0,0,,0,68.0,0.0,68.0,1,1,1,1
5586,2,0.989894,0.5,1,1,3.0,3,62.0,68.4,130.4,1,1,1,1
5587,1,1.0,0.5,1,1,1.0,1,61.2,71.1,132.3,1,1,1,1
5588,3,0.999232,0.5,1,1,3.0,3,73.1,71.6,144.7,1,1,1,1
5589,1,0.999232,0.5,1,1,1.0,1,63.5,71.1,134.6,1,1,1,1
5590,3,0.989894,0.5,1,1,3.0,3,61.1,69.2,130.3,1,1,1,1
5591,3,0.989894,0.5,1,1,2.0,2,61.4,83.7,145.1,1,1,1,1
5592,3,0.989894,0.5,1,1,2.0,2,65.3,69.6,134.9,1,1,1,1
5593,1,0.989894,0.5,1,1,1.0,1,61.8,69.8,131.6,1,1,1,1
5594,2,0.989894,0.5,1,1,2.0,2,60.8,77.6,138.4,1,1,1,1
5595,2,0.989894,0.5,1,1,3.0,3,63.9,72.7,136.6,1,1,1,1
5596,3,0.999232,0.5,1,1,2.0,2,61.6,74.8,136.4,1,1,1,1
5597,2,0.989894,0.5,1,1,3.0,3,63.2,70.4,133.6,1,1,1,1
5598,0,0.0,0.5,0,0,,0,74.1,0.0,74.1,1,1,1,1
5599,2,0.989894,0.5,1,1,2.0,2,66.6,73.6,140.2,1,1,1,1
5600,2,1.0,0.5,1,1,3.0,3,65.6,72.8,138.4,1,1,1,1
5601,1,1.0,0.5,1,1,1.0,1,75.8,76.5,152.3,1,1,1,1
5602,3,0.989894,0.5,1,1,3.0,3,67.2,77.2,144.4,1,1,1,1
5603,3,0.989894,0.5,1,1,2.0,2,67.9,78.6,146.5,1,1,1,1
5604,2,0.989894,0.5,1,1,2.0,2,68.1,89.7,157.8,1,1,1,1
5605,3,0.989894,0.5,1,1,2.0,2,74.3,79.8,154.1,1,1,1,1
5606,1,0.989894,0.5,1,1,1.0,1,71.1,80.1,151.2,1,1,1,1
5607,1,0.989894,0.5,1,1,1.0,1,71.5,91.4,162.9,1,1,1,1
5608,2,0.989894,0.5,1,1,2.0,2,78.6,82.1,160.7,1,1,1,1
5609,0,0.0,0.5,0,0,,0,76.0,0.0,76.0,1,1,1,1
5610,1,0.989894,0.5,1,1,1.0,1,73.5,84.2,157.7,1,1,1,1
5611,1,0.989894,0.5,1,1,1.0,1,85.9,86.0,171.9,1,1,1,1
5612,3,0.989894,0.5,1,1,3.0,3,71.8,78.0,149.8,1,1,1,1
5613,3,0.989894,0.5,1,1,2.0,2,73.4,78.6,152.0,1,1,1,1
5614,0,0.0,0.5,0,0,,0,79.0,0.0,79.0,1,1,1,1
5615,3,0.989894,0.5,1,1,2.0,2,88.8,81.2,170.0,1,1,1,1
5616,2,1.0,0.5,1,1,3.0,3,72.3,74.8,147.1,1,1,1,1
5617,3,0.989894,0.5,1,1,3.0,3,76.3,80.8,157.1,1,1,1,1
5618,3,0.999232,0.5,1,1,2.0,2,65.4,73.6,139.0,1,1,1,1
5619,2,0.989894,0.5,1,1,3.0,3,64.2,74.1,138.3,1,1,1,1
5620,1,0.989894,0.5,1,1,1.0,1,64.7,84.0,148.7,1,1,1,1
5621,3,0.989894,0.5,1,1,2.0,2,66.5,70.1,136.6,1,1,1,1
5622,3,0.989894,0.5,1,1,2.0,2,61.8,69.7,131.5,1,1,1,1
5623,0,0.0,0.5,0,0,,0,59.9,0.0,59.9,1,1,1,1
5624,0,0.0,0.5,0,0,,0,66.2,0.0,66.2,1,1,1,1
5625,2,0.989894,0.5,1,1,2.0,2,63.1,69.0,132.1,1,1,1,1
5626,1,0.997497,0.5,1,1,1.0,1,62.3,67.6,129.9,1,1,1,1
5627,0,0.0,0.5,0,0,,0,69.9,0.0,69.9,1,1,1,1
5628,1,1.0,0.5,1,1,1.0,1,62.2,69.5,131.7,1,1,1,1
5629,3,0.989894,0.5,1,1,3.0,3,62.6,70.5,133.1,1,1,1,1
5630,3,0.989894,0.5,1,1,2.0,2,61.5,80.1,141.6,1,1,1,1
5631,0,0.0,0.5,0,0,,0,63.7,0.0,63.7,1,1,1,1
5632,2,0.989894,0.5,1,1,2.0,2,61.3,67.9,129.2,1,1,1,1
5633,2,0.999232,0.5,1,1,3.0,3,62.9,77.0,139.9,1,1,1,1
5634,1,0.997497,0.5,1,1,1.0,1,65.6,70.6,136.2,1,1,1,1
5635,1,0.999232,0.5,1,1,1.0,1,62.0,70.1,132.1,1,1,1,1
5636,1,1.0,0.5,1,1,1.0,1,60.4,69.3,129.7,1,1,1,1
5637,1,1.0,0.5,1,1,1.0,1,73.0,73.0,146.0,1,1,1,1
5638,2,0.989894,0.5,1,1,3.0,3,62.8,68.9,131.7,1,1,1,1
5639,1,0.989894,0.5,1,1,1.0,1,61.1,68.7,129.8,1,1,1,1
5640,0,0.0,0.5,0,0,,0,68.8,0.0,68.8,1,1,1,1
5641,0,0.0,0.5,0,0,,0,62.4,0.0,62.4,1,1,1,1
5642,1,1.0,0.5,1,1,1.0,1,60.1,70.1,130.2,1,1,1,1
5643,3,0.989894,0.5,1,1,3.0,3,61.1,120.4,181.5,1,1,1,1
5644,2,0.989894,0.5,1,1,2.0,2,78.3,76.8,155.1,1,1,1,1
5645,2,0.989894,0.5,1,1,3.0,3,62.4,70.8,133.2,1,1,1,1
5646,2,0.989894,0.5,1,1,1.0,1,62.2,82.0,144.2,1,1,1,1
5647,0,0.177465,0.5,0,0,,0,64.2,0.0,64.2,1,1,1,1
5648,1,1.0,0.5,1,1,1.0,1,61.3,67.6,128.9,1,1,1,1
5649,2,0.989894,0.5,1,1,2.0,2,62.3,78.2,140.5,1,1,1,1
5650,2,1.0,0.5,1,1,2.0,2,66.0,110.7,176.7,1,1,1,1
5651,3,0.989894,0.5,1,1,2.0,2,82.8,75.8,158.6,1,1,1,1
5652,2,1.0,0.5,1,1,2.0,2,64.1,81.5,145.6,1,1,1,1
5653,0,0.0,0.5,0,0,,0,67.9,0.0,67.9,1,1,1,1
5654,2,1.0,0.5,1,1,2.0,2,62.9,68.7,131.6,1,1,1,1
5655,3,0.989894,0.5,1,1,3.0,3,60.7,70.4,131.1,1,1,1,1
5656,0,0.0,0.5,0,0,,0,66.5,0.0,66.5,1,1,1,1
5657,1,1.0,0.5,1,1,1.0,1,63.3,71.3,134.6,1,1,1,1
5658,0,0.0,0.5,0,0,,0,61.9,0.0,61.9,1,1,1,1
5659,1,1.0,0.5,1,1,1.0,1,73.4,73.3,146.7,1,1,1,1
5660,3,0.989894,0.5,1,1,2.0,2,62.8,70.1,132.9,1,1,1,1
5661,0,0.0,0.5,0,0,,0,126.0,0.0,126.0,1,1,1,1
5662,3,0.999232,0.5,1,1,2.0,2,184.2,146.9,331.1,1,1,1,1
5663,3,0.989894,0.5,1,1,3.0,3,285.3,277.4,562.7,1,1,1,1
5664,1,1.0,0.5,1,1,1.0,1,124.3,89.3,213.6,1,1,1,1
5665,1,0.989894,0.5,1,1,1.0,1,73.5,78.9,152.4,1,1,1,1
5666,3,0.989894,0.5,1,1,2.0,2,67.8,73.5,141.3,1,1,1,1
5667,3,0.989894,0.5,1,1,2.0,2,70.3,94.2,164.5,1,1,1,1
5668,0,0.0,0.5,0,0,,0,72.6,0.0,72.6,1,1,1,1
5669,2,0.989894,0.5,1,1,2.0,2,67.7,73.2,140.9,1,1,1,1
5670,0,0.0,0.5,0,0,,0,64.0,0.0,64.0,1,1,1,1
5671,2,0.989894,0.5,1,1,2.0,2,74.2,74.7,148.9,1,1,1,1
5672,1,0.989894,0.5,1,1,1.0,1,63.6,71.5,135.1,1,1,1,1
5673,2,0.989894,0.5,1,1,2.0,2,63.7,72.5,136.2,1,1,1,1
5674,1,1.0,0.5,1,1,1.0,1,76.5,74.6,151.1,1,1,1,1
5675,0,0.0,0.5,0,0,,0,63.6,0.0,63.6,1,1,1,1
5676,0,0.0,0.5,0,0,,0,64.2,0.0,64.2,1,1,1,1
5677,2,0.989894,0.5,1,1,2.0,2,74.2,74.5,148.7,1,1,1,1
5678,0,0.0,0.5,0,0,,0,65.7,0.0,65.7,1,1,1,1
5679,2,0.989894,0.5,1,1,2.0,2,64.3,72.1,136.4,1,1,1,1
5680,1,1.0,0.5,1,1,1.0,1,63.6,84.7,148.3,1,1,1,1
5681,0,0.0,0.5,0,0,,0,68.2,0.0,68.2,1,1,1,1
5682,1,1.0,0.5,1,1,1.0,1,62.8,71.0,133.8,1,1,1,1
5683,3,0.989894,0.5,1,1,2.0,2,62.2,78.8,141.0,1,1,1,1
5684,3,0.989894,0.5,1,1,2.0,2,68.1,71.5,139.6,1,1,1,1
5685,0,0.0,0.5,0,0,,0,63.6,0.0,63.6,1,1,1,1
5686,3,0.989894,0.5,1,1,2.0,2,60.6,71.1,131.7,1,1,1,1
5687,3,1.0,0.5,1,1,3.0,3,74.1,74.4,148.5,1,1,1,1
5688,0,0.0,0.5,0,0,,0,63.5,0.0,63.5,1,1,1,1
5689,0,0.0,0.5,0,0,,0,66.5,0.0,66.5,1,1,1,1
5690,0,0.0,0.5,0,0,,0,68.7,0.0,68.7,1,1,1,1
5691,0,0.0,0.5,0,0,,0,63.5,0.0,63.5,1,1,1,1
5692,3,0.989894,0.5,1,1,3.0,3,61.3,69.8,131.1,1,1,1,1
5693,3,0.989894,0.5,1,1,3.0,3,62.4,79.2,141.6,1,1,1,1
5694,0,0.0,0.5,0,0,,0,65.4,0.0,65.4,1,1,1,1
5695,0,0.0,0.5,0,0,,0,61.9,0.0,61.9,1,1,1,1
5696,2,0.999232,0.5,1,1,3.0,3,60.2,68.5,128.7,1,1,1,1
5697,0,0.0,0.5,0,0,,0,72.4,0.0,72.4,1,1,1,1
5698,1,1.0,0.5,1,1,1.0,1,62.0,68.3,130.3,1,1,1,1
5699,2,0.989894,0.5,1,1,3.0,3,60.7,69.1,129.8,1,1,1,1
5700,2,0.989894,0.5,1,1,3.0,3,70.3,73.6,143.9,1,1,1,1
5701,3,0.989894,0.5,1,1,3.0,3,63.7,69.3,133.0,1,1,1,1
5702,1,1.0,0.5,1,1,1.0,1,62.2,69.4,131.6,1,1,1,1
5703,1,0.997497,0.5,1,1,1.0,1,60.5,80.5,141.0,1,1,1,1
5704,3,0.989894,0.5,1,1,2.0,2,63.6,69.7,133.3,1,1,1,1
5705,2,0.989894,0.5,1,1,3.0,3,61.3,68.7,130.0,1,1,1,1
5706,0,0.0,0.5,0,0,,0,60.5,0.0,60.5,1,1,1,1
5707,0,0.0,0.5,0,0,,0,66.2,0.0,66.2,1,1,1,1
5708,1,0.989894,0.5,1,1,1.0,1,61.5,68.0,129.5,1,1,1,1
5709,3,0.989894,0.5,1,1,2.0,2,61.1,69.8,130.9,1,1,1,1
5710,1,0.999232,0.5,1,1,1.0,1,72.8,70.4,143.2,1,1,1,1
5711,0,0.0,0.5,0,0,,0,61.1,0.0,61.1,1,1,1,1
5712,2,0.989894,0.5,1,1,2.0,2,62.4,67.8,130.2,1,1,1,1
5713,0,0.0,0.5,0,0,,0,61.8,0.0,61.8,1,1,1,1
5714,3,1.0,0.5,1,1,2.0,2,62.6,68.1,130.7,1,1,1,1
5715,0,0.0,0.5,0,0,,0,61.8,0.0,61.8,1,1,1,1
5716,2,0.989894,0.5,1,1,3.0,3,61.5,75.6,137.1,1,1,1,1
5717,3,0.989894,0.5,1,1,3.0,3,67.7,72.1,139.8,1,1,1,1
5718,0,0.177465,0.5,0,0,,0,61.1,0.0,61.1,1,1,1,1
5719,1,1.0,0.5,1,1,1.0,1,61.7,70.3,132.0,1,1,1,1
5720,2,0.989894,0.5,1,1,3.0,3,72.6,71.6,144.2,1,1,1,1
5721,1,0.989894,0.5,1,1,1.0,1,61.0,70.1,131.1,1,1,1,1
5722,3,0.989894,0.5,1,1,3.0,3,61.0,69.1,130.1,1,1,1,1
5723,1,1.0,0.5,1,1,1.0,1,67.5,73.8,141.3,1,1,1,1
5724,0,0.0,0.5,0,0,,0,63.8,0.0,63.8,1,1,1,1
5725,1,1.0,0.5,1,1,1.0,1,62.2,67.7,129.9,1,1,1,1
5726,2,0.989894,0.5,1,1,2.0,2,59.8,78.2,138.0,1,1,1,1
5727,1,0.999232,0.5,1,1,1.0,1,65.1,69.9,135.0,1,1,1,1
5728,2,0.989894,0.5,1,1,3.0,3,60.2,70.0,130.2,1,1,1,1
5729,2,0.989894,0.5,1,1,2.0,2,61.8,69.6,131.4,1,1,1,1
5730,1,1.0,0.5,1,1,1.0,1,71.3,70.6,141.9,1,1,1,1
5731,1,1.0,0.5,1,1,1.0,1,61.7,69.1,130.8,1,1,1,1
5732,2,0.989894,0.5,1,1,3.0,3,60.1,69.3,129.4,1,1,1,1
5733,2,1.0,0.5,1,1,2.0,2,71.6,73.5,145.1,1,1,1,1
5734,2,0.999232,0.5,1,1,2.0,2,63.2,68.2,131.4,1,1,1,1
5735,0,0.0,0.5,0,0,,0,61.3,0.0,61.3,1,1,1,1
5736,1,1.0,0.5,1,1,1.0,1,59.7,80.6,140.3,1,1,1,1
5737,3,1.0,0.5,1,1,3.0,3,65.6,70.1,135.7,1,1,1,1
5738,2,0.989894,0.5,1,1,2.0,2,61.1,69.9,131.0,1,1,1,1
5739,0,0.0,0.5,0,0,,0,60.2,0.0,60.2,1,1,1,1
5740,1,1.0,0.5,1,1,1.0,1,65.8,72.6,138.4,1,1,1,1
5741,0,0.0,0.5,0,0,,0,61.5,0.0,61.5,1,1,1,1
5742,0,0.0,0.5,0,0,,0,61.1,0.0,61.1,1,1,1,1
5743,3,0.999232,0.5,1,1,2.0,2,71.1,308.0,379.1,1,1,1,1
5744,3,0.989894,0.5,1,1,2.0,2,123.4,98.7,222.1,1,1,1,1
5745,0,0.0,0.5,0,0,,0,82.1,0.0,82.1,1,1,1,1
5746,3,0.989894,0.5,1,1,3.0,3,87.2,86.5,173.7,1,1,1,1
5747,3,0.989894,0.5,1,1,3.0,3,70.8,78.9,149.7,1,1,1,1
5748,3,1.0,0.5,1,1,2.0,2,68.9,83.2,152.1,1,1,1,1
5749,3,0.989894,0.5,1,1,3.0,3,109.2,141.9,251.1,1,1,1,1
5750,2,0.989894,0.5,1,1,2.0,2,113.3,120.0,233.3,1,1,1,1
5751,0,0.0,0.5,0,0,,0,107.8,0.0,107.8,1,1,1,1
5752,3,0.989894,0.5,1,1,2.0,2,104.2,137.0,241.2,1,1,1,1
5753,2,0.997497,0.5,1,1,2.0,2,123.5,131.3,254.8,1,1,1,1
5754,1,1.0,0.5,1,1,1.0,1,113.9,126.0,239.9,1,1,1,1
5755,1,1.0,0.5,1,1,1.0,1,115.5,132.1,247.6,1,1,1,1
5756,2,0.989894,0.5,1,1,3.0,3,145.0,137.9,282.9,1,1,1,1
5757,1,0.997497,0.5,1,1,1.0,1,121.3,135.5,256.8,1,1,1,1
5758,2,0.989894,0.5,1,1,3.0,3,120.2,134.9,255.1,1,1,1,1
5759,1,0.999232,0.5,1,1,1.0,1,143.6,150.4,294.0,1,1,1,1
5760,3,0.989894,0.5,1,1,3.0,3,354.4,170.7,525.1,1,1,1,1
5761,3,0.989894,0.5,1,1,3.0,3,78.2,86.2,164.4,1,1,1,1
5762,1,1.0,0.5,1,1,1.0,1,84.1,178.6,262.7,1,1,1,1
5763,1,1.0,0.5,1,1,1.0,1,250.4,207.5,457.9,1,1,1,1
5764,0,0.0,0.5,0,0,,0,193.6,0.0,193.6,1,1,1,1
5765,3,0.989894,0.5,1,1,3.0,3,72.1,80.6,152.7,1,1,1,1
5766,0,0.0,0.5,0,0,,0,63.5,0.0,63.5,1,1,1,1
5767,0,0.0,0.5,0,0,,0,78.6,0.0,78.6,1,1,1,1
5768,0,0.0,0.5,0,0,,0,63.7,0.0,63.7,1,1,1,1
5769,1,0.999232,0.5,1,1,1.0,1,62.9,69.7,132.6,1,1,1,1
5770,1,1.0,0.5,1,1,1.0,1,64.0,82.8,146.8,1,1,1,1
5771,2,0.989894,0.5,1,1,2.0,2,66.5,72.5,139.0,1,1,1,1
5772,0,0.0,0.5,0,0,,0,61.8,0.0,61.8,1,1,1,1
5773,2,0.989894,0.5,1,1,2.0,2,62.6,80.4,143.0,1,1,1,1
5774,0,0.0,0.5,0,0,,0,68.1,0.0,68.1,1,1,1,1
5775,1,0.989894,0.5,1,1,1.0,1,61.7,72.1,133.8,1,1,1,1
5776,0,0.0,0.5,0,0,,0,62.4,0.0,62.4,1,1,1,1
5777,3,0.989894,0.5,1,1,2.0,2,74.7,74.1,148.8,1,1,1,1
5778,0,0.0,0.5,0,0,,0,62.5,0.0,62.5,1,1,1,1
5779,3,0.989894,0.5,1,1,3.0,3,62.6,71.1,133.7,1,1,1,1
5780,2,0.989894,0.5,1,1,3.0,3,78.0,77.6,155.6,1,1,1,1
5781,0,0.0,0.5,0,0,,0,67.0,0.0,67.0,1,1,1,1
5782,2,0.989894,0.5,1,1,2.0,2,65.5,70.7,136.2,1,1,1,1
5783,3,0.989894,0.5,1,1,3.0,3,61.6,85.1,146.7,1,1,1,1
5784,3,0.989894,0.5,1,1,2.0,2,65.0,72.3,137.3,1,1,1,1
5785,0,0.0,0.5,0,0,,0,67.3,0.0,67.3,1,1,1,1
5786,2,0.989894,0.5,1,1,3.0,3,64.0,82.0,146.0,1,1,1,1
5787,0,0.0,0.5,0,0,,0,72.9,0.0,72.9,1,1,1,1
5788,2,0.989894,0.5,1,1,1.0,1,67.9,74.9,142.8,1,1,1,1
5789,0,0.0,0.5,0,0,,0,66.8,0.0,66.8,1,1,1,1
5790,2,0.989894,0.5,1,1,2.0,2,76.2,79.0,155.2,1,1,1,1
5791,3,0.989894,0.5,1,1,3.0,3,71.5,79.7,151.2,1,1,1,1
5792,2,0.997497,0.5,1,1,2.0,2,69.7,81.2,150.9,1,1,1,1
5793,0,0.0,0.5,0,0,,0,81.5,0.0,81.5,1,1,1,1
5794,1,1.0,0.5,1,1,1.0,1,73.6,80.8,154.4,1,1,1,1
5795,0,0.0,0.5,0,0,,0,71.8,0.0,71.8,1,1,1,1
5796,2,0.989894,0.5,1,1,3.0,3,74.5,95.8,170.3,1,1,1,1
5797,2,0.989894,0.5,1,1,3.0,3,78.2,86.8,165.0,1,1,1,1
5798,3,1.0,0.5,1,1,2.0,2,76.9,85.9,162.8,1,1,1,1
5799,3,0.989894,0.5,1,1,3.0,3,78.7,115.1,193.8,1,1,1,1
5800,2,0.989894,0.5,1,1,2.0,2,96.3,93.8,190.1,1,1,1,1
5801,0,0.0,0.5,0,0,,0,80.1,0.0,80.1,1,1,1,1
5802,3,0.989894,0.5,1,1,3.0,3,75.3,85.7,161.0,1,1,1,1
5803,2,0.997497,0.5,1,1,2.0,2,91.2,85.9,177.1,1,1,1,1
5804,0,0.0,0.5,0,0,,0,73.8,0.0,73.8,1,1,1,1
5805,0,0.0,0.5,0,0,,0,73.3,0.0,73.3,1,1,1,1
5806,3,0.989894,0.5,1,1,2.0,2,77.7,85.0,162.7,1,1,1,1
5807,3,0.989894,0.5,1,1,2.0,2,71.1,81.3,152.4,1,1,1,1
5808,0,0.0,0.5,0,0,,0,70.7,0.0,70.7,1,1,1,1
5809,0,0.0,0.5,0,0,,0,67.5,0.0,67.5,1,1,1,1
5810,3,0.989894,0.5,1,1,3.0,3,67.0,73.9,140.9,1,1,1,1
5811,2,0.989894,0.5,1,1,3.0,3,67.2,70.9,138.1,1,1,1,1
5812,3,0.989894,0.5,1,1,3.0,3,61.5,78.8,140.3,1,1,1,1
5813,1,1.0,0.5,1,1,1.0,1,67.6,70.1,137.7,1,1,1,1
5814,1,0.989894,0.5,1,1,1.0,1,61.2,69.7,130.9,1,1,1,1
5815,3,0.989894,0.5,1,1,3.0,3,61.9,68.4,130.3,1,1,1,1
5816,3,0.989894,0.5,1,1,3.0,3,70.7,72.1,142.8,1,1,1,1
5817,2,0.999232,0.5,1,1,2.0,2,62.2,69.5,131.7,1,1,1,1
5818,0,0.0,0.5,0,0,,0,61.6,0.0,61.6,1,1,1,1
5819,1,1.0,0.5,1,1,1.0,1,60.9,79.3,140.2,1,1,1,1
5820,0,0.0,0.5,0,0,,0,63.9,0.0,63.9,1,1,1,1
5821,2,0.989894,0.5,1,1,3.0,3,62.1,69.4,131.5,1,1,1,1
5822,1,0.989894,0.5,1,1,1.0,1,62.6,78.1,140.7,1,1,1,1
5823,3,0.989894,0.5,1,1,3.0,3,66.2,72.1,138.3,1,1,1,1
5824,0,0.0,0.5,0,0,,0,60.9,0.0,60.9,1,1,1,1
5825,3,0.989894,0.5,1,1,2.0,2,62.0,69.7,131.7,1,1,1,1
5826,0,0.0,0.5,0,0,,0,72.5,0.0,72.5,1,1,1,1
5827,1,0.989894,0.5,1,1,1.0,1,62.2,81.8,144.0,1,1,1,1
5828,2,0.999232,0.5,1,1,3.0,3,67.1,70.4,137.5,1,1,1,1
5829,0,0.0,0.5,0,0,,0,73.2,0.0,73.2,1,1,1,1
5830,0,0.0,0.5,0,0,,0,62.4,0.0,62.4,1,1,1,1
5831,1,1.0,0.5,1,1,1.0,1,78.0,73.3,151.3,1,1,1,1
5832,0,0.0,0.5,0,0,,0,68.4,0.0,68.4,1,1,1,1
5833,2,1.0,0.5,1,1,3.0,3,64.5,68.8,133.3,1,1,1,1
5834,1,0.989894,0.5,1,1,1.0,1,89.6,74.2,163.8,1,1,1,1
5835,2,0.989894,0.5,1,1,2.0,2,68.4,83.6,152.0,1,1,1,1
5836,2,0.989894,0.5,1,1,2.0,2,63.8,70.3,134.1,1,1,1,1
5837,2,0.989894,0.5,1,1,3.0,3,62.2,70.7,132.9,1,1,1,1
5838,0,0.0,0.5,0,0,,0,61.3,0.0,61.3,1,1,1,1
5839,1,1.0,0.5,1,1,1.0,1,66.0,71.6,137.6,1,1,1,1
5840,0,0.0,0.5,0,0,,0,61.7,0.0,61.7,1,1,1,1
5841,2,0.989894,0.5,1,1,3.0,3,62.1,69.7,131.8,1,1,1,1
5842,3,0.989894,0.5,1,1,3.0,3,72.4,71.6,144.0,1,1,1,1
5843,3,0.989894,0.5,1,1,3.0,3,61.9,69.8,131.7,1,1,1,1
5844,0,0.0,0.5,0,0,,0,59.9,0.0,59.9,1,1,1,1
5845,1,0.989894,0.5,1,1,1.0,1,60.7,79.9,140.6,1,1,1,1
5846,3,1.0,0.5,1,1,2.0,2,63.3,68.9,132.2,1,1,1,1
5847,0,0.0,0.5,0,0,,0,61.8,0.0,61.8,1,1,1,1
5848,1,0.999232,0.5,1,1,1.0,1,60.6,78.3,138.9,1,1,1,1
5849,2,0.989894,0.5,1,1,3.0,3,67.3,71.8,139.1,1,1,1,1
5850,0,0.0,0.5,0,0,,0,62.3,0.0,62.3,1,1,1,1
5851,2,0.997497,0.5,1,1,2.0,2,60.3,69.9,130.2,1,1,1,1
5852,2,0.989894,0.5,1,1,2.0,2,72.1,69.6,141.7,1,1,1,1
5853,0,0.0,0.5,0,0,,0,62.7,0.0,62.7,1,1,1,1
5854,3,0.989894,0.5,1,1,2.0,2,61.6,67.0,128.6,1,1,1,1
5855,3,0.989894,0.5,1,1,2.0,2,70.4,73.2,143.6,1,1,1,1
5856,1,0.997497,0.5,1,1,1.0,1,62.0,67.5,129.5,1,1,1,1
5857,3,0.989894,0.5,1,1,2.0,2,61.1,68.6,129.7,1,1,1,1
5858,2,1.0,0.5,1,1,3.0,3,62.2,79.2,141.4,1,1,1,1
5859,1,1.0,0.5,1,1,1.0,1,63.6,70.3,133.9,1,1,1,1
5860,1,1.0,0.5,1,1,1.0,1,62.0,68.0,130.0,1,1,1,1
5861,0,0.0,0.5,0,0,,0,61.0,0.0,61.0,1,1,1,1
5862,0,0.0,0.5,0,0,,0,65.7,0.0,65.7,1,1,1,1
5863,0,0.0,0.5,0,0,,0,61.3,0.0,61.3,1,1,1,1
5864,0,0.0,0.5,0,0,,0,61.1,0.0,61.1,1,1,1,1
5865,2,0.989894,0.5,1,1,3.0,3,71.3,73.3,144.6,1,1,1,1
5866,1,0.989894,0.5,1,1,1.0,1,60.9,69.1,130.0,1,1,1,1
5867,2,0.989894,0.5,1,1,2.0,2,69.4,77.4,146.8,1,1,1,1
5868,2,1.0,0.5,1,1,2.0,2,75.9,91.9,167.8,1,1,1,1
5869,0,0.0,0.5,0,0,,0,70.7,0.0,70.7,1,1,1,1
5870,0,0.0,0.5,0,0,,0,80.1,0.0,80.1,1,1,1,1
5871,2,0.989894,0.5,1,1,3.0,3,189.6,149.2,338.8,1,1,1,1
5872,0,0.0,0.5,0,0,,0,117.0,0.0,117.0,1,1,1,1
5873,1,1.0,0.5,1,1,1.0,1,79.8,90.4,170.2,1,1,1,1
5874,2,1.0,0.5,1,1,3.0,3,75.1,79.5,154.6,1,1,1,1
5875,0,0.0,0.5,0,0,,0,66.6,0.0,66.6,1,1,1,1
5876,0,0.0,0.5,0,0,,0,64.5,0.0,64.5,1,1,1,1
5877,1,1.0,0.5,1,1,1.0,1,64.8,73.0,137.8,1,1,1,1
5878,3,0.989894,0.5,1,1,2.0,2,62.5,71.3,133.8,1,1,1,1
5879,3,0.989894,0.5,1,1,3.0,3,63.5,70.7,134.2,1,1,1,1
5880,2,0.989894,0.5,1,1,3.0,3,62.9,70.8,133.7,1,1,1,1
5881,0,0.0,0.5,0,0,,0,64.2,0.0,64.2,1,1,1,1
5882,0,0.0,0.5,0,0,,0,63.8,0.0,63.8,1,1,1,1
5883,1,1.0,0.5,1,1,1.0,1,63.4,73.2,136.6,1,1,1,1
5884,2,0.989894,0.5,1,1,2.0,2,64.6,70.4,135.0,1,1,1,1
5885,0,0.419355,0.5,0,0,,0,64.7,0.0,64.7,1,1,1,1
5886,1,0.989894,0.5,1,1,1.0,1,62.4,70.3,132.7,1,1,1,1
5887,3,0.989894,0.5,1,1,2.0,2,62.9,72.5,135.4,1,1,1,1
5888,3,1.0,0.5,1,1,2.0,2,62.7,69.7,132.4,1,1,1,1
5889,1,1.0,0.5,1,1,1.0,1,62.5,70.8,133.3,1,1,1,1
5890,0,0.0,0.5,0,0,,0,63.1,0.0,63.1,1,1,1,1
5891,2,0.989894,0.5,1,1,2.0,2,62.2,74.4,136.6,1,1,1,1
5892,0,0.0,0.5,0,0,,0,61.0,0.0,61.0,1,1,1,1
5893,0,0.0,0.5,0,0,,0,62.6,0.0,62.6,1,1,1,1
5894,0,0.0,0.5,0,0,,0,61.0,0.0,61.0,1,1,1,1
5895,0,0.0,0.5,0,0,,0,61.1,0.0,61.1,1,1,1,1
5896,3,0.999232,0.5,1,1,2.0,2,59.8,67.6,127.4,1,1,1,1
5897,2,0.989894,0.5,1,1,2.0,2,61.9,68.2,130.1,1,1,1,1
5898,2,0.989894,0.5,1,1,3.0,3,61.2,68.8,130.0,1,1,1,1
5899,3,0.989894,0.5,1,1,3.0,3,60.7,69.0,129.7,1,1,1,1
5900,2,0.989894,0.5,1,1,3.0,3,59.7,68.3,128.0,1,1,1,1
5901,0,0.0,0.5,0,0,,0,80.9,0.0,80.9,1,1,1,1
5902,3,0.989894,0.5,1,1,3.0,3,61.9,68.3,130.2,1,1,1,1
5903,3,0.989894,0.5,1,1,3.0,3,60.2,70.6,130.8,1,1,1,1
5904,3,0.989894,0.5,1,1,3.0,3,73.5,72.8,146.3,1,1,1,1
5905,0,0.177465,0.5,0,0,,0,62.4,0.0,62.4,1,1,1,1
5906,1,1.0,0.5,1,1,1.0,1,61.3,68.2,129.5,1,1,1,1
5907,1,1.0,0.5,1,1,1.0,1,60.7,81.1,141.8,1,1,1,1
5908,2,0.989894,0.5,1,1,2.0,2,66.9,71.2,138.1,1,1,1,1
5909,2,0.989894,0.5,1,1,2.0,2,63.1,68.7,131.8,1,1,1,1
5910,3,0.989894,0.5,1,1,3.0,3,59.6,75.8,135.4,1,1,1,1
5911,2,0.989894,0.5,1,1,3.0,3,66.6,72.3,138.9,1,1,1,1
5912,1,1.0,0.5,1,1,1.0,1,62.0,66.7,128.7,1,1,1,1
5913,2,0.989894,0.5,1,1,3.0,3,61.2,67.9,129.1,1,1,1,1
5914,2,0.989894,0.5,1,1,3.0,3,70.8,71.8,142.6,1,1,1,1
5915,3,0.989894,0.5,1,1,3.0,3,61.4,70.1,131.5,1,1,1,1
5916,3,1.0,0.5,1,1,3.0,3,59.6,67.8,127.4,1,1,1,1
5917,2,0.989894,0.5,1,1,3.0,3,61.0,80.4,141.4,1,1,1,1
5918,1,0.989894,0.5,1,1,1.0,1,64.5,69.2,133.7,1,1,1,1
5919,0,0.0,0.5,0,0,,0,60.8,0.0,60.8,1,1,1,1
5920,3,0.989894,0.5,1,1,2.0,2,61.1,75.9,137.0,1,1,1,1
5921,0,0.0,0.5,0,0,,0,66.6,0.0,66.6,1,1,1,1
5922,2,0.989894,0.5,1,1,3.0,3,60.2,69.6,129.8,1,1,1,1
5923,2,0.989894,0.5,1,1,2.0,2,61.1,68.4,129.5,1,1,1,1
5924,2,0.989894,0.5,1,1,2.0,2,70.8,70.1,140.9,1,1,1,1
5925,3,1.0,0.5,1,1,2.0,2,63.2,70.1,133.3,1,1,1,1
5926,1,0.997497,0.5,1,1,1.0,1,60.6,67.8,128.4,1,1,1,1
5927,0,0.0,0.5,0,0,,0,60.6,0.0,60.6,1,1,1,1
5928,2,0.989894,0.5,1,1,3.0,3,64.5,69.1,133.6,1,1,1,1
5929,2,0.989894,0.5,1,1,2.0,2,61.5,69.1,130.6,1,1,1,1
5930,3,0.989894,0.5,1,1,3.0,3,60.8,77.5,138.3,1,1,1,1
5931,0,0.0,0.5,0,0,,0,66.0,0.0,66.0,1,1,1,1
5932,3,0.989894,0.5,1,1,2.0,2,61.3,69.2,130.5,1,1,1,1
5933,3,0.989894,0.5,1,1,3.0,3,61.9,69.8,131.7,1,1,1,1
5934,2,1.0,0.5,1,1,2.0,2,71.9,71.3,143.2,1,1,1,1
5935,2,0.989894,0.5,1,1,3.0,3,61.8,70.5,132.3,1,1,1,1
5936,3,0.989894,0.5,1,1,3.0,3,63.0,67.9,130.9,1,1,1,1
5937,1,0.999232,0.5,1,1,1.0,1,70.8,203.3,274.1,1,1,1,1
5938,0,0.0,0.5,0,0,,0,129.2,0.0,129.2,1,1,1,1
5939,2,0.997497,0.5,1,1,2.0,2,88.4,88.6,177.0,1,1,1,1
5940,2,0.989894,0.5,1,1,2.0,2,74.7,77.7,152.4,1,1,1,1
5941,0,0.0,0.5,0,0,,0,68.3,0.0,68.3,1,1,1,1
5942,3,0.989894,0.5,1,1,3.0,3,77.0,78.5,155.5,1,1,1,1
5943,3,0.989894,0.5,1,1,3.0,3,68.1,75.3,143.4,1,1,1,1
5944,2,0.999232,0.5,1,1,3.0,3,66.5,74.5,141.0,1,1,1,1
5945,1,0.989894,0.5,1,1,1.0,1,66.5,77.7,144.2,1,1,1,1
5946,0,0.0,0.5,0,0,,0,67.5,0.0,67.5,1,1,1,1
5947,0,0.0,0.5,0,0,,0,63.8,0.0,63.8,1,1,1,1
5948,0,0.0,0.5,0,0,,0,62.9,0.0,62.9,1,1,1,1
5949,2,0.989894,0.5,1,1,2.0,2,74.3,74.8,149.1,1,1,1,1
5950,0,0.0,0.5,0,0,,0,63.8,0.0,63.8,1,1,1,1
5951,0,0.0,0.5,0,0,,0,63.3,0.0,63.3,1,1,1,1
5952,1,1.0,0.5,1,1,1.0,1,63.1,72.6,135.7,1,1,1,1
5953,2,0.989894,0.5,1,1,3.0,3,64.3,71.2,135.5,1,1,1,1
5954,2,0.997497,0.5,1,1,2.0,2,79.1,75.3,154.4,1,1,1,1
5955,1,0.999232,0.5,1,1,1.0,1,65.4,73.0,138.4,1,1,1,1
5956,2,0.989894,0.5,1,1,3.0,3,73.2,73.8,147.0,1,1,1,1
5957,3,0.989894,0.5,1,1,2.0,2,73.2,76.8,150.0,1,1,1,1
5958,3,1.0,0.5,1,1,3.0,3,65.2,72.1,137.3,1,1,1,1
5959,3,1.0,0.5,1,1,2.0,2,63.5,71.5,135.0,1,1,1,1
5960,1,1.0,0.5,1,1,1.0,1,62.7,80.8,143.5,1,1,1,1
5961,2,0.989894,0.5,1,1,2.0,2,69.5,72.4,141.9,1,1,1,1
5962,1,0.989894,0.5,1,1,1.0,1,63.7,77.0,140.7,1,1,1,1
5963,3,0.989894,0.5,1,1,3.0,3,68.5,87.5,156.0,1,1,1,1
5964,3,0.989894,0.5,1,1,2.0,2,70.8,74.5,145.3,1,1,1,1
5965,0,0.0,0.5,0,0,,0,65.9,0.0,65.9,1,1,1,1
5966,3,0.989894,0.5,1,1,2.0,2,65.6,78.3,143.9,1,1,1,1
5967,2,1.0,0.5,1,1,2.0,2,82.4,79.8,162.2,1,1,1,1
5968,0,0.0,0.5,0,0,,0,69.5,0.0,69.5,1,1,1,1
5969,2,0.989894,0.5,1,1,2.0,2,80.3,87.1,167.4,1,1,1,1
5970,0,0.0,0.5,0,0,,0,83.8,0.0,83.8,1,1,1,1
5971,3,0.989894,0.5,1,1,3.0,3,63.2,70.7,133.9,1,1,1,1
5972,3,1.0,0.5,1,1,3.0,3,62.4,67.8,130.2,1,1,1,1
5973,3,0.999232,0.5,1,1,3.0,3,61.6,80.9,142.5,1,1,1,1
5974,0,0.0,0.5,0,0,,0,64.3,0.0,64.3,1,1,1,1
5975,1,1.0,0.5,1,1,1.0,1,61.4,70.0,131.4,1,1,1,1
5976,2,0.989894,0.5,1,1,3.0,3,68.7,80.1,148.8,1,1,1,1
5977,0,0.0,0.5,0,0,,0,67.8,0.0,67.8,1,1,1,1
5978,0,0.0,0.5,0,0,,0,62.4,0.0,62.4,1,1,1,1
5979,3,0.989894,0.5,1,1,3.0,3,61.4,70.8,132.2,1,1,1,1
5980,1,0.989894,0.5,1,1,1.0,1,73.5,70.8,144.3,1,1,1,1
5981,1,0.997497,0.5,1,1,1.0,1,63.7,69.6,133.3,1,1,1,1
5982,3,0.989894,0.5,1,1,3.0,3,62.8,70.1,132.9,1,1,1,1
5983,0,0.0,0.5,0,0,,0,74.7,0.0,74.7,1,1,1,1
5984,2,0.989894,0.5,1,1,3.0,3,75.0,82.1,157.1,1,1,1,1
5985,0,0.0,0.5,0,0,,0,74.3,0.0,74.3,1,1,1,1
5986,2,0.989894,0.5,1,1,2.0,2,81.7,80.2,161.9,1,1,1,1
5987,0,0.0,0.5,0,0,,0,73.6,0.0,73.6,1,1,1,1
5988,3,0.989894,0.5,1,1,3.0,3,64.4,69.8,134.2,1,1,1,1
5989,2,0.989894,0.5,1,1,2.0,2,75.0,80.0,155.0,1,1,1,1
5990,3,0.989894,0.5,1,1,3.0,3,64.9,71.5,136.4,1,1,1,1
5991,0,0.0,0.5,0,0,,0,61.5,0.0,61.5,1,1,1,1
5992,1,1.0,0.5,1,1,1.0,1,72.1,72.3,144.4,1,1,1,1
5993,0,0.0,0.5,0,0,,0,64.0,0.0,64.0,1,1,1,1
5994,2,0.989894,0.5,1,1,3.0,3,61.5,69.7,131.2,1,1,1,1
5995,2,0.989894,0.5,1,1,3.0,3,60.5,80.7,141.2,1,1,1,1
5996,0,0.0,0.5,0,0,,0,64.9,0.0,64.9,1,1,1,1
5997,0,0.0,0.5,0,0,,0,199.5,0.0,199.5,1,1,1,1
5998,2,0.989894,0.5,1,1,3.0,3,90.7,82.6,173.3,1,1,1,1
5999,2,0.989894,0.5,1,1,3.0,3,69.1,76.7,145.8,1,1,1,1
6000,3,0.989894,0.5,1,1,2.0,2,65.5,70.1,135.6,1,1,1,1
6001,2,0.989894,0.5,1,1,3.0,3,79.8,90.4,170.2,1,1,1,1
6002,3,0.989894,0.5,1,1,3.0,3,79.9,89.2,169.1,1,1,1,1
6003,2,0.989894,0.5,1,1,2.0,2,80.8,89.9,170.7,1,1,1,1
6004,3,0.999232,0.5,1,1,2.0,2,79.1,87.4,166.5,1,1,1,1
6005,0,0.0,0.5,0,0,,0,78.9,0.0,78.9,1,1,1,1
6006,3,1.0,0.5,1,1,3.0,3,74.2,83.7,157.9,1,1,1,1
6007,2,0.989894,0.5,1,1,2.0,2,77.9,83.9,161.8,1,1,1,1
6008,2,0.989894,0.5,1,1,3.0,3,72.4,81.9,154.3,1,1,1,1
6009,0,0.0,0.5,0,0,,0,70.8,0.0,70.8,1,1,1,1
6010,1,0.997497,0.5,1,1,1.0,1,71.3,79.4,150.7,1,1,1,1
6011,3,0.989894,0.5,1,1,2.0,2,69.4,80.0,149.4,1,1,1,1
6012,3,1.0,0.5,1,1,2.0,2,67.2,74.9,142.1,1,1,1,1
6013,0,0.0,0.5,0,0,,0,67.0,0.0,67.0,1,1,1,1
6014,1,0.999232,0.5,1,1,1.0,1,68.0,72.2,140.2,1,1,1,1
6015,3,0.989894,0.5,1,1,2.0,2,63.5,73.2,136.7,1,1,1,1
6016,2,0.989894,0.5,1,1,2.0,2,63.9,69.7,133.6,1,1,1,1
6017,3,0.989894,0.5,1,1,2.0,2,63.8,69.4,133.2,1,1,1,1
6018,0,0.0,0.5,0,0,,0,62.6,0.0,62.6,1,1,1,1
6019,3,0.989894,0.5,1,1,2.0,2,60.0,68.4,128.4,1,1,1,1
6020,3,0.989894,0.5,1,1,3.0,3,71.2,75.0,146.2,1,1,1,1
6021,3,0.989894,0.5,1,1,3.0,3,65.5,72.5,138.0,1,1,1,1
6022,2,1.0,0.5,1,1,3.0,3,61.7,69.0,130.7,1,1,1,1
6023,2,0.989894,0.5,1,1,3.0,3,61.6,81.5,143.1,1,1,1,1
6024,2,0.999232,0.5,1,1,3.0,3,63.9,71.0,134.9,1,1,1,1
6025,2,0.989894,0.5,1,1,3.0,3,62.1,68.4,130.5,1,1,1,1
6026,2,0.989894,0.5,1,1,2.0,2,60.2,68.6,128.8,1,1,1,1
6027,3,0.989894,0.5,1,1,2.0,2,67.0,73.1,140.1,1,1,1,1
6028,0,0.0,0.5,0,0,,0,62.3,0.0,62.3,1,1,1,1
6029,3,1.0,0.5,1,1,2.0,2,61.8,67.2,129.0,1,1,1,1
6030,1,0.989894,0.5,1,1,1.0,1,71.4,71.5,142.9,1,1,1,1
6031,3,0.989894,0.5,1,1,2.0,2,61.7,69.7,131.4,1,1,1,1
6032,3,0.989894,0.5,1,1,2.0,2,60.2,69.2,129.4,1,1,1,1
6033,1,0.999232,0.5,1,1,1.0,1,61.4,80.9,142.3,1,1,1,1
6034,2,0.989894,0.5,1,1,2.0,2,63.2,110.1,173.3,1,1,1,1
6035,0,0.0,0.5,0,0,,0,71.3,0.0,71.3,1,1,1,1
6036,0,0.0,0.5,0,0,,0,63.3,0.0,63.3,1,1,1,1
6037,2,0.989894,0.5,1,1,3.0,3,66.2,71.0,137.2,1,1,1,1
6038,2,0.989894,0.5,1,1,2.0,2,61.5,69.2,130.7,1,1,1,1
6039,0,0.0,0.5,0,0,,0,60.9,0.0,60.9,1,1,1,1
6040,0,0.0,0.5,0,0,,0,67.1,0.0,67.1,1,1,1,1
6041,3,1.0,0.5,1,1,3.0,3,76.7,82.2,158.9,1,1,1,1
6042,0,0.0,0.5,0,0,,0,65.7,0.0,65.7,1,1,1,1
6043,3,0.989894,0.5,1,1,2.0,2,67.1,72.0,139.1,1,1,1,1
6044,2,0.999232,0.5,1,1,2.0,2,61.4,70.2,131.6,1,1,1,1
6045,1,0.999232,0.5,1,1,1.0,1,62.0,70.5,132.5,1,1,1,1
6046,0,0.0,0.5,0,0,,0,72.6,0.0,72.6,1,1,1,1
6047,1,0.989894,0.5,1,1,1.0,1,62.0,70.4,132.4,1,1,1,1
6048,0,0.0,0.5,0,0,,0,60.8,0.0,60.8,1,1,1,1
6049,2,0.989894,0.5,1,1,2.0,2,60.1,79.7,139.8,1,1,1,1
6050,3,0.989894,0.5,1,1,3.0,3,64.5,70.7,135.2,1,1,1,1
6051,2,1.0,0.5,1,1,3.0,3,60.4,72.3,132.7,1,1,1,1
6052,3,0.989894,0.5,1,1,2.0,2,60.7,76.9,137.6,1,1,1,1
6053,2,1.0,0.5,1,1,3.0,3,66.7,68.6,135.3,1,1,1,1
6054,0,0.0,0.5,0,0,,0,62.5,0.0,62.5,1,1,1,1
6055,1,1.0,0.5,1,1,1.0,1,61.5,68.8,130.3,1,1,1,1
6056,3,0.989894,0.5,1,1,2.0,2,71.9,71.8,143.7,1,1,1,1
6057,1,1.0,0.5,1,1,1.0,1,63.7,69.5,133.2,1,1,1,1
6058,3,0.989894,0.5,1,1,2.0,2,60.7,68.5,129.2,1,1,1,1
6059,0,0.0,0.5,0,0,,0,69.7,0.0,69.7,1,1,1,1
6060,3,0.989894,0.5,1,1,2.0,2,62.7,69.0,131.7,1,1,1,1
6061,3,0.989894,0.5,1,1,2.0,2,62.8,68.8,131.6,1,1,1,1
6062,0,0.0,0.5,0,0,,0,62.3,0.0,62.3,1,1,1,1
6063,0,0.0,0.5,0,0,,0,64.1,0.0,64.1,1,1,1,1
6064,2,0.989894,0.5,1,1,3.0,3,62.2,66.7,128.9,1,1,1,1
6065,1,0.989894,0.5,1,1,1.0,1,61.3,76.4,137.7,1,1,1,1
6066,2,0.989894,0.5,1,1,2.0,2,66.6,70.3,136.9,1,1,1,1
6067,0,0.0,0.5,0,0,,0,61.4,0.0,61.4,1,1,1,1
6068,0,0.0,0.5,0,0,,0,59.6,0.0,59.6,1,1,1,1
6069,0,0.0,0.5,0,0,,0,71.0,0.0,71.0,1,1,1,1
6070,0,0.0,0.5,0,0,,0,61.8,0.0,61.8,1,1,1,1
6071,3,0.989894,0.5,1,1,3.0,3,61.4,69.5,130.9,1,1,1,1
6072,2,0.989894,0.5,1,1,2.0,2,60.1,79.8,139.9,1,1,1,1
6073,3,0.989894,0.5,1,1,3.0,3,65.3,69.9,135.2,1,1,1,1
6074,3,0.989894,0.5,1,1,2.0,2,60.7,68.4,129.1,1,1,1,1
6075,2,0.989894,0.5,1,1,3.0,3,60.5,77.9,138.4,1,1,1,1
6076,0,0.0,0.5,0,0,,0,64.6,0.0,64.6,1,1,1,1
6077,0,0.0,0.5,0,0,,0,62.4,0.0,62.4,1,1,1,1
6078,1,0.989894,0.5,1,1,1.0,1,58.5,68.7,127.2,1,1,1,1
6079,1,0.989894,0.5,1,1,1.0,1,71.6,72.3,143.9,1,1,1,1
6080,2,0.989894,0.5,1,1,3.0,3,60.7,68.4,129.1,1,1,1,1
6081,0,0.0,0.5,0,0,,0,60.3,0.0,60.3,1,1,1,1
6082,1,0.999232,0.5,1,1,1.0,1,60.5,80.4,140.9,1,1,1,1
6083,1,0.997497,0.5,1,1,1.0,1,63.5,72.0,135.5,1,1,1,1
6084,1,1.0,0.5,1,1,1.0,1,62.5,67.4,129.9,1,1,1,1
6085,0,0.0,0.5,0,0,,0,62.3,0.0,62.3,1,1,1,1
6086,2,0.989894,0.5,1,1,2.0,2,65.4,70.2,135.6,1,1,1,1
6087,2,0.989894,0.5,1,1,3.0,3,61.2,69.7,130.9,1,1,1,1
6088,1,0.997497,0.5,1,1,1.0,1,59.8,67.1,126.9,1,1,1,1
6089,0,0.0,0.5,0,0,,0,73.3,0.0,73.3,1,1,1,1
6090,2,0.989894,0.5,1,1,2.0,2,61.5,70.7,132.2,1,1,1,1
6091,1,0.999232,0.5,1,1,1.0,1,61.0,69.3,130.3,1,1,1,1
6092,2,0.989894,0.5,1,1,3.0,3,67.5,74.5,142.0,1,1,1,1
6093,0,0.0,0.5,0,0,,0,62.2,0.0,62.2,1,1,1,1
6094,3,0.989894,0.5,1,1,3.0,3,161.5,382.0,543.5,1,1,1,1
6095,2,0.999232,0.5,1,1,2.0,2,147.3,98.1,245.4,1,1,1,1
6096,3,0.989894,0.5,1,1,2.0,2,86.3,85.6,171.9,1,1,1,1
6097,2,0.989894,0.5,1,1,2.0,2,69.3,89.3,158.6,1,1,1,1
6098,1,1.0,0.5,1,1,1.0,1,72.3,75.9,148.2,1,1,1,1
6099,2,0.989894,0.5,1,1,3.0,3,67.5,76.0,143.5,1,1,1,1
6100,1,1.0,0.5,1,1,1.0,1,76.9,84.7,161.6,1,1,1,1
6101,2,0.989894,0.5,1,1,2.0,2,72.3,78.6,150.9,1,1,1,1
6102,1,0.989894,0.5,1,1,1.0,1,68.3,74.0,142.3,1,1,1,1
6103,1,1.0,0.5,1,1,1.0,1,65.4,76.5,141.9,1,1,1,1
6104,1,1.0,0.5,1,1,1.0,1,78.6,76.7,155.3,1,1,1,1
6105,3,0.989894,0.5,1,1,3.0,3,66.9,74.1,141.0,1,1,1,1
6106,2,0.989894,0.5,1,1,2.0,2,66.4,81.2,147.6,1,1,1,1
6107,1,1.0,0.5,1,1,1.0,1,77.7,75.0,152.7,1,1,1,1
6108,0,0.0,0.5,0,0,,0,64.5,0.0,64.5,1,1,1,1
6109,1,0.989894,0.5,1,1,1.0,1,64.4,72.5,136.9,1,1,1,1
6110,0,0.0,0.5,0,0,,0,64.1,0.0,64.1,1,1,1,1
6111,3,0.989894,0.5,1,1,3.0,3,65.3,73.1,138.4,1,1,1,1
6112,3,0.989894,0.5,1,1,3.0,3,63.7,70.4,134.1,1,1,1,1
6113,3,0.989894,0.5,1,1,3.0,3,65.2,85.2,150.4,1,1,1,1
6114,0,0.0,0.5,0,0,,0,67.7,0.0,67.7,1,1,1,1
6115,3,0.989894,0.5,1,1,2.0,2,64.9,73.9,138.8,1,1,1,1
6116,3,0.989894,0.5,1,1,2.0,2,63.3,78.7,142.0,1,1,1,1
6117,0,0.0,0.5,0,0,,0,69.0,0.0,69.0,1,1,1,1
6118,3,0.989894,0.5,1,1,3.0,3,62.9,69.7,132.6,1,1,1,1
6119,0,0.0,0.5,0,0,,0,63.2,0.0,63.2,1,1,1,1
6120,0,0.0,0.5,0,0,,0,74.9,0.0,74.9,1,1,1,1
6121,2,0.989894,0.5,1,1,3.0,3,66.1,72.7,138.8,1,1,1,1
6122,3,0.989894,0.5,1,1,2.0,2,63.5,70.7,134.2,1,1,1,1
6123,0,0.0,0.5,0,0,,0,67.8,0.0,67.8,1,1,1,1
6124,0,0.0,0.5,0,0,,0,65.9,0.0,65.9,1,1,1,1
6125,1,1.0,0.5,1,1,1.0,1,65.5,73.8,139.3,1,1,1,1
6126,2,0.989894,0.5,1,1,3.0,3,62.8,83.7,146.5,1,1,1,1
6127,2,0.989894,0.5,1,1,1.0,1,75.4,77.9,153.3,1,1,1,1
6128,0,0.0,0.5,0,0,,0,66.2,0.0,66.2,1,1,1,1
6129,1,1.0,0.5,1,1,1.0,1,66.9,78.5,145.4,1,1,1,1
6130,1,0.997497,0.5,1,1,1.0,1,65.5,71.0,136.5,1,1,1,1
6131,1,0.999232,0.5,1,1,1.0,1,62.0,71.2,133.2,1,1,1,1
6132,1,1.0,0.5,1,1,1.0,1,62.2,68.0,130.2,1,1,1,1
6133,1,1.0,0.5,1,1,1.0,1,72.6,71.7,144.3,1,1,1,1
6134,1,1.0,0.5,1,1,1.0,1,68.1,75.1,143.2,1,1,1,1
6135,0,0.0,0.5,0,0,,0,260.7,0.0,260.7,1,1,1,1
6136,3,0.989894,0.5,1,1,3.0,3,82.8,85.4,168.2,1,1,1,1
6137,3,0.999232,0.5,1,1,3.0,3,71.3,78.9,150.2,1,1,1,1
6138,1,1.0,0.5,1,1,1.0,1,65.7,74.2,139.9,1,1,1,1
6139,0,0.0,0.5,0,0,,0,63.9,0.0,63.9,1,1,1,1
6140,0,0.0,0.5,0,0,,0,63.8,0.0,63.8,1,1,1,1
6141,0,0.0,0.5,0,0,,0,64.3,0.0,64.3,1,1,1,1
6142,1,1.0,0.5,1,1,1.0,1,65.8,71.3,137.1,1,1,1,1
6143,3,0.999232,0.5,1,1,3.0,3,62.7,73.7,136.4,1,1,1,1
6144,3,0.989894,0.5,1,1,3.0,3,65.8,72.2,138.0,1,1,1,1
6145,3,0.989894,0.5,1,1,2.0,2,63.6,72.0,135.6,1,1,1,1
6146,0,0.0,0.5,0,0,,0,62.3,0.0,62.3,1,1,1,1
6147,0,0.0,0.5,0,0,,0,62.9,0.0,62.9,1,1,1,1
6148,1,0.999232,0.5,1,1,1.0,1,63.7,70.9,134.6,1,1,1,1
6149,2,0.989894,0.5,1,1,3.0,3,62.6,71.8,134.4,1,1,1,1
6150,1,1.0,0.5,1,1,1.0,1,62.8,70.4,133.2,1,1,1,1
6151,0,0.989894,0.5,1,1,0.0,0,61.5,70.1,131.6,1,1,1,1
6152,0,0.0,0.5,0,0,,0,62.0,0.0,62.0,1,1,1,1
6153,0,0.0,0.5,0,0,,0,65.9,0.0,65.9,1,1,1,1
6154,1,0.989894,0.5,1,1,1.0,1,60.0,68.3,128.3,1,1,1,1
6155,1,0.989894,0.5,1,1,2.0,2,60.5,68.4,128.9,1,1,1,1
6156,3,1.0,0.5,1,1,3.0,3,60.4,67.5,127.9,1,1,1,1
6157,0,0.0,0.5,0,0,,0,62.0,0.0,62.0,1,1,1,1
6158,2,1.0,0.5,1,1,3.0,3,59.9,67.4,127.3,1,1,1,1
6159,2,0.997497,0.5,1,1,2.0,2,60.8,69.4,130.2,1,1,1,1
6160,2,0.989894,0.5,1,1,2.0,2,60.1,69.2,129.3,1,1,1,1
6161,1,1.0,0.5,1,1,1.0,1,62.8,67.2,130.0,1,1,1,1
6162,3,0.989894,0.5,1,1,2.0,2,60.5,69.2,129.7,1,1,1,1
6163,1,0.989894,0.5,1,1,1.0,1,61.4,69.8,131.2,1,1,1,1
6164,3,1.0,0.5,1,1,2.0,2,61.1,67.8,128.9,1,1,1,1
6165,0,0.0,0.5,0,0,,0,76.1,0.0,76.1,1,1,1,1
6166,0,0.0,0.5,0,0,,0,64.8,0.0,64.8,1,1,1,1
6167,3,0.999232,0.5,1,1,3.0,3,61.1,69.9,131.0,1,1,1,1
6168,1,0.997497,0.5,1,1,1.0,1,59.7,92.4,152.1,1,1,1,1
6169,3,0.989894,0.5,1,1,3.0,3,72.5,86.8,159.3,1,1,1,1
6170,1,1.0,0.5,1,1,1.0,1,64.9,68.2,133.1,1,1,1,1
6171,2,0.989894,0.5,1,1,3.0,3,61.7,84.0,145.7,1,1,1,1
6172,2,0.999232,0.5,1,1,2.0,2,65.0,70.4,135.4,1,1,1,1
6173,1,1.0,0.5,1,1,1.0,1,62.9,69.4,132.3,1,1,1,1
6174,0,0.0,0.5,0,0,,0,61.7,0.0,61.7,1,1,1,1
6175,0,0.0,0.5,0,0,,0,67.1,0.0,67.1,1,1,1,1
6176,3,0.989894,0.5,1,1,3.0,3,61.8,70.5,132.3,1,1,1,1
6177,0,0.0,0.5,0,0,,0,60.2,0.0,60.2,1,1,1,1
6178,1,1.0,0.5,1,1,1.0,1,71.6,70.4,142.0,1,1,1,1
6179,0,0.0,0.5,0,0,,0,61.4,0.0,61.4,1,1,1,1
6180,0,0.0,0.5,0,0,,0,60.0,0.0,60.0,1,1,1,1
6181,2,1.0,0.5,1,1,3.0,3,62.0,78.9,140.9,1,1,1,1
6182,2,0.989894,0.5,1,1,3.0,3,64.2,69.1,133.3,1,1,1,1
6183,1,0.989894,0.5,1,1,1.0,1,61.0,70.2,131.2,1,1,1,1
6184,0,0.0,0.5,0,0,,0,60.9,0.0,60.9,1,1,1,1
6185,3,0.989894,0.5,1,1,2.0,2,65.9,69.9,135.8,1,1,1,1
6186,3,0.989894,0.5,1,1,2.0,2,60.2,69.7,129.9,1,1,1,1
6187,3,0.989894,0.5,1,1,3.0,3,59.8,69.3,129.1,1,1,1,1
6188,3,0.989894,0.5,1,1,3.0,3,70.2,71.9,142.1,1,1,1,1
6189,3,0.989894,0.5,1,1,1.0,1,62.5,71.9,134.4,1,1,1,1
6190,2,0.989894,0.5,1,1,3.0,3,61.2,68.3,129.5,1,1,1,1
6191,0,0.0,0.5,0,0,,0,69.0,0.0,69.0,1,1,1,1
6192,0,0.0,0.5,0,0,,0,64.0,0.0,64.0,1,1,1,1
6193,1,0.997497,0.5,1,1,1.0,1,61.4,67.9,129.3,1,1,1,1
6194,0,0.0,0.5,0,0,,0,59.2,0.0,59.2,1,1,1,1
6195,1,0.999232,0.5,1,1,1.0,1,65.3,70.0,135.3,1,1,1,1
6196,0,0.0,0.5,0,0,,0,61.0,0.0,61.0,1,1,1,1
6197,0,0.0,0.5,0,0,,0,61.3,0.0,61.3,1,1,1,1
6198,2,0.989894,0.5,1,1,3.0,3,73.3,70.5,143.8,1,1,1,1
6199,1,1.0,0.5,1,1,1.0,1,62.7,69.6,132.3,1,1,1,1
6200,3,0.989894,0.5,1,1,3.0,3,60.7,69.5,130.2,1,1,1,1
6201,1,1.0,0.5,1,1,1.0,1,69.3,75.0,144.3,1,1,1,1
6202,3,0.989894,0.5,1,1,3.0,3,62.0,69.2,131.2,1,1,1,1
6203,0,0.0,0.5,0,0,,0,61.0,0.0,61.0,1,1,1,1
6204,3,0.989894,0.5,1,1,3.0,3,60.7,77.5,138.2,1,1,1,1
6205,2,0.989894,0.5,1,1,3.0,3,64.2,176.5,240.7,1,1,1,1
6206,0,0.0,0.5,0,0,,0,171.0,0.0,171.0,1,1,1,1
6207,1,1.0,0.5,1,1,1.0,1,105.1,117.5,222.6,1,1,1,1
6208,2,0.999232,0.5,1,1,3.0,3,98.5,107.4,205.9,1,1,1,1
6209,0,0.0,0.5,0,0,,0,120.3,0.0,120.3,1,1,1,1
6210,3,0.999232,0.5,1,1,3.0,3,82.6,83.5,166.1,1,1,1,1
6211,3,0.989894,0.5,1,1,3.0,3,74.9,102.9,177.8,1,1,1,1
6212,1,1.0,0.5,1,1,1.0,1,102.5,103.3,205.8,1,1,1,1
6213,2,0.989894,0.5,1,1,3.0,3,83.2,87.6,170.8,1,1,1,1
6214,3,0.989894,0.5,1,1,3.0,3,89.8,85.3,175.1,1,1,1,1
6215,0,0.0,0.5,0,0,,0,88.5,0.0,88.5,1,1,1,1
6216,2,0.989894,0.5,1,1,3.0,3,75.9,83.9,159.8,1,1,1,1
6217,0,0.0,0.5,0,0,,0,73.6,0.0,73.6,1,1,1,1
6218,1,0.997497,0.5,1,1,1.0,1,84.2,83.1,167.3,1,1,1,1
6219,3,0.989894,0.5,1,1,3.0,3,72.5,81.5,154.0,1,1,1,1
6220,2,0.989894,0.5,1,1,3.0,3,81.4,81.9,163.3,1,1,1,1
6221,3,1.0,0.5,1,1,2.0,2,79.8,87.4,167.2,1,1,1,1
6222,0,0.0,0.5,0,0,,0,72.5,0.0,72.5,1,1,1,1
6223,3,0.989894,0.5,1,1,3.0,3,67.8,76.2,144.0,1,1,1,1
6224,2,1.0,0.5,1,1,2.0,2,70.2,88.1,158.3,1,1,1,1
6225,0,0.0,0.5,0,0,,0,72.3,0.0,72.3,1,1,1,1
6226,2,0.989894,0.5,1,1,3.0,3,69.0,85.0,154.0,1,1,1,1
6227,3,0.989894,0.5,1,1,3.0,3,71.2,85.1,156.3,1,1,1,1
6228,3,0.989894,0.5,1,1,3.0,3,73.0,74.9,147.9,1,1,1,1
6229,3,0.989894,0.5,1,1,3.0,3,70.0,77.8,147.8,1,1,1,1
6230,1,1.0,0.5,1,1,1.0,1,67.2,75.1,142.3,1,1,1,1
6231,3,0.989894,0.5,1,1,2.0,2,82.3,82.1,164.4,1,1,1,1
6232,2,0.989894,0.5,1,1,2.0,2,70.9,75.7,146.6,1,1,1,1
6233,0,0.0,0.5,0,0,,0,124.8,0.0,124.8,1,1,1,1
6234,2,0.989894,0.5,1,1,3.0,3,83.3,75.3,158.6,1,1,1,1
6235,3,1.0,0.5,1,1,2.0,2,66.5,73.2,139.7,1,1,1,1
6236,3,0.989894,0.5,1,1,3.0,3,65.4,71.3,136.7,1,1,1,1
6237,2,0.989894,0.5,1,1,2.0,2,73.2,79.6,152.8,1,1,1,1
6238,0,0.0,0.5,0,0,,0,66.5,0.0,66.5,1,1,1,1
6239,1,1.0,0.5,1,1,1.0,1,71.9,78.8,150.7,1,1,1,1
6240,2,0.989894,0.5,1,1,3.0,3,65.1,85.2,150.3,1,1,1,1
6241,3,0.989894,0.5,1,1,2.0,2,70.2,74.9,145.1,1,1,1,1
6242,2,0.989894,0.5,1,1,2.0,2,64.6,72.1,136.7,1,1,1,1
6243,0,0.0,0.5,0,0,,0,65.4,0.0,65.4,1,1,1,1
6244,0,0.0,0.5,0,0,,0,70.7,0.0,70.7,1,1,1,1
6245,2,0.989894,0.5,1,1,3.0,3,68.1,72.6,140.7,1,1,1,1
6246,1,1.0,0.5,1,1,1.0,1,93.1,94.6,187.7,1,1,1,1
6247,2,0.989894,0.5,1,1,3.0,3,72.6,75.0,147.6,1,1,1,1
6248,0,0.0,0.5,0,0,,0,64.9,0.0,64.9,1,1,1,1
6249,2,0.999232,0.5,1,1,2.0,2,63.5,70.7,134.2,1,1,1,1
6250,2,1.0,0.5,1,1,3.0,3,85.8,74.4,160.2,1,1,1,1
6251,1,0.989894,0.5,1,1,1.0,1,65.9,71.1,137.0,1,1,1,1
6252,2,0.989894,0.5,1,1,3.0,3,62.1,71.2,133.3,1,1,1,1
6253,0,0.0,0.5,0,0,,0,69.7,0.0,69.7,1,1,1,1
6254,3,0.989894,0.5,1,1,2.0,2,64.3,72.1,136.4,1,1,1,1
6255,1,0.989894,0.5,1,1,1.0,1,62.0,72.9,134.9,1,1,1,1
6256,1,1.0,0.5,1,1,1.0,1,62.5,81.1,143.6,1,1,1,1
6257,1,1.0,0.5,1,1,1.0,1,73.2,73.5,146.7,1,1,1,1
6258,3,0.989894,0.5,1,1,2.0,2,63.6,70.9,134.5,1,1,1,1
6259,2,1.0,0.5,1,1,2.0,2,63.3,78.8,142.1,1,1,1,1
6260,3,0.989894,0.5,1,1,2.0,2,67.7,73.4,141.1,1,1,1,1
6261,3,1.0,0.5,1,1,2.0,2,63.8,72.3,136.1,1,1,1,1
6262,2,0.989894,0.5,1,1,3.0,3,62.4,71.5,133.9,1,1,1,1
6263,1,1.0,0.5,1,1,1.0,1,73.8,76.2,150.0,1,1,1,1
6264,1,0.997497,0.5,1,1,1.0,1,69.9,278.8,348.7,1,1,1,1
6265,0,0.0,0.5,0,0,,0,104.8,0.0,104.8,1,1,1,1
6266,1,1.0,0.5,1,1,1.0,1,74.2,78.4,152.6,1,1,1,1
6267,0,0.0,0.5,0,0,,0,66.5,0.0,66.5,1,1,1,1
6268,3,0.989894,0.5,1,1,3.0,3,65.9,71.6,137.5,1,1,1,1
6269,2,0.999232,0.5,1,1,2.0,2,65.4,72.3,137.7,1,1,1,1
6270,3,0.989894,0.5,1,1,2.0,2,61.8,71.5,133.3,1,1,1,1
6271,3,0.989894,0.5,1,1,3.0,3,62.7,71.4,134.1,1,1,1,1
6272,2,0.989894,0.5,1,1,1.0,1,64.4,70.7,135.1,1,1,1,1
6273,3,0.989894,0.5,1,1,3.0,3,65.8,71.3,137.1,1,1,1,1
6274,3,0.989894,0.5,1,1,2.0,2,62.8,70.4,133.2,1,1,1,1
6275,0,0.0,0.5,0,0,,0,62.2,0.0,62.2,1,1,1,1
6276,1,0.997497,0.5,1,1,1.0,1,62.5,69.8,132.3,1,1,1,1
6277,3,0.989894,0.5,1,1,2.0,2,63.0,75.2,138.2,1,1,1,1
6278,1,0.989894,0.5,1,1,1.0,1,65.1,70.9,136.0,1,1,1,1
6279,3,0.989894,0.5,1,1,3.0,3,63.2,72.5,135.7,1,1,1,1
6280,0,0.0,0.5,0,0,,0,63.6,0.0,63.6,1,1,1,1
6281,3,0.989894,0.5,1,1,2.0,2,63.0,71.9,134.9,1,1,1,1
6282,3,0.989894,0.5,1,1,2.0,2,63.9,70.0,133.9,1,1,1,1
6283,0,0.0,0.5,0,0,,0,61.7,0.0,61.7,1,1,1,1
6284,2,0.989894,0.5,1,1,3.0,3,63.4,69.9,133.3,1,1,1,1
6285,1,1.0,0.5,1,1,1.0,1,62.4,71.4,133.8,1,1,1,1
6286,3,0.989894,0.5,1,1,3.0,3,62.0,69.7,131.7,1,1,1,1
6287,3,0.989894,0.5,1,1,3.0,3,61.9,71.4,133.3,1,1,1,1
6288,2,0.989894,0.5,1,1,3.0,3,62.6,71.0,133.6,1,1,1,1
6289,1,0.997497,0.5,1,1,1.0,1,62.3,69.8,132.1,1,1,1,1
6290,0,0.0,0.5,0,0,,0,60.8,0.0,60.8,1,1,1,1
6291,1,0.997497,0.5,1,1,1.0,1,60.2,70.5,130.7,1,1,1,1
6292,0,0.0,0.5,0,0,,0,61.8,0.0,61.8,1,1,1,1
6293,2,0.989894,0.5,1,1,2.0,2,80.1,73.3,153.4,1,1,1,1
6294,3,0.989894,0.5,1,1,3.0,3,61.4,68.8,130.2,1,1,1,1
6295,2,1.0,0.5,1,1,3.0,3,59.4,68.8,128.2,1,1,1,1
6296,0,0.0,0.5,0,0,,0,70.8,0.0,70.8,1,1,1,1
6297,2,1.0,0.5,1,1,3.0,3,63.8,69.5,133.3,1,1,1,1
6298,3,0.989894,0.5,1,1,2.0,2,60.6,69.2,129.8,1,1,1,1
6299,2,0.989894,0.5,1,1,3.0,3,60.4,79.2,139.6,1,1,1,1
6300,2,1.0,0.5,1,1,2.0,2,64.8,71.1,135.9,1,1,1,1
6301,1,1.0,0.5,1,1,1.0,1,62.1,67.9,130.0,1,1,1,1
6302,2,0.989894,0.5,1,1,3.0,3,61.4,68.2,129.6,1,1,1,1
6303,2,0.989894,0.5,1,1,2.0,2,70.7,71.9,142.6,1,1,1,1
6304,2,0.999232,0.5,1,1,2.0,2,61.5,71.7,133.2,1,1,1,1
6305,2,0.989894,0.5,1,1,2.0,2,62.0,69.8,131.8,1,1,1,1
6306,3,0.989894,0.5,1,1,2.0,2,70.8,72.6,143.4,1,1,1,1
6307,0,0.0,0.5,0,0,,0,62.7,0.0,62.7,1,1,1,1
6308,0,0.0,0.5,0,0,,0,60.1,0.0,60.1,1,1,1,1
6309,3,0.989894,0.5,1,1,2.0,2,61.8,87.6,149.4,1,1,1,1
6310,2,0.999232,0.5,1,1,2.0,2,74.0,74.6,148.6,1,1,1,1
6311,1,1.0,0.5,1,1,1.0,1,62.6,70.1,132.7,1,1,1,1
6312,3,0.989894,0.5,1,1,2.0,2,63.1,201.3,264.4,1,1,1,1
6313,2,0.989894,0.5,1,1,2.0,2,167.6,190.1,357.7,1,1,1,1
6314,2,0.989894,0.5,1,1,2.0,2,103.9,84.5,188.4,1,1,1,1
6315,0,0.0,0.5,0,0,,0,87.7,0.0,87.7,1,1,1,1
6316,0,0.0,0.5,0,0,,0,65.6,0.0,65.6,1,1,1,1
6317,1,1.0,0.5,1,1,1.0,1,63.5,69.8,133.3,1,1,1,1
6318,0,0.0,0.5,0,0,,0,77.3,0.0,77.3,1,1,1,1
6319,1,0.997497,0.5,1,1,1.0,1,61.7,71.4,133.1,1,1,1,1
6320,1,0.989894,0.5,1,1,1.0,1,61.1,68.5,129.6,1,1,1,1
6321,2,0.989894,0.5,1,1,2.0,2,69.2,75.9,145.1,1,1,1,1
6322,3,0.989894,0.5,1,1,3.0,3,62.6,68.9,131.5,1,1,1,1
6323,3,0.989894,0.5,1,1,3.0,3,61.9,68.6,130.5,1,1,1,1
6324,3,0.989894,0.5,1,1,2.0,2,60.3,79.1,139.4,1,1,1,1
6325,1,1.0,0.5,1,1,1.0,1,71.5,72.4,143.9,1,1,1,1
6326,1,0.999232,0.5,1,1,1.0,1,62.6,69.6,132.2,1,1,1,1
6327,2,1.0,0.5,1,1,3.0,3,61.4,76.9,138.3,1,1,1,1
6328,0,0.0,0.5,0,0,,0,66.5,0.0,66.5,1,1,1,1
6329,0,0.0,0.5,0,0,,0,63.6,0.0,63.6,1,1,1,1
6330,2,0.999232,0.5,1,1,3.0,3,59.3,69.8,129.1,1,1,1,1
6331,1,0.989894,0.5,1,1,2.0,2,72.4,71.4,143.8,1,1,1,1
6332,1,0.989894,0.5,1,1,1.0,1,71.5,73.5,145.0,1,1,1,1
6333,0,0.0,0.5,0,0,,0,263.0,0.0,263.0,1,1,1,1
6334,3,0.989894,0.5,1,1,3.0,3,77.5,79.8,157.3,1,1,1,1
6335,2,0.989894,0.5,1,1,2.0,2,67.4,74.0,141.4,1,1,1,1
6336,1,0.999232,0.5,1,1,1.0,1,63.3,70.7,134.0,1,1,1,1
6337,2,0.989894,0.5,1,1,3.0,3,62.5,70.4,132.9,1,1,1,1
6338,1,1.0,0.5,1,1,1.0,1,61.1,70.3,131.4,1,1,1,1
6339,1,0.989894,0.5,1,1,1.0,1,62.1,72.3,134.4,1,1,1,1
6340,3,0.989894,0.5,1,1,2.0,2,63.1,70.8,133.9,1,1,1,1
6341,3,0.989894,0.5,1,1,2.0,2,62.0,70.7,132.7,1,1,1,1
6342,0,0.0,0.5,0,0,,0,59.7,0.0,59.7,1,1,1,1
6343,3,0.989894,0.5,1,1,3.0,3,61.9,69.2,131.1,1,1,1,1
6344,0,0.0,0.5,0,0,,0,60.5,0.0,60.5,1,1,1,1
6345,0,0.0,0.5,0,0,,0,60.2,0.0,60.2,1,1,1,1
6346,1,1.0,0.5,1,1,1.0,1,60.4,68.5,128.9,1,1,1,1
6347,3,0.989894,0.5,1,1,2.0,2,70.0,86.3,156.3,1,1,1,1
6348,2,0.989894,0.5,1,1,2.0,2,66.4,73.9,140.3,1,1,1,1
6349,0,0.0,0.5,0,0,,0,63.6,0.0,63.6,1,1,1,1
6350,2,0.989894,0.5,1,1,3.0,3,60.9,71.0,131.9,1,1,1,1
6351,3,1.0,0.5,1,1,3.0,3,62.0,70.3,132.3,1,1,1,1
6352,2,0.989894,0.5,1,1,2.0,2,61.4,69.4,130.8,1,1,1,1
6353,1,0.989894,0.5,1,1,1.0,1,60.3,69.9,130.2,1,1,1,1
6354,1,0.989894,0.5,1,1,1.0,1,61.5,69.1,130.6,1,1,1,1
6355,0,0.0,0.5,0,0,,0,61.4,0.0,61.4,1,1,1,1
6356,3,0.999232,0.5,1,1,3.0,3,60.4,68.6,129.0,1,1,1,1
6357,1,0.989894,0.5,1,1,1.0,1,61.9,70.1,132.0,1,1,1,1
6358,3,0.989894,0.5,1,1,3.0,3,61.1,68.8,129.9,1,1,1,1
6359,2,0.989894,0.5,1,1,2.0,2,60.6,68.9,129.5,1,1,1,1
6360,0,0.0,0.5,0,0,,0,61.4,0.0,61.4,1,1,1,1
6361,1,0.999232,0.5,1,1,1.0,1,80.8,71.9,152.7,1,1,1,1
6362,2,0.989894,0.5,1,1,2.0,2,63.6,68.1,131.7,1,1,1,1
6363,2,0.989894,0.5,1,1,2.0,2,61.5,70.5,132.0,1,1,1,1
6364,3,1.0,0.5,1,1,2.0,2,70.5,74.3,144.8,1,1,1,1
6365,3,0.989894,0.5,1,1,2.0,2,62.1,69.7,131.8,1,1,1,1
6366,0,0.0,0.5,0,0,,0,60.3,0.0,60.3,1,1,1,1
6367,1,1.0,0.5,1,1,1.0,1,60.9,81.0,141.9,1,1,1,1
6368,2,0.989894,0.5,1,1,3.0,3,66.2,71.1,137.3,1,1,1,1
6369,2,0.989894,0.5,1,1,2.0,2,62.6,69.2,131.8,1,1,1,1
6370,1,1.0,0.5,1,1,1.0,1,60.0,77.1,137.1,1,1,1,1
6371,1,1.0,0.5,1,1,1.0,1,65.7,72.6,138.3,1,1,1,1
6372,2,0.989894,0.5,1,1,2.0,2,60.3,69.1,129.4,1,1,1,1
6373,2,0.989894,0.5,1,1,2.0,2,62.1,69.3,131.4,1,1,1,1
6374,0,0.0,0.5,0,0,,0,70.9,0.0,70.9,1,1,1,1
6375,2,0.989894,0.5,1,1,3.0,3,61.0,70.0,131.0,1,1,1,1
6376,1,1.0,0.5,1,1,1.0,1,61.1,68.1,129.2,1,1,1,1
6377,3,0.989894,0.5,1,1,3.0,3,61.8,81.0,142.8,1,1,1,1
6378,0,0.0,0.5,0,0,,0,63.1,0.0,63.1,1,1,1,1
6379,0,0.0,0.5,0,0,,0,60.8,0.0,60.8,1,1,1,1
6380,0,0.0,0.5,0,0,,0,60.3,0.0,60.3,1,1,1,1
6381,0,0.0,0.5,0,0,,0,68.5,0.0,68.5,1,1,1,1
6382,1,0.997497,0.5,1,1,1.0,1,61.8,69.3,131.1,1,1,1,1
6383,0,0.0,0.5,0,0,,0,60.7,0.0,60.7,1,1,1,1
6384,0,0.0,0.5,0,0,,0,72.4,0.0,72.4,1,1,1,1
6385,0,0.0,0.5,0,0,,0,61.9,0.0,61.9,1,1,1,1
6386,3,0.989894,0.5,1,1,2.0,2,61.0,71.4,132.4,1,1,1,1
6387,3,0.989894,0.5,1,1,3.0,3,67.2,75.1,142.3,1,1,1,1
6388,0,0.0,0.5,0,0,,0,64.7,0.0,64.7,1,1,1,1
6389,3,0.989894,0.5,1,1,2.0,2,62.1,68.8,130.9,1,1,1,1
6390,1,0.989894,0.5,1,1,1.0,1,59.8,78.4,138.2,1,1,1,1
6391,2,0.989894,0.5,1,1,2.0,2,64.7,69.8,134.5,1,1,1,1
6392,1,0.989894,0.5,1,1,1.0,1,62.3,70.2,132.5,1,1,1,1
6393,2,0.989894,0.5,1,1,3.0,3,62.5,69.4,131.9,1,1,1,1
6394,1,0.999232,0.5,1,1,1.0,1,72.4,70.9,143.3,1,1,1,1
6395,0,0.0,0.5,0,0,,0,62.2,0.0,62.2,1,1,1,1
6396,2,0.989894,0.5,1,1,2.0,2,59.4,67.1,126.5,1,1,1,1
6397,2,0.989894,0.5,1,1,3.0,3,70.2,73.6,143.8,1,1,1,1
6398,3,0.989894,0.5,1,1,3.0,3,61.1,68.6,129.7,1,1,1,1
6399,0,0.0,0.5,0,0,,0,61.1,0.0,61.1,1,1,1,1
6400,1,1.0,0.5,1,1,1.0,1,59.6,79.1,138.7,1,1,1,1
6401,2,0.989894,0.5,1,1,3.0,3,64.7,68.2,132.9,1,1,1,1
6402,3,0.989894,0.5,1,1,2.0,2,60.4,68.6,129.0,1,1,1,1
6403,3,0.989894,0.5,1,1,2.0,2,61.6,75.9,137.5,1,1,1,1
6404,0,0.0,0.5,0,0,,0,65.9,0.0,65.9,1,1,1,1
6405,3,0.989894,0.5,1,1,3.0,3,61.9,69.1,131.0,1,1,1,1
6406,2,0.989894,0.5,1,1,2.0,2,60.4,66.7,127.1,1,1,1,1
6407,0,0.0,0.5,0,0,,0,71.1,0.0,71.1,1,1,1,1
6408,3,0.989894,0.5,1,1,2.0,2,61.0,69.8,130.8,1,1,1,1
6409,3,0.989894,0.5,1,1,3.0,3,61.6,69.8,131.4,1,1,1,1
6410,3,0.989894,0.5,1,1,2.0,2,60.0,79.0,139.0,1,1,1,1
6411,0,0.0,0.5,0,0,,0,64.2,0.0,64.2,1,1,1,1
6412,0,0.0,0.5,0,0,,0,60.4,0.0,60.4,1,1,1,1
6413,0,0.0,0.5,0,0,,0,61.6,0.0,61.6,1,1,1,1
6414,2,0.989894,0.5,1,1,2.0,2,65.8,69.4,135.2,1,1,1,1
6415,0,0.0,0.5,0,0,,0,60.8,0.0,60.8,1,1,1,1
6416,2,0.989894,0.5,1,1,3.0,3,61.3,68.5,129.8,1,1,1,1
6417,0,0.0,0.5,0,0,,0,72.5,0.0,72.5,1,1,1,1
6418,0,0.0,0.5,0,0,,0,63.5,0.0,63.5,1,1,1,1
6419,2,0.989894,0.5,1,1,3.0,3,60.8,70.3,131.1,1,1,1,1
6420,0,0.0,0.5,0,0,,0,60.6,0.0,60.6,1,1,1,1
6421,1,0.997497,0.5,1,1,1.0,1,65.1,70.1,135.2,1,1,1,1
6422,0,0.0,0.5,0,0,,0,62.1,0.0,62.1,1,1,1,1
6423,1,0.989894,0.5,1,1,1.0,1,61.3,78.2,139.5,1,1,1,1
6424,0,0.0,0.5,0,0,,0,66.5,0.0,66.5,1,1,1,1
6425,3,1.0,0.5,1,1,3.0,3,62.2,67.8,130.0,1,1,1,1
6426,2,0.999232,0.5,1,1,3.0,3,60.9,68.7,129.6,1,1,1,1
6427,1,1.0,0.5,1,1,1.0,1,70.9,72.7,143.6,1,1,1,1
6428,1,1.0,0.5,1,1,1.0,1,157.0,163.0,320.0,1,1,1,1
6429,0,0.0,0.5,0,0,,0,106.7,0.0,106.7,1,1,1,1
6430,2,0.989894,0.5,1,1,2.0,2,243.4,160.0,403.4,1,1,1,1
6431,0,0.0,0.5,0,0,,0,94.3,0.0,94.3,1,1,1,1
6432,3,0.989894,0.5,1,1,3.0,3,70.6,81.3,151.9,1,1,1,1
6433,3,0.989894,0.5,1,1,3.0,3,68.5,72.4,140.9,1,1,1,1
6434,2,0.989894,0.5,1,1,2.0,2,63.0,72.5,135.5,1,1,1,1
6435,2,0.989894,0.5,1,1,2.0,2,61.9,71.4,133.3,1,1,1,1
6436,0,0.0,0.5,0,0,,0,60.5,0.0,60.5,1,1,1,1
6437,2,0.989894,0.5,1,1,3.0,3,62.4,70.6,133.0,1,1,1,1
6438,0,0.0,0.5,0,0,,0,94.2,0.0,94.2,1,1,1,1
6439,3,1.0,0.5,1,1,3.0,3,62.8,70.2,133.0,1,1,1,1
6440,2,0.989894,0.5,1,1,3.0,3,62.1,68.6,130.7,1,1,1,1
6441,0,0.989894,0.5,1,1,0.0,0,61.8,69.0,130.8,1,1,1,1
6442,0,0.0,0.5,0,0,,0,60.0,0.0,60.0,1,1,1,1
6443,0,0.0,0.5,0,0,,0,61.3,0.0,61.3,1,1,1,1
6444,3,0.989894,0.5,1,1,3.0,3,60.8,71.1,131.9,1,1,1,1
6445,0,0.0,0.5,0,0,,0,63.1,0.0,63.1,1,1,1,1
6446,2,0.999232,0.5,1,1,2.0,2,63.1,73.6,136.7,1,1,1,1
6447,2,0.989894,0.5,1,1,3.0,3,63.1,71.4,134.5,1,1,1,1
6448,0,0.0,0.5,0,0,,0,61.9,0.0,61.9,1,1,1,1
6449,3,0.989894,0.5,1,1,3.0,3,63.8,71.1,134.9,1,1,1,1
6450,1,1.0,0.5,1,1,1.0,1,62.5,71.6,134.1,1,1,1,1
6451,2,0.989894,0.5,1,1,3.0,3,62.4,71.0,133.4,1,1,1,1
6452,3,0.989894,0.5,1,1,3.0,3,63.5,90.5,154.0,1,1,1,1
6453,1,0.989894,0.5,1,1,1.0,1,90.2,109.1,199.3,1,1,1,1
6454,1,1.0,0.5,1,1,1.0,1,69.7,72.8,142.5,1,1,1,1
6455,0,0.0,0.5,0,0,,0,63.5,0.0,63.5,1,1,1,1
6456,3,1.0,0.5,1,1,2.0,2,62.3,70.8,133.1,1,1,1,1
6457,3,0.989894,0.5,1,1,2.0,2,62.3,70.5,132.8,1,1,1,1
6458,0,0.0,0.5,0,0,,0,61.7,0.0,61.7,1,1,1,1
6459,3,0.989894,0.5,1,1,3.0,3,61.9,75.7,137.6,1,1,1,1
6460,2,1.0,0.5,1,1,3.0,3,62.1,94.4,156.5,1,1,1,1
6461,2,0.989894,0.5,1,1,2.0,2,72.5,73.6,146.1,1,1,1,1
6462,1,0.989894,0.5,1,1,1.0,1,64.6,72.3,136.9,1,1,1,1
6463,3,0.989894,0.5,1,1,3.0,3,63.6,86.1,149.7,1,1,1,1
6464,2,0.989894,0.5,1,1,3.0,3,65.9,72.1,138.0,1,1,1,1
6465,0,0.0,0.5,0,0,,0,63.3,0.0,63.3,1,1,1,1
6466,3,0.989894,0.5,1,1,2.0,2,65.5,89.3,154.8,1,1,1,1
6467,0,0.177465,0.5,0,0,,0,68.5,0.0,68.5,1,1,1,1
6468,1,0.419355,0.5,0,0,,0,64.0,0.0,64.0,1,1,1,1
6469,0,0.0,0.5,0,0,,0,64.7,0.0,64.7,1,1,1,1
6470,0,0.0,0.5,0,0,,0,78.1,0.0,78.1,1,1,1,1
6471,2,1.0,0.5,1,1,3.0,3,63.4,72.5,135.9,1,1,1,1
6472,2,1.0,0.5,1,1,3.0,3,62.9,70.5,133.4,1,1,1,1
6473,0,0.0,0.5,0,0,,0,71.2,0.0,71.2,1,1,1,1
6474,3,1.0,0.5,1,1,2.0,2,64.9,70.8,135.7,1,1,1,1
6475,0,0.0,0.5,0,0,,0,62.9,0.0,62.9,1,1,1,1
6476,2,0.997497,0.5,1,1,2.0,2,63.8,82.2,146.0,1,1,1,1
6477,2,0.989894,0.5,1,1,2.0,2,67.6,72.9,140.5,1,1,1,1
6478,0,0.0,0.5,0,0,,0,64.3,0.0,64.3,1,1,1,1
6479,3,0.989894,0.5,1,1,3.0,3,62.1,78.2,140.3,1,1,1,1
6480,1,0.999232,0.5,1,1,1.0,1,67.8,72.6,140.4,1,1,1,1
6481,2,0.989894,0.5,1,1,3.0,3,64.9,70.1,135.0,1,1,1,1
6482,3,0.989894,0.5,1,1,3.0,3,63.6,71.0,134.6,1,1,1,1
6483,3,0.989894,0.5,1,1,2.0,2,73.0,75.4,148.4,1,1,1,1
6484,3,0.989894,0.5,1,1,2.0,2,62.6,71.7,134.3,1,1,1,1
6485,0,0.0,0.5,0,0,,0,65.8,0.0,65.8,1,1,1,1
6486,3,0.989894,0.5,1,1,3.0,3,63.2,82.3,145.5,1,1,1,1
6487,3,0.989894,0.5,1,1,2.0,2,65.7,71.9,137.6,1,1,1,1
6488,2,0.997497,0.5,1,1,2.0,2,62.7,71.8,134.5,1,1,1,1
6489,0,0.0,0.5,0,0,,0,63.9,0.0,63.9,1,1,1,1
6490,3,0.989894,0.5,1,1,3.0,3,67.5,72.6,140.1,1,1,1,1
6491,2,0.989894,0.5,1,1,3.0,3,62.2,69.8,132.0,1,1,1,1
6492,3,0.989894,0.5,1,1,2.0,2,62.7,71.0,133.7,1,1,1,1
6493,1,0.999232,0.5,1,1,1.0,1,75.6,74.8,150.4,1,1,1,1
6494,2,1.0,0.5,1,1,2.0,2,64.0,70.7,134.7,1,1,1,1
6495,0,0.0,0.5,0,0,,0,63.8,0.0,63.8,1,1,1,1
6496,2,0.989894,0.5,1,1,3.0,3,70.8,75.6,146.4,1,1,1,1
6497,3,0.989894,0.5,1,1,3.0,3,64.0,71.3,135.3,1,1,1,1
6498,2,0.989894,0.5,1,1,3.0,3,61.3,69.8,131.1,1,1,1,1
6499,1,1.0,0.5,1,1,1.0,1,62.5,83.8,146.3,1,1,1,1
6500,2,0.989894,0.5,1,1,3.0,3,66.2,70.6,136.8,1,1,1,1
6501,3,0.989894,0.5,1,1,2.0,2,63.2,71.5,134.7,1,1,1,1
6502,1,0.997497,0.5,1,1,1.0,1,62.4,68.7,131.1,1,1,1,1
6503,2,1.0,0.5,1,1,2.0,2,73.9,73.6,147.5,1,1,1,1
6504,2,0.989894,0.5,1,1,3.0,3,65.2,69.8,135.0,1,1,1,1
6505,1,1.0,0.5,1,1,1.0,1,62.7,69.1,131.8,1,1,1,1
6506,3,0.989894,0.5,1,1,3.0,3,70.0,74.6,144.6,1,1,1,1
6507,1,0.997497,0.5,1,1,1.0,1,65.3,72.0,137.3,1,1,1,1
6508,1,1.0,0.5,1,1,1.0,1,63.9,69.8,133.7,1,1,1,1
6509,2,0.989894,0.5,1,1,2.0,2,63.8,80.9,144.7,1,1,1,1
6510,3,0.989894,0.5,1,1,2.0,2,65.4,70.7,136.1,1,1,1,1
6511,0,0.0,0.5,0,0,,0,63.3,0.0,63.3,1,1,1,1
6512,3,0.989894,0.5,1,1,2.0,2,61.7,77.2,138.9,1,1,1,1
6513,3,0.989894,0.5,1,1,3.0,3,68.1,73.9,142.0,1,1,1,1
6514,2,0.989894,0.5,1,1,3.0,3,62.1,71.0,133.1,1,1,1,1
6515,2,0.989894,0.5,1,1,3.0,3,61.7,71.4,133.1,1,1,1,1
6516,1,0.997497,0.5,1,1,1.0,1,74.8,75.1,149.9,1,1,1,1
6517,3,0.989894,0.5,1,1,3.0,3,65.4,69.6,135.0,1,1,1,1
6518,3,0.989894,0.5,1,1,2.0,2,63.1,68.9,132.0,1,1,1,1
6519,1,0.989894,0.5,1,1,1.0,1,63.2,82.1,145.3,1,1,1,1
6520,0,0.0,0.5,0,0,,0,65.0,0.0,65.0,1,1,1,1
6521,0,0.0,0.5,0,0,,0,64.9,0.0,64.9,1,1,1,1
6522,3,0.989894,0.5,1,1,2.0,2,61.6,78.9,140.5,1,1,1,1
6523,1,0.989894,0.5,1,1,1.0,1,69.0,73.0,142.0,1,1,1,1
6524,3,0.989894,0.5,1,1,2.0,2,62.7,70.2,132.9,1,1,1,1
6525,0,0.0,0.5,0,0,,0,63.2,0.0,63.2,1,1,1,1
6526,3,0.999232,0.5,1,1,3.0,3,72.3,73.5,145.8,1,1,1,1
6527,0,0.0,0.5,0,0,,0,65.1,0.0,65.1,1,1,1,1
6528,3,1.0,0.5,1,1,3.0,3,63.9,69.2,133.1,1,1,1,1
6529,1,0.989894,0.5,1,1,1.0,1,70.0,76.2,146.2,1,1,1,1
6530,0,0.0,0.5,0,0,,0,66.5,0.0,66.5,1,1,1,1
6531,3,0.989894,0.5,1,1,3.0,3,63.8,73.3,137.1,1,1,1,1
6532,1,1.0,0.5,1,1,1.0,1,62.7,80.1,142.8,1,1,1,1
6533,0,0.0,0.5,0,0,,0,67.9,0.0,67.9,1,1,1,1
6534,3,0.989894,0.5,1,1,3.0,3,62.4,71.6,134.0,1,1,1,1
6535,3,0.989894,0.5,1,1,3.0,3,62.7,69.9,132.6,1,1,1,1
6536,3,0.999232,0.5,1,1,2.0,2,75.5,72.6,148.1,1,1,1,1
6537,0,0.0,0.5,0,0,,0,64.5,0.0,64.5,1,1,1,1
6538,3,0.989894,0.5,1,1,2.0,2,62.8,72.6,135.4,1,1,1,1
6539,2,0.989894,0.5,1,1,3.0,3,75.5,230.2,305.7,1,1,1,1
6540,2,0.989894,0.5,1,1,2.0,2,127.2,188.3,315.5,1,1,1,1
6541,0,0.177465,0.5,0,0,,0,135.7,0.0,135.7,1,1,1,1
6542,3,0.999232,0.5,1,1,3.0,3,143.4,90.2,233.6,1,1,1,1
6543,0,0.0,0.5,0,0,,0,71.3,0.0,71.3,1,1,1,1
6544,0,0.0,0.5,0,0,,0,66.6,0.0,66.6,1,1,1,1
6545,1,0.997497,0.5,1,1,1.0,1,68.5,73.2,141.7,1,1,1,1
6546,2,0.989894,0.5,1,1,2.0,2,64.5,72.5,137.0,1,1,1,1
6547,0,0.0,0.5,0,0,,0,61.4,0.0,61.4,1,1,1,1
6548,0,0.0,0.5,0,0,,0,61.9,0.0,61.9,1,1,1,1
6549,3,0.989894,0.5,1,1,3.0,3,63.4,69.9,133.3,1,1,1,1
6550,2,0.989894,0.5,1,1,3.0,3,61.5,69.5,131.0,1,1,1,1
6551,1,1.0,0.5,1,1,1.0,1,61.3,70.2,131.5,1,1,1,1
6552,2,0.989894,0.5,1,1,2.0,2,62.4,70.6,133.0,1,1,1,1
6553,2,1.0,0.5,1,1,2.0,2,62.4,69.4,131.8,1,1,1,1
6554,3,0.989894,0.5,1,1,2.0,2,61.3,69.2,130.5,1,1,1,1
6555,1,1.0,0.5,1,1,1.0,1,60.9,69.3,130.2,1,1,1,1
6556,1,0.989894,0.5,1,1,1.0,1,60.1,68.3,128.4,1,1,1,1
6557,2,1.0,0.5,1,1,3.0,3,60.5,69.0,129.5,1,1,1,1
6558,0,0.0,0.5,0,0,,0,185.4,0.0,185.4,1,1,1,1
6559,0,0.0,0.5,0,0,,0,115.5,0.0,115.5,1,1,1,1
6560,1,1.0,0.5,1,1,1.0,1,98.7,89.5,188.2,1,1,1,1
6561,3,0.989894,0.5,1,1,3.0,3,76.4,77.2,153.6,1,1,1,1
6562,0,0.0,0.5,0,0,,0,72.8,0.0,72.8,1,1,1,1
6563,2,1.0,0.5,1,1,2.0,2,80.6,82.5,163.1,1,1,1,1
6564,3,0.989894,0.5,1,1,3.0,3,67.7,73.9,141.6,1,1,1,1
6565,0,0.0,0.5,0,0,,0,67.7,0.0,67.7,1,1,1,1
6566,2,0.989894,0.5,1,1,2.0,2,64.7,79.9,144.6,1,1,1,1
6567,2,0.989894,0.5,1,1,3.0,3,69.1,75.7,144.8,1,1,1,1
6568,2,0.989894,0.5,1,1,3.0,3,67.1,72.6,139.7,1,1,1,1
6569,0,0.0,0.5,0,0,,0,76.1,0.0,76.1,1,1,1,1
6570,3,0.989894,0.5,1,1,2.0,2,68.9,72.9,141.8,1,1,1,1
6571,1,1.0,0.5,1,1,1.0,1,66.0,73.4,139.4,1,1,1,1
6572,1,0.999232,0.5,1,1,1.0,1,66.6,82.2,148.8,1,1,1,1
6573,2,0.989894,0.5,1,1,2.0,2,70.0,72.9,142.9,1,1,1,1
6574,2,0.989894,0.5,1,1,3.0,3,62.4,71.7,134.1,1,1,1,1
6575,3,0.989894,0.5,1,1,2.0,2,63.7,79.3,143.0,1,1,1,1
6576,2,0.989894,0.5,1,1,2.0,2,77.4,73.2,150.6,1,1,1,1
6577,2,1.0,0.5,1,1,3.0,3,66.0,72.3,138.3,1,1,1,1
6578,2,0.989894,0.5,1,1,3.0,3,63.2,72.7,135.9,1,1,1,1
6579,3,1.0,0.5,1,1,3.0,3,76.3,76.0,152.3,1,1,1,1
6580,0,0.0,0.5,0,0,,0,63.2,0.0,63.2,1,1,1,1
6581,3,0.999232,0.5,1,1,3.0,3,64.2,71.4,135.6,1,1,1,1
6582,3,1.0,0.5,1,1,2.0,2,62.7,86.6,149.3,1,1,1,1
6583,0,0.0,0.5,0,0,,0,67.0,0.0,67.0,1,1,1,1
6584,0,0.989894,0.5,1,1,0.0,0,62.7,72.5,135.2,1,1,1,1
6585,3,0.989894,0.5,1,1,3.0,3,64.0,79.9,143.9,1,1,1,1
6586,1,1.0,0.5,1,1,1.0,1,68.3,72.0,140.3,1,1,1,1
6587,2,0.989894,0.5,1,1,2.0,2,63.4,72.5,135.9,1,1,1,1
6588,1,0.989894,0.5,1,1,1.0,1,62.5,69.8,132.3,1,1,1,1
6589,1,1.0,0.5,1,1,1.0,1,76.2,82.0,158.2,1,1,1,1
6590,3,0.989894,0.5,1,1,3.0,3,68.1,71.6,139.7,1,1,1,1
6591,3,0.989894,0.5,1,1,2.0,2,63.6,73.6,137.2,1,1,1,1
6592,1,0.989894,0.5,1,1,1.0,1,73.3,74.0,147.3,1,1,1,1
6593,0,0.0,0.5,0,0,,0,65.1,0.0,65.1,1,1,1,1
6594,0,0.0,0.5,0,0,,0,63.2,0.0,63.2,1,1,1,1
6595,0,0.177465,0.5,0,0,,0,62.5,0.0,62.5,1,1,1,1
6596,2,0.989894,0.5,1,1,2.0,2,66.2,78.2,144.4,1,1,1,1
6597,2,0.989894,0.5,1,1,2.0,2,64.5,69.9,134.4,1,1,1,1
6598,3,0.989894,0.5,1,1,3.0,3,61.9,78.7,140.6,1,1,1,1
6599,3,0.989894,0.5,1,1,3.0,3,65.8,69.7,135.5,1,1,1,1
6600,0,0.0,0.5,0,0,,0,62.2,0.0,62.2,1,1,1,1
6601,2,0.989894,0.5,1,1,3.0,3,61.8,69.2,131.0,1,1,1,1
6602,0,0.0,0.5,0,0,,0,71.9,0.0,71.9,1,1,1,1
6603,2,0.989894,0.5,1,1,2.0,2,61.9,81.4,143.3,1,1,1,1
6604,3,1.0,0.5,1,1,2.0,2,257.9,132.5,390.4,1,1,1,1
6605,1,0.989894,0.5,1,1,1.0,1,88.0,93.8,181.8,1,1,1,1
6606,0,0.0,0.5,0,0,,0,75.4,0.0,75.4,1,1,1,1
6607,2,0.989894,0.5,1,1,3.0,3,71.7,80.1,151.8,1,1,1,1
6608,3,0.989894,0.5,1,1,3.0,3,68.3,73.8,142.1,1,1,1,1
6609,3,0.999232,0.5,1,1,3.0,3,67.2,75.5,142.7,1,1,1,1
6610,0,0.0,0.5,0,0,,0,68.8,0.0,68.8,1,1,1,1
6611,0,0.0,0.5,0,0,,0,66.5,0.0,66.5,1,1,1,1
6612,3,1.0,0.5,1,1,2.0,2,69.1,74.3,143.4,1,1,1,1
6613,2,0.989894,0.5,1,1,3.0,3,69.2,73.6,142.8,1,1,1,1
6614,2,1.0,0.5,1,1,2.0,2,66.8,76.4,143.2,1,1,1,1
6615,2,0.989894,0.5,1,1,2.0,2,66.6,79.4,146.0,1,1,1,1
6616,0,0.0,0.5,0,0,,0,66.3,0.0,66.3,1,1,1,1
6617,0,0.177465,0.5,0,0,,0,65.2,0.0,65.2,1,1,1,1
6618,3,0.989894,0.5,1,1,2.0,2,62.8,74.1,136.9,1,1,1,1
6619,0,0.0,0.5,0,0,,0,64.4,0.0,64.4,1,1,1,1
6620,3,0.989894,0.5,1,1,3.0,3,65.0,73.1,138.1,1,1,1,1
6621,0,0.0,0.5,0,0,,0,65.4,0.0,65.4,1,1,1,1
6622,3,1.0,0.5,1,1,3.0,3,65.3,72.1,137.4,1,1,1,1
6623,2,0.989894,0.5,1,1,2.0,2,64.9,72.9,137.8,1,1,1,1
6624,3,0.989894,0.5,1,1,2.0,2,65.6,72.2,137.8,1,1,1,1
6625,0,0.0,0.5,0,0,,0,64.1,0.0,64.1,1,1,1,1
6626,1,0.989894,0.5,1,1,1.0,1,64.2,71.1,135.3,1,1,1,1
6627,0,0.0,0.5,0,0,,0,61.7,0.0,61.7,1,1,1,1
6628,0,0.0,0.5,0,0,,0,63.9,0.0,63.9,1,1,1,1
6629,1,0.997497,0.5,1,1,1.0,1,63.3,69.8,133.1,1,1,1,1
6630,0,0.0,0.5,0,0,,0,60.8,0.0,60.8,1,1,1,1
6631,0,0.0,0.5,0,0,,0,62.5,0.0,62.5,1,1,1,1
6632,0,0.0,0.5,0,0,,0,62.0,0.0,62.0,1,1,1,1
6633,0,0.0,0.5,0,0,,0,65.9,0.0,65.9,1,1,1,1
6634,2,0.989894,0.5,1,1,3.0,3,62.6,71.1,133.7,1,1,1,1
6635,2,1.0,0.5,1,1,2.0,2,62.3,88.9,151.2,1,1,1,1
6636,3,0.989894,0.5,1,1,3.0,3,64.9,71.3,136.2,1,1,1,1
6637,0,0.0,0.5,0,0,,0,62.3,0.0,62.3,1,1,1,1
6638,3,1.0,0.5,1,1,2.0,2,63.0,116.6,179.6,1,1,1,1
6639,1,0.999232,0.5,1,1,1.0,1,74.8,76.2,151.0,1,1,1,1
6640,0,0.0,0.5,0,0,,0,65.7,0.0,65.7,1,1,1,1
6641,1,0.997497,0.5,1,1,1.0,1,63.2,71.4,134.6,1,1,1,1
6642,1,0.989894,0.5,1,1,1.0,1,75.2,72.7,147.9,1,1,1,1
6643,0,0.0,0.5,0,0,,0,62.1,0.0,62.1,1,1,1,1
6644,2,0.989894,0.5,1,1,2.0,2,62.5,71.2,133.7,1,1,1,1
6645,3,0.989894,0.5,1,1,2.0,2,73.7,76.5,150.2,1,1,1,1
6646,3,0.989894,0.5,1,1,3.0,3,64.4,70.2,134.6,1,1,1,1
6647,2,0.999232,0.5,1,1,2.0,2,66.1,207.7,273.8,1,1,1,1
6648,0,0.0,0.5,0,0,,0,154.8,0.0,154.8,1,1,1,1
6649,3,0.989894,0.5,1,1,3.0,3,171.6,147.0,318.6,1,1,1,1
6650,0,0.0,0.5,0,0,,0,98.8,0.0,98.8,1,1,1,1
6651,1,0.997497,0.5,1,1,1.0,1,75.4,79.8,155.2,1,1,1,1
6652,3,0.989894,0.5,1,1,3.0,3,75.8,79.9,155.7,1,1,1,1
6653,1,0.989894,0.5,1,1,1.0,1,67.9,90.8,158.7,1,1,1,1
6654,0,0.0,0.5,0,0,,0,98.8,0.0,98.8,1,1,1,1
6655,3,0.989894,0.5,1,1,3.0,3,65.6,70.8,136.4,1,1,1,1
6656,1,1.0,0.5,1,1,1.0,1,63.1,110.0,173.1,1,1,1,1
6657,3,0.989894,0.5,1,1,2.0,2,114.9,171.7,286.6,1,1,1,1
6658,2,0.999232,0.5,1,1,2.0,2,146.6,173.2,319.8,1,1,1,1
6659,1,0.989894,0.5,1,1,1.0,1,116.4,93.1,209.5,1,1,1,1
6660,0,0.0,0.5,0,0,,0,82.4,0.0,82.4,1,1,1,1
6661,3,0.999232,0.5,1,1,3.0,3,131.6,148.9,280.5,1,1,1,1
6662,3,0.989894,0.5,1,1,3.0,3,125.4,114.6,240.0,1,1,1,1
6663,1,1.0,0.5,1,1,1.0,1,84.2,89.1,173.3,1,1,1,1
6664,0,0.0,0.5,0,0,,0,141.0,0.0,141.0,1,1,1,1
6665,2,1.0,0.5,1,1,2.0,2,109.8,87.7,197.5,1,1,1,1
6666,1,0.513514,0.5,1,1,1.0,1,112.8,105.0,217.8,1,1,1,1
6667,1,1.0,0.5,1,1,1.0,1,72.2,75.4,147.6,1,1,1,1
6668,2,0.989894,0.5,1,1,3.0,3,65.1,71.7,136.8,1,1,1,1
6669,3,1.0,0.5,1,1,3.0,3,66.5,71.4,137.9,1,1,1,1
6670,0,0.0,0.5,0,0,,0,67.9,0.0,67.9,1,1,1,1
6671,2,0.989894,0.5,1,1,2.0,2,63.4,72.6,136.0,1,1,1,1
6672,1,1.0,0.5,1,1,1.0,1,66.0,74.2,140.2,1,1,1,1
6673,0,0.0,0.5,0,0,,0,64.5,0.0,64.5,1,1,1,1
6674,3,0.989894,0.5,1,1,2.0,2,62.7,71.1,133.8,1,1,1,1
6675,2,0.989894,0.5,1,1,3.0,3,62.4,72.0,134.4,1,1,1,1
6676,0,0.0,0.5,0,0,,0,61.7,0.0,61.7,1,1,1,1
6677,2,0.989894,0.5,1,1,3.0,3,63.8,76.1,139.9,1,1,1,1
6678,3,0.989894,0.5,1,1,2.0,2,69.4,70.6,140.0,1,1,1,1
6679,3,0.989894,0.5,1,1,3.0,3,63.1,71.2,134.3,1,1,1,1
6680,1,0.997497,0.5,1,1,1.0,1,61.7,72.2,133.9,1,1,1,1
6681,3,0.989894,0.5,1,1,2.0,2,63.2,70.8,134.0,1,1,1,1
6682,2,0.997497,0.5,1,1,2.0,2,82.3,79.5,161.8,1,1,1,1
6683,0,0.0,0.5,0,0,,0,65.1,0.0,65.1,1,1,1,1
6684,3,0.989894,0.5,1,1,3.0,3,64.2,73.9,138.1,1,1,1,1
6685,1,0.997497,0.5,1,1,1.0,1,62.6,83.7,146.3,1,1,1,1
6686,0,0.0,0.5,0,0,,0,64.9,0.0,64.9,1,1,1,1
6687,0,0.0,0.5,0,0,,0,60.0,0.0,60.0,1,1,1,1
6688,2,0.989894,0.5,1,1,3.0,3,61.6,78.6,140.2,1,1,1,1
6689,3,0.989894,0.5,1,1,2.0,2,67.8,565.5,633.3,1,1,1,1
6690,0,0.0,0.5,0,0,,0,89.8,0.0,89.8,1,1,1,1
6691,2,0.989894,0.5,1,1,3.0,3,77.2,80.2,157.4,1,1,1,1
6692,0,0.0,0.5,0,0,,0,65.2,0.0,65.2,1,1,1,1
6693,1,0.997497,0.5,1,1,1.0,1,62.4,70.2,132.6,1,1,1,1
6694,3,0.989894,0.5,1,1,2.0,2,61.7,81.8,143.5,1,1,1,1
6695,3,0.989894,0.5,1,1,2.0,2,65.0,71.4,136.4,1,1,1,1
6696,2,0.989894,0.5,1,1,2.0,2,63.7,69.3,133.0,1,1,1,1
6697,3,0.989894,0.5,1,1,3.0,3,62.2,78.4,140.6,1,1,1,1
6698,2,0.989894,0.5,1,1,2.0,2,67.0,71.4,138.4,1,1,1,1
6699,0,0.0,0.5,0,0,,0,62.2,0.0,62.2,1,1,1,1
6700,0,0.0,0.5,0,0,,0,61.7,0.0,61.7,1,1,1,1
6701,2,0.989894,0.5,1,1,2.0,2,74.5,71.7,146.2,1,1,1,1
6702,3,0.989894,0.5,1,1,3.0,3,62.9,68.0,130.9,1,1,1,1
6703,3,1.0,0.5,1,1,2.0,2,59.9,70.6,130.5,1,1,1,1
6704,3,0.989894,0.5,1,1,3.0,3,69.1,74.1,143.2,1,1,1,1
6705,1,0.999232,0.5,1,1,1.0,1,65.2,70.4,135.6,1,1,1,1
6706,0,0.0,0.5,0,0,,0,62.1,0.0,62.1,1,1,1,1
6707,0,0.0,0.5,0,0,,0,84.1,0.0,84.1,1,1,1,1
6708,3,0.989894,0.5,1,1,2.0,2,66.3,71.9,138.2,1,1,1,1
6709,0,0.0,0.5,0,0,,0,63.8,0.0,63.8,1,1,1,1
6710,2,0.989894,0.5,1,1,2.0,2,61.8,81.8,143.6,1,1,1,1
6711,2,0.989894,0.5,1,1,2.0,2,64.8,70.8,135.6,1,1,1,1
6712,2,0.999232,0.5,1,1,3.0,3,63.2,67.8,131.0,1,1,1,1
6713,3,0.999232,0.5,1,1,3.0,3,63.1,76.5,139.6,1,1,1,1
6714,2,1.0,0.5,1,1,3.0,3,66.8,72.0,138.8,1,1,1,1
6715,1,0.989894,0.5,1,1,1.0,1,61.6,72.0,133.6,1,1,1,1
6716,2,0.989894,0.5,1,1,2.0,2,60.9,68.3,129.2,1,1,1,1
6717,1,1.0,0.5,1,1,1.0,1,75.3,73.7,149.0,1,1,1,1
6718,0,0.177465,0.5,0,0,,0,63.2,0.0,63.2,1,1,1,1
6719,0,0.0,0.5,0,0,,0,63.2,0.0,63.2,1,1,1,1
6720,2,0.989894,0.5,1,1,3.0,3,71.1,73.8,144.9,1,1,1,1
6721,1,0.997497,0.5,1,1,1.0,1,63.5,71.1,134.6,1,1,1,1
6722,0,0.0,0.5,0,0,,0,61.0,0.0,61.0,1,1,1,1
6723,3,0.989894,0.5,1,1,2.0,2,60.0,82.4,142.4,1,1,1,1
6724,1,1.0,0.5,1,1,1.0,1,64.6,69.8,134.4,1,1,1,1
6725,0,0.0,0.5,0,0,,0,62.9,0.0,62.9,1,1,1,1
6726,3,0.989894,0.5,1,1,2.0,2,61.0,77.3,138.3,1,1,1,1
6727,3,0.989894,0.5,1,1,2.0,2,66.7,70.7,137.4,1,1,1,1
6728,1,0.997497,0.5,1,1,1.0,1,63.5,85.5,149.0,1,1,1,1
6729,0,0.0,0.5,0,0,,0,76.6,0.0,76.6,1,1,1,1
6730,0,0.0,0.5,0,0,,0,69.0,0.0,69.0,1,1,1,1
6731,0,0.0,0.5,0,0,,0,62.6,0.0,62.6,1,1,1,1
6732,0,0.0,0.5,0,0,,0,61.3,0.0,61.3,1,1,1,1
6733,0,0.0,0.5,0,0,,0,73.7,0.0,73.7,1,1,1,1
6734,3,0.989894,0.5,1,1,3.0,3,62.0,70.0,132.0,1,1,1,1
6735,0,0.177465,0.5,0,0,,0,60.5,0.0,60.5,1,1,1,1
6736,1,1.0,0.5,1,1,1.0,1,68.2,75.1,143.3,1,1,1,1
6737,2,0.989894,0.5,1,1,2.0,2,63.6,71.4,135.0,1,1,1,1
6738,2,0.989894,0.5,1,1,3.0,3,61.8,68.9,130.7,1,1,1,1
6739,0,0.0,0.5,0,0,,0,60.8,0.0,60.8,1,1,1,1
6740,0,0.0,0.5,0,0,,0,64.8,0.0,64.8,1,1,1,1
6741,0,0.0,0.5,0,0,,0,62.2,0.0,62.2,1,1,1,1
6742,2,0.989894,0.5,1,1,3.0,3,61.4,67.8,129.2,1,1,1,1
6743,3,1.0,0.5,1,1,2.0,2,67.3,72.0,139.3,1,1,1,1
6744,0,0.0,0.5,0,0,,0,61.1,0.0,61.1,1,1,1,1
6745,1,0.997497,0.5,1,1,1.0,1,61.8,70.6,132.4,1,1,1,1
6746,3,0.989894,0.5,1,1,2.0,2,72.1,73.2,145.3,1,1,1,1
6747,1,0.999232,0.5,1,1,1.0,1,62.4,70.7,133.1,1,1,1,1
6748,0,0.0,0.5,0,0,,0,123.2,0.0,123.2,1,1,1,1
6749,2,0.989894,0.5,1,1,3.0,3,205.5,193.3,398.8,1,1,1,1
6750,2,0.989894,0.5,1,1,3.0,3,125.6,99.2,224.8,1,1,1,1
6751,1,1.0,0.5,1,1,1.0,1,75.7,111.5,187.2,1,1,1,1
6752,0,0.0,0.5,0,0,,0,80.2,0.0,80.2,1,1,1,1
6753,3,0.989894,0.5,1,1,3.0,3,89.6,85.1,174.7,1,1,1,1
6754,0,0.0,0.5,0,0,,0,89.7,0.0,89.7,1,1,1,1
6755,1,0.999232,0.5,1,1,1.0,1,77.3,107.0,184.3,1,1,1,1
6756,1,0.997497,0.5,1,1,1.0,1,99.0,93.1,192.1,1,1,1,1
6757,2,0.989894,0.5,1,1,3.0,3,83.3,76.8,160.1,1,1,1,1
6758,2,1.0,0.5,1,1,3.0,3,72.3,74.7,147.0,1,1,1,1
6759,2,0.989894,0.5,1,1,3.0,3,65.3,73.6,138.9,1,1,1,1
6760,0,0.0,0.5,0,0,,0,77.7,0.0,77.7,1,1,1,1
6761,2,1.0,0.5,1,1,3.0,3,66.9,75.7,142.6,1,1,1,1
6762,0,0.0,0.5,0,0,,0,65.7,0.0,65.7,1,1,1,1
6763,1,0.989894,0.5,1,1,1.0,1,76.0,78.0,154.0,1,1,1,1
6764,2,0.989894,0.5,1,1,3.0,3,66.6,69.9,136.5,1,1,1,1
6765,3,1.0,0.5,1,1,2.0,2,62.9,72.3,135.2,1,1,1,1
6766,0,0.0,0.5,0,0,,0,64.0,0.0,64.0,1,1,1,1
6767,3,0.989894,0.5,1,1,3.0,3,67.5,72.3,139.8,1,1,1,1
6768,3,0.999232,0.5,1,1,2.0,2,63.6,70.3,133.9,1,1,1,1
6769,3,0.989894,0.5,1,1,2.0,2,63.2,80.5,143.7,1,1,1,1
6770,0,0.0,0.5,0,0,,0,75.1,0.0,75.1,1,1,1,1
6771,0,0.0,0.5,0,0,,0,65.8,0.0,65.8,1,1,1,1
6772,1,0.997497,0.5,1,1,1.0,1,63.7,69.9,133.6,1,1,1,1
6773,0,0.0,0.5,0,0,,0,75.4,0.0,75.4,1,1,1,1
6774,2,1.0,0.5,1,1,2.0,2,63.4,71.7,135.1,1,1,1,1
6775,3,0.989894,0.5,1,1,3.0,3,62.2,71.7,133.9,1,1,1,1
6776,3,1.0,0.5,1,1,3.0,3,71.3,75.4,146.7,1,1,1,1
6777,2,1.0,0.5,1,1,2.0,2,73.5,73.7,147.2,1,1,1,1
6778,2,0.989894,0.5,1,1,2.0,2,62.9,71.3,134.2,1,1,1,1
6779,1,0.989894,0.5,1,1,1.0,1,63.3,83.0,146.3,1,1,1,1
6780,2,0.989894,0.5,1,1,3.0,3,67.5,73.2,140.7,1,1,1,1
6781,0,0.0,0.5,0,0,,0,64.0,0.0,64.0,1,1,1,1
6782,3,0.989894,0.5,1,1,2.0,2,61.3,79.7,141.0,1,1,1,1
6783,0,0.0,0.5,0,0,,0,69.3,0.0,69.3,1,1,1,1
6784,1,1.0,0.5,1,1,1.0,1,73.9,73.6,147.5,1,1,1,1
6785,3,0.989894,0.5,1,1,2.0,2,65.1,72.5,137.6,1,1,1,1
6786,1,1.0,0.5,1,1,1.0,1,78.8,72.0,150.8,1,1,1,1
6787,0,0.0,0.5,0,0,,0,62.9,0.0,62.9,1,1,1,1
6788,2,0.989894,0.5,1,1,2.0,2,70.9,77.5,148.4,1,1,1,1
6789,2,0.989894,0.5,1,1,2.0,2,75.3,70.7,146.0,1,1,1,1
6790,0,0.0,0.5,0,0,,0,61.7,0.0,61.7,1,1,1,1
6791,1,0.989894,0.5,1,1,1.0,1,68.4,183.7,252.1,1,1,1,1
6792,2,0.989894,0.5,1,1,2.0,2,103.0,90.7,193.7,1,1,1,1
6793,1,0.997497,0.5,1,1,1.0,1,74.4,81.4,155.8,1,1,1,1
6794,3,0.999232,0.5,1,1,3.0,3,66.6,75.2,141.8,1,1,1,1
6795,2,0.989894,0.5,1,1,2.0,2,64.4,74.7,139.1,1,1,1,1
6796,1,0.997497,0.5,1,1,1.0,1,63.3,72.0,135.3,1,1,1,1
6797,1,1.0,0.5,1,1,1.0,1,64.6,71.4,136.0,1,1,1,1
6798,1,1.0,0.5,1,1,1.0,1,62.8,73.1,135.9,1,1,1,1
6799,1,0.997497,0.5,1,1,1.0,1,63.4,71.3,134.7,1,1,1,1
6800,1,1.0,0.5,1,1,1.0,1,63.4,71.3,134.7,1,1,1,1
6801,0,0.177465,0.5,0,0,,0,63.7,0.0,63.7,1,1,1,1
6802,0,0.0,0.5,0,0,,0,61.9,0.0,61.9,1,1,1,1
6803,3,0.989894,0.5,1,1,2.0,2,62.8,71.9,134.7,1,1,1,1
6804,2,0.989894,0.5,1,1,3.0,3,63.5,71.8,135.3,1,1,1,1
6805,0,0.177465,0.5,0,0,,0,63.2,0.0,63.2,1,1,1,1
6806,1,1.0,0.5,1,1,1.0,1,62.4,70.6,133.0,1,1,1,1
6807,1,1.0,0.5,1,1,1.0,1,62.2,72.1,134.3,1,1,1,1
6808,0,0.0,0.5,0,0,,0,63.5,0.0,63.5,1,1,1,1
6809,3,0.999232,0.5,1,1,3.0,3,63.8,69.5,133.3,1,1,1,1
6810,3,1.0,0.5,1,1,2.0,2,65.1,68.8,133.9,1,1,1,1
6811,3,0.989894,0.5,1,1,2.0,2,60.8,69.1,129.9,1,1,1,1
6812,0,0.0,0.5,0,0,,0,61.1,0.0,61.1,1,1,1,1
6813,1,0.989894,0.5,1,1,1.0,1,61.2,71.8,133.0,1,1,1,1
6814,1,0.989894,0.5,1,1,1.0,1,60.1,68.2,128.3,1,1,1,1
6815,3,0.989894,0.5,1,1,3.0,3,60.8,68.8,129.6,1,1,1,1
6816,2,0.989894,0.5,1,1,3.0,3,59.4,68.3,127.7,1,1,1,1
6817,3,0.989894,0.5,1,1,2.0,2,60.6,70.1,130.7,1,1,1,1
6818,2,0.989894,0.5,1,1,3.0,3,60.9,68.1,129.0,1,1,1,1
6819,2,0.989894,0.5,1,1,2.0,2,60.3,70.6,130.9,1,1,1,1
6820,1,1.0,0.5,1,1,1.0,1,61.6,68.9,130.5,1,1,1,1
6821,0,0.0,0.5,0,0,,0,62.0,0.0,62.0,1,1,1,1
6822,2,0.989894,0.5,1,1,2.0,2,63.3,69.2,132.5,1,1,1,1
6823,3,1.0,0.5,1,1,3.0,3,60.8,69.9,130.7,1,1,1,1
6824,0,0.0,0.5,0,0,,0,60.1,0.0,60.1,1,1,1,1
6825,2,0.989894,0.5,1,1,2.0,2,67.0,71.7,138.7,1,1,1,1
6826,1,0.989894,0.5,1,1,1.0,1,61.4,69.0,130.4,1,1,1,1
6827,1,0.997497,0.5,1,1,1.0,1,61.2,94.1,155.3,1,1,1,1
6828,3,1.0,0.5,1,1,2.0,2,74.9,70.9,145.8,1,1,1,1
6829,3,0.989894,0.5,1,1,3.0,3,61.2,67.8,129.0,1,1,1,1
6830,0,0.177465,0.5,0,0,,0,61.2,0.0,61.2,1,1,1,1
6831,0,0.0,0.5,0,0,,0,59.4,0.0,59.4,1,1,1,1
6832,3,0.989894,0.5,1,1,2.0,2,64.1,67.5,131.6,1,1,1,1
6833,2,0.997497,0.5,1,1,2.0,2,62.0,68.6,130.6,1,1,1,1
6834,2,0.999232,0.5,1,1,3.0,3,60.9,77.1,138.0,1,1,1,1
6835,1,1.0,0.5,1,1,1.0,1,65.2,70.7,135.9,1,1,1,1
6836,1,0.999232,0.5,1,1,1.0,1,62.2,68.2,130.4,1,1,1,1
6837,3,0.989894,0.5,1,1,2.0,2,62.2,69.1,131.3,1,1,1,1
6838,2,0.989894,0.5,1,1,3.0,3,72.0,71.5,143.5,1,1,1,1
6839,3,0.989894,0.5,1,1,3.0,3,61.9,69.3,131.2,1,1,1,1
6840,1,0.999232,0.5,1,1,1.0,1,60.1,69.4,129.5,1,1,1,1
6841,2,0.997497,0.5,1,1,2.0,2,61.6,78.8,140.4,1,1,1,1
6842,3,0.989894,0.5,1,1,2.0,2,64.1,69.1,133.2,1,1,1,1
6843,1,0.997497,0.5,1,1,1.0,1,59.9,70.4,130.3,1,1,1,1
6844,1,1.0,0.5,1,1,1.0,1,61.2,76.1,137.3,1,1,1,1
6845,0,0.0,0.5,0,0,,0,67.1,0.0,67.1,1,1,1,1
6846,1,1.0,0.5,1,1,1.0,1,60.3,68.6,128.9,1,1,1,1
6847,0,0.0,0.5,0,0,,0,60.2,0.0,60.2,1,1,1,1
6848,2,0.999232,0.5,1,1,3.0,3,71.6,72.2,143.8,1,1,1,1
6849,0,0.0,0.5,0,0,,0,61.4,0.0,61.4,1,1,1,1
6850,0,0.0,0.5,0,0,,0,60.5,0.0,60.5,1,1,1,1
6851,3,0.989894,0.5,1,1,2.0,2,60.6,79.0,139.6,1,1,1,1
6852,2,0.989894,0.5,1,1,2.0,2,64.8,69.8,134.6,1,1,1,1
6853,2,0.989894,0.5,1,1,3.0,3,61.7,69.0,130.7,1,1,1,1
6854,2,0.999232,0.5,1,1,3.0,3,61.4,78.1,139.5,1,1,1,1
6855,2,0.999232,0.5,1,1,3.0,3,65.1,70.8,135.9,1,1,1,1
6856,3,0.999232,0.5,1,1,3.0,3,60.0,253.5,313.5,1,1,1,1
6857,1,0.989894,0.5,1,1,2.0,2,173.8,117.8,291.6,1,1,1,1
6858,1,1.0,0.5,1,1,1.0,1,98.9,259.1,358.0,1,1,1,1
6859,3,0.989894,0.5,1,1,2.0,2,217.4,263.8,481.2,1,1,1,1
6860,0,0.0,0.5,0,0,,0,102.8,0.0,102.8,1,1,1,1
6861,2,0.997497,0.5,1,1,2.0,2,80.7,83.6,164.3,1,1,1,1
6862,3,0.999232,0.5,1,1,2.0,2,78.8,77.2,156.0,1,1,1,1
6863,2,0.989894,0.5,1,1,2.0,2,67.2,72.6,139.8,1,1,1,1
6864,3,0.989894,0.5,1,1,3.0,3,64.8,70.2,135.0,1,1,1,1
6865,3,0.989894,0.5,1,1,2.0,2,63.1,71.3,134.4,1,1,1,1
6866,1,0.989894,0.5,1,1,1.0,1,61.5,69.2,130.7,1,1,1,1
6867,0,0.0,0.5,0,0,,0,61.1,0.0,61.1,1,1,1,1
6868,2,0.989894,0.5,1,1,2.0,2,61.9,69.5,131.4,1,1,1,1
6869,1,1.0,0.5,1,1,1.0,1,61.8,69.4,131.2,1,1,1,1
6870,1,0.989894,0.5,1,1,1.0,1,61.8,71.0,132.8,1,1,1,1
6871,2,0.989894,0.5,1,1,3.0,3,61.5,70.8,132.3,1,1,1,1
6872,0,0.0,0.5,0,0,,0,61.7,0.0,61.7,1,1,1,1
6873,1,1.0,0.5,1,1,1.0,1,63.0,71.2,134.2,1,1,1,1
6874,0,0.0,0.5,0,0,,0,60.8,0.0,60.8,1,1,1,1
6875,2,0.989894,0.5,1,1,2.0,2,60.5,69.0,129.5,1,1,1,1
6876,3,0.989894,0.5,1,1,2.0,2,60.0,69.8,129.8,1,1,1,1
6877,1,0.997497,0.5,1,1,1.0,1,61.5,68.5,130.0,1,1,1,1
6878,0,0.0,0.5,0,0,,0,60.2,0.0,60.2,1,1,1,1
6879,2,1.0,0.5,1,1,3.0,3,60.9,68.5,129.4,1,1,1,1
6880,0,0.0,0.5,0,0,,0,61.6,0.0,61.6,1,1,1,1
6881,0,0.0,0.5,0,0,,0,61.0,0.0,61.0,1,1,1,1
6882,0,0.0,0.5,0,0,,0,58.8,0.0,58.8,1,1,1,1
6883,1,1.0,0.5,1,1,1.0,1,58.9,69.9,128.8,1,1,1,1
6884,2,0.989894,0.5,1,1,2.0,2,59.9,68.5,128.4,1,1,1,1
6885,3,0.989894,0.5,1,1,3.0,3,62.0,69.9,131.9,1,1,1,1
6886,0,0.0,0.5,0,0,,0,60.3,0.0,60.3,1,1,1,1
6887,3,1.0,0.5,1,1,2.0,2,61.0,88.3,149.3,1,1,1,1
6888,3,0.989894,0.5,1,1,2.0,2,66.3,70.7,137.0,1,1,1,1
6889,1,1.0,0.5,1,1,1.0,1,61.0,69.4,130.4,1,1,1,1
6890,3,0.989894,0.5,1,1,2.0,2,59.1,80.1,139.2,1,1,1,1
6891,2,0.989894,0.5,1,1,2.0,2,66.9,72.3,139.2,1,1,1,1
6892,0,0.0,0.5,0,0,,0,61.9,0.0,61.9,1,1,1,1
6893,2,1.0,0.5,1,1,3.0,3,61.9,69.4,131.3,1,1,1,1
6894,1,1.0,0.5,1,1,1.0,1,73.5,72.3,145.8,1,1,1,1
6895,3,0.989894,0.5,1,1,3.0,3,61.7,70.7,132.4,1,1,1,1
6896,0,0.0,0.5,0,0,,0,61.9,0.0,61.9,1,1,1,1
6897,3,0.989894,0.5,1,1,3.0,3,69.7,78.3,148.0,1,1,1,1
6898,1,1.0,0.5,1,1,1.0,1,63.1,69.5,132.6,1,1,1,1
6899,3,0.999232,0.5,1,1,2.0,2,63.6,70.7,134.3,1,1,1,1
6900,1,1.0,0.5,1,1,1.0,1,59.9,79.9,139.8,1,1,1,1
6901,1,0.989894,0.5,1,1,1.0,1,64.6,69.5,134.1,1,1,1,1
6902,1,0.997497,0.5,1,1,1.0,1,59.9,69.4,129.3,1,1,1,1
6903,0,0.0,0.5,0,0,,0,61.2,0.0,61.2,1,1,1,1
6904,3,0.989894,0.5,1,1,2.0,2,65.9,72.4,138.3,1,1,1,1
6905,0,0.0,0.5,0,0,,0,62.1,0.0,62.1,1,1,1,1
6906,0,0.0,0.5,0,0,,0,61.9,0.0,61.9,1,1,1,1
6907,2,0.989894,0.5,1,1,2.0,2,71.0,71.5,142.5,1,1,1,1
6908,3,0.989894,0.5,1,1,2.0,2,62.8,71.4,134.2,1,1,1,1
6909,1,1.0,0.5,1,1,1.0,1,62.3,70.0,132.3,1,1,1,1
6910,3,1.0,0.5,1,1,3.0,3,61.5,80.8,142.3,1,1,1,1
6911,0,0.0,0.5,0,0,,0,65.2,0.0,65.2,1,1,1,1
6912,0,0.0,0.5,0,0,,0,60.9,0.0,60.9,1,1,1,1
6913,2,0.989894,0.5,1,1,2.0,2,61.6,75.5,137.1,1,1,1,1
6914,2,0.989894,0.5,1,1,3.0,3,66.3,68.9,135.2,1,1,1,1
6915,2,0.989894,0.5,1,1,2.0,2,60.6,70.5,131.1,1,1,1,1
6916,0,0.0,0.5,0,0,,0,60.5,0.0,60.5,1,1,1,1
6917,0,0.0,0.5,0,0,,0,73.7,0.0,73.7,1,1,1,1
6918,3,0.989894,0.5,1,1,2.0,2,60.8,67.6,128.4,1,1,1,1
6919,3,0.989894,0.5,1,1,2.0,2,60.5,68.8,129.3,1,1,1,1
6920,0,0.0,0.5,0,0,,0,59.1,0.0,59.1,1,1,1,1
6921,2,0.989894,0.5,1,1,2.0,2,64.1,69.1,133.2,1,1,1,1
6922,2,0.989894,0.5,1,1,3.0,3,60.8,70.0,130.8,1,1,1,1
6923,2,0.989894,0.5,1,1,3.0,3,62.6,79.5,142.1,1,1,1,1
6924,0,0.0,0.5,0,0,,0,65.9,0.0,65.9,1,1,1,1
6925,0,0.0,0.5,0,0,,0,61.3,0.0,61.3,1,1,1,1
6926,2,0.989894,0.5,1,1,3.0,3,61.5,70.2,131.7,1,1,1,1
6927,1,0.989894,0.5,1,1,1.0,1,72.0,72.6,144.6,1,1,1,1
6928,3,0.989894,0.5,1,1,2.0,2,62.3,68.8,131.1,1,1,1,1
6929,2,0.999232,0.5,1,1,2.0,2,62.9,68.6,131.5,1,1,1,1
6930,0,0.0,0.5,0,0,,0,70.2,0.0,70.2,1,1,1,1
6931,3,0.999232,0.5,1,1,3.0,3,61.1,69.8,130.9,1,1,1,1
6932,2,1.0,0.5,1,1,3.0,3,61.1,68.6,129.7,1,1,1,1
6933,2,0.989894,0.5,1,1,3.0,3,61.1,79.2,140.3,1,1,1,1
6934,0,0.0,0.5,0,0,,0,64.2,0.0,64.2,1,1,1,1
6935,1,1.0,0.5,1,1,1.0,1,61.0,69.6,130.6,1,1,1,1
6936,3,0.989894,0.5,1,1,2.0,2,61.3,74.6,135.9,1,1,1,1
6937,1,1.0,0.5,1,1,1.0,1,67.1,72.1,139.2,1,1,1,1
6938,2,0.989894,0.5,1,1,2.0,2,62.4,69.4,131.8,1,1,1,1
6939,3,0.989894,0.5,1,1,3.0,3,62.3,69.8,132.1,1,1,1,1
6940,0,0.0,0.5,0,0,,0,70.2,0.0,70.2,1,1,1,1
6941,3,0.989894,0.5,1,1,2.0,2,63.2,69.3,132.5,1,1,1,1
6942,1,0.989894,0.5,1,1,1.0,1,60.9,69.2,130.1,1,1,1,1
6943,0,0.0,0.5,0,0,,0,60.5,0.0,60.5,1,1,1,1
6944,2,0.989894,0.5,1,1,2.0,2,63.2,69.6,132.8,1,1,1,1
6945,2,0.989894,0.5,1,1,2.0,2,60.8,68.9,129.7,1,1,1,1
6946,2,0.989894,0.5,1,1,2.0,2,59.3,74.9,134.2,1,1,1,1
6947,2,1.0,0.5,1,1,2.0,2,66.2,70.8,137.0,1,1,1,1
6948,3,0.989894,0.5,1,1,2.0,2,60.7,68.2,128.9,1,1,1,1
6949,0,0.0,0.5,0,0,,0,61.6,0.0,61.6,1,1,1,1
6950,3,0.989894,0.5,1,1,3.0,3,71.5,71.2,142.7,1,1,1,1
6951,0,0.0,0.5,0,0,,0,62.6,0.0,62.6,1,1,1,1
6952,3,1.0,0.5,1,1,3.0,3,60.3,70.0,130.3,1,1,1,1
6953,3,0.989894,0.5,1,1,3.0,3,61.4,80.4,141.8,1,1,1,1
6954,3,0.989894,0.5,1,1,3.0,3,64.2,70.8,135.0,1,1,1,1
6955,1,1.0,0.5,1,1,1.0,1,60.9,69.6,130.5,1,1,1,1
6956,3,0.989894,0.5,1,1,2.0,2,60.4,76.8,137.2,1,1,1,1
6957,0,0.0,0.5,0,0,,0,65.6,0.0,65.6,1,1,1,1
6958,1,1.0,0.5,1,1,1.0,1,62.8,68.2,131.0,1,1,1,1
6959,0,0.0,0.5,0,0,,0,60.4,0.0,60.4,1,1,1,1
6960,0,0.0,0.5,0,0,,0,72.0,0.0,72.0,1,1,1,1
6961,0,0.0,0.5,0,0,,0,62.4,0.0,62.4,1,1,1,1
6962,3,0.989894,0.5,1,1,3.0,3,79.3,71.0,150.3,1,1,1,1
6963,1,0.989894,0.5,1,1,1.0,1,74.8,73.2,148.0,1,1,1,1
6964,2,0.989894,0.5,1,1,3.0,3,62.5,69.2,131.7,1,1,1,1
6965,2,1.0,0.5,1,1,2.0,2,61.0,68.6,129.6,1,1,1,1
6966,2,0.989894,0.5,1,1,2.0,2,61.1,79.8,140.9,1,1,1,1
6967,1,0.989894,0.5,1,1,1.0,1,64.9,71.1,136.0,1,1,1,1
6968,1,1.0,0.5,1,1,1.0,1,61.1,68.4,129.5,1,1,1,1
6969,1,0.989894,0.5,1,1,1.0,1,61.9,81.9,143.8,1,1,1,1
6970,3,0.989894,0.5,1,1,2.0,2,66.9,69.5,136.4,1,1,1,1
6971,2,0.989894,0.5,1,1,3.0,3,61.8,70.7,132.5,1,1,1,1
6972,2,0.989894,0.5,1,1,2.0,2,138.6,369.1,507.7,1,1,1,1
6973,2,0.989894,0.5,1,1,3.0,3,237.2,191.6,428.8,1,1,1,1
6974,2,0.989894,0.5,1,1,2.0,2,97.2,90.6,187.8,1,1,1,1
6975,3,0.989894,0.5,1,1,3.0,3,83.1,87.0,170.1,1,1,1,1
6976,2,0.989894,0.5,1,1,3.0,3,71.4,76.8,148.2,1,1,1,1
6977,1,0.999232,0.5,1,1,1.0,1,66.5,73.7,140.2,1,1,1,1
6978,3,0.989894,0.5,1,1,2.0,2,63.8,72.6,136.4,1,1,1,1
6979,0,0.0,0.5,0,0,,0,63.0,0.0,63.0,1,1,1,1
6980,0,0.989894,0.5,1,1,0.0,0,62.7,72.4,135.1,1,1,1,1
6981,1,1.0,0.5,1,1,1.0,1,64.8,71.4,136.2,1,1,1,1
6982,2,0.989894,0.5,1,1,2.0,2,64.2,70.8,135.0,1,1,1,1
6983,1,0.989894,0.5,1,1,1.0,1,62.6,70.5,133.1,1,1,1,1
6984,1,0.997497,0.5,1,1,1.0,1,63.5,71.5,135.0,1,1,1,1
6985,1,1.0,0.5,1,1,1.0,1,64.2,71.8,136.0,1,1,1,1
6986,3,0.989894,0.5,1,1,3.0,3,62.8,72.5,135.3,1,1,1,1
6987,2,0.997497,0.5,1,1,2.0,2,61.5,72.8,134.3,1,1,1,1
6988,3,0.989894,0.5,1,1,3.0,3,77.6,78.5,156.1,1,1,1,1
6989,3,0.989894,0.5,1,1,3.0,3,65.6,72.4,138.0,1,1,1,1
6990,0,0.0,0.5,0,0,,0,64.7,0.0,64.7,1,1,1,1
6991,1,1.0,0.5,1,1,1.0,1,63.3,86.2,149.5,1,1,1,1
6992,3,1.0,0.5,1,1,2.0,2,91.0,76.4,167.4,1,1,1,1
6993,3,0.999232,0.5,1,1,2.0,2,65.6,74.6,140.2,1,1,1,1
6994,2,0.989894,0.5,1,1,3.0,3,60.2,82.1,142.3,1,1,1,1
6995,1,1.0,0.5,1,1,1.0,1,66.4,72.7,139.1,1,1,1,1
6996,1,0.419355,0.5,0,0,,0,62.3,0.0,62.3,1,1,1,1
6997,2,1.0,0.5,1,1,2.0,2,62.3,76.4,138.7,1,1,1,1
6998,2,1.0,0.5,1,1,2.0,2,67.1,70.6,137.7,1,1,1,1
6999,0,0.0,0.5,0,0,,0,61.6,0.0,61.6,1,1,1,1
7000,0,0.0,0.5,0,0,,0,62.7,0.0,62.7,1,1,1,1
7001,0,0.0,0.5,0,0,,0,74.9,0.0,74.9,1,1,1,1
7002,0,0.0,0.5,0,0,,0,62.9,0.0,62.9,1,1,1,1
7003,1,0.997497,0.5,1,1,1.0,1,60.2,70.0,130.2,1,1,1,1
7004,1,0.989894,0.5,1,1,1.0,1,61.4,79.0,140.4,1,1,1,1
7005,1,1.0,0.5,1,1,1.0,1,65.6,69.6,135.2,1,1,1,1
7006,2,0.997497,0.5,1,1,2.0,2,60.8,69.2,130.0,1,1,1,1
7007,0,0.0,0.5,0,0,,0,59.7,0.0,59.7,1,1,1,1
7008,2,0.989894,0.5,1,1,2.0,2,64.1,70.9,135.0,1,1,1,1
7009,3,0.989894,0.5,1,1,3.0,3,61.3,70.8,132.1,1,1,1,1
7010,2,1.0,0.5,1,1,3.0,3,62.6,69.8,132.4,1,1,1,1
7011,2,0.989894,0.5,1,1,2.0,2,72.6,73.8,146.4,1,1,1,1
7012,2,0.989894,0.5,1,1,2.0,2,61.9,69.2,131.1,1,1,1,1
7013,3,0.989894,0.5,1,1,3.0,3,62.3,70.1,132.4,1,1,1,1
7014,1,0.997497,0.5,1,1,1.0,1,70.3,71.7,142.0,1,1,1,1
7015,0,0.0,0.5,0,0,,0,61.5,0.0,61.5,1,1,1,1
7016,2,1.0,0.5,1,1,2.0,2,60.6,68.3,128.9,1,1,1,1
7017,1,1.0,0.5,1,1,1.0,1,60.3,134.6,194.9,1,1,1,1
7018,1,1.0,0.5,1,1,1.0,1,81.7,71.6,153.3,1,1,1,1
7019,1,1.0,0.5,1,1,1.0,1,62.5,68.6,131.1,1,1,1,1
7020,3,0.989894,0.5,1,1,3.0,3,71.5,73.4,144.9,1,1,1,1
7021,0,0.0,0.5,0,0,,0,63.6,0.0,63.6,1,1,1,1
7022,2,0.989894,0.5,1,1,2.0,2,60.6,70.1,130.7,1,1,1,1
7023,2,1.0,0.5,1,1,3.0,3,61.9,81.0,142.9,1,1,1,1
7024,1,0.999232,0.5,1,1,1.0,1,64.1,69.8,133.9,1,1,1,1
7025,3,1.0,0.5,1,1,2.0,2,62.0,69.1,131.1,1,1,1,1
7026,0,0.0,0.5,0,0,,0,60.3,0.0,60.3,1,1,1,1
7027,2,0.989894,0.5,1,1,2.0,2,65.3,72.2,137.5,1,1,1,1
7028,0,0.0,0.5,0,0,,0,61.6,0.0,61.6,1,1,1,1
7029,2,0.989894,0.5,1,1,2.0,2,61.7,98.8,160.5,1,1,1,1
7030,1,0.989894,0.5,1,1,1.0,1,75.1,71.4,146.5,1,1,1,1
7031,2,0.989894,0.5,1,1,2.0,2,62.0,70.7,132.7,1,1,1,1
7032,2,0.989894,0.5,1,1,3.0,3,60.4,69.3,129.7,1,1,1,1
7033,0,0.0,0.5,0,0,,0,62.5,0.0,62.5,1,1,1,1
7034,2,0.989894,0.5,1,1,2.0,2,64.8,69.2,134.0,1,1,1,1
7035,1,1.0,0.5,1,1,1.0,1,60.6,71.0,131.6,1,1,1,1
7036,0,0.0,0.5,0,0,,0,60.1,0.0,60.1,1,1,1,1
7037,1,1.0,0.5,1,1,1.0,1,66.3,70.2,136.5,1,1,1,1
7038,3,0.989894,0.5,1,1,3.0,3,60.8,67.4,128.2,1,1,1,1
7039,3,0.989894,0.5,1,1,3.0,3,61.2,69.8,131.0,1,1,1,1
7040,3,1.0,0.5,1,1,2.0,2,74.1,72.4,146.5,1,1,1,1
7041,3,0.989894,0.5,1,1,2.0,2,61.9,69.6,131.5,1,1,1,1
7042,3,0.989894,0.5,1,1,2.0,2,61.1,69.4,130.5,1,1,1,1
7043,0,0.0,0.5,0,0,,0,69.2,0.0,69.2,1,1,1,1
7044,3,0.989894,0.5,1,1,3.0,3,62.4,70.8,133.2,1,1,1,1
7045,2,0.989894,0.5,1,1,3.0,3,61.6,68.8,130.4,1,1,1,1
7046,3,0.989894,0.5,1,1,2.0,2,60.3,79.8,140.1,1,1,1,1
7047,2,0.989894,0.5,1,1,2.0,2,64.1,71.3,135.4,1,1,1,1
7048,2,0.989894,0.5,1,1,3.0,3,60.6,69.3,129.9,1,1,1,1
7049,1,1.0,0.5,1,1,1.0,1,62.2,74.0,136.2,1,1,1,1
7050,1,0.989894,0.5,1,1,1.0,1,64.7,71.4,136.1,1,1,1,1
7051,2,0.989894,0.5,1,1,2.0,2,61.2,70.0,131.2,1,1,1,1
7052,3,0.989894,0.5,1,1,3.0,3,60.2,68.3,128.5,1,1,1,1
7053,0,0.0,0.5,0,0,,0,73.6,0.0,73.6,1,1,1,1
7054,2,0.989894,0.5,1,1,1.0,1,62.0,70.0,132.0,1,1,1,1
7055,0,0.0,0.5,0,0,,0,60.1,0.0,60.1,1,1,1,1
7056,0,0.0,0.5,0,0,,0,60.7,0.0,60.7,1,1,1,1
7057,3,0.989894,0.5,1,1,2.0,2,65.0,71.1,136.1,1,1,1,1
7058,1,1.0,0.5,1,1,1.0,1,65.6,95.2,160.8,1,1,1,1
7059,2,0.989894,0.5,1,1,3.0,3,69.2,87.6,156.8,1,1,1,1
7060,2,0.989894,0.5,1,1,3.0,3,66.3,71.2,137.5,1,1,1,1
7061,2,0.989894,0.5,1,1,3.0,3,62.9,72.1,135.0,1,1,1,1
7062,1,0.989894,0.5,1,1,1.0,1,61.2,79.5,140.7,1,1,1,1
7063,3,0.989894,0.5,1,1,3.0,3,64.7,71.0,135.7,1,1,1,1
7064,2,0.989894,0.5,1,1,2.0,2,61.6,69.2,130.8,1,1,1,1
7065,0,0.0,0.5,0,0,,0,62.7,0.0,62.7,1,1,1,1
7066,1,1.0,0.5,1,1,1.0,1,95.4,90.6,186.0,1,1,1,1
7067,0,0.0,0.5,0,0,,0,69.6,0.0,69.6,1,1,1,1
7068,2,0.989894,0.5,1,1,2.0,2,63.2,70.9,134.1,1,1,1,1
7069,2,0.989894,0.5,1,1,2.0,2,63.1,69.2,132.3,1,1,1,1
7070,2,1.0,0.5,1,1,2.0,2,61.5,69.7,131.2,1,1,1,1
7071,3,0.999232,0.5,1,1,2.0,2,61.1,69.8,130.9,1,1,1,1
7072,0,0.0,0.5,0,0,,0,61.7,0.0,61.7,1,1,1,1
7073,2,0.989894,0.5,1,1,2.0,2,61.0,69.4,130.4,1,1,1,1
7074,0,0.0,0.5,0,0,,0,60.8,0.0,60.8,1,1,1,1
7075,2,1.0,0.5,1,1,3.0,3,60.8,69.9,130.7,1,1,1,1
7076,0,0.0,0.5,0,0,,0,61.2,0.0,61.2,1,1,1,1
7077,0,0.0,0.5,0,0,,0,61.6,0.0,61.6,1,1,1,1
7078,0,0.0,0.5,0,0,,0,61.4,0.0,61.4,1,1,1,1
7079,3,0.989894,0.5,1,1,3.0,3,60.2,69.5,129.7,1,1,1,1
7080,2,0.989894,0.5,1,1,2.0,2,60.2,68.8,129.0,1,1,1,1
7081,3,0.989894,0.5,1,1,1.0,1,61.1,67.4,128.5,1,1,1,1
7082,0,0.0,0.5,0,0,,0,60.1,0.0,60.1,1,1,1,1
7083,0,0.0,0.5,0,0,,0,59.7,0.0,59.7,1,1,1,1
7084,0,0.0,0.5,0,0,,0,152.3,0.0,152.3,1,1,1,1
7085,0,0.0,0.5,0,0,,0,92.4,0.0,92.4,1,1,1,1
7086,1,0.989894,0.5,1,1,1.0,1,133.3,119.1,252.4,1,1,1,1
7087,3,0.989894,0.5,1,1,3.0,3,107.5,94.7,202.2,1,1,1,1
7088,2,0.989894,0.5,1,1,3.0,3,85.3,118.7,204.0,1,1,1,1
7089,0,0.0,0.5,0,0,,0,96.2,0.0,96.2,1,1,1,1
7090,2,0.989894,0.5,1,1,2.0,2,84.4,78.7,163.1,1,1,1,1
7091,2,0.989894,0.5,1,1,3.0,3,70.0,94.6,164.6,1,1,1,1
7092,0,0.0,0.5,0,0,,0,73.5,0.0,73.5,1,1,1,1
7093,2,0.989894,0.5,1,1,3.0,3,70.5,77.0,147.5,1,1,1,1
7094,0,0.0,0.5,0,0,,0,68.8,0.0,68.8,1,1,1,1
7095,0,0.0,0.5,0,0,,0,81.8,0.0,81.8,1,1,1,1
7096,2,0.989894,0.5,1,1,3.0,3,68.7,75.9,144.6,1,1,1,1
7097,2,0.989894,0.5,1,1,2.0,2,68.6,84.8,153.4,1,1,1,1
7098,2,0.989894,0.5,1,1,3.0,3,76.1,77.5,153.6,1,1,1,1
7099,3,0.989894,0.5,1,1,3.0,3,67.6,79.0,146.6,1,1,1,1
7100,3,0.989894,0.5,1,1,2.0,2,65.9,76.4,142.3,1,1,1,1
7101,1,1.0,0.5,1,1,1.0,1,80.6,85.2,165.8,1,1,1,1
7102,0,0.177465,0.5,0,0,,0,72.2,0.0,72.2,1,1,1,1
7103,1,0.997497,0.5,1,1,1.0,1,65.6,75.8,141.4,1,1,1,1
7104,2,1.0,0.5,1,1,2.0,2,76.9,77.8,154.7,1,1,1,1
7105,3,0.989894,0.5,1,1,2.0,2,65.8,72.6,138.4,1,1,1,1
7106,0,0.0,0.5,0,0,,0,67.3,0.0,67.3,1,1,1,1
7107,2,0.989894,0.5,1,1,3.0,3,65.4,89.0,154.4,1,1,1,1
7108,2,0.989894,0.5,1,1,3.0,3,73.8,76.0,149.8,1,1,1,1
7109,2,0.989894,0.5,1,1,2.0,2,68.0,73.9,141.9,1,1,1,1
7110,3,1.0,0.5,1,1,3.0,3,65.5,82.3,147.8,1,1,1,1
7111,2,0.989894,0.5,1,1,2.0,2,69.7,76.0,145.7,1,1,1,1
7112,1,1.0,0.5,1,1,1.0,1,65.5,77.5,143.0,1,1,1,1
7113,1,1.0,0.5,1,1,1.0,1,64.0,77.9,141.9,1,1,1,1
7114,3,0.989894,0.5,1,1,2.0,2,68.0,73.9,141.9,1,1,1,1
7115,3,0.989894,0.5,1,1,2.0,2,72.6,75.9,148.5,1,1,1,1
7116,2,1.0,0.5,1,1,2.0,2,64.9,74.3,139.2,1,1,1,1
7117,3,0.989894,0.5,1,1,2.0,2,79.2,74.6,153.8,1,1,1,1
7118,0,0.0,0.5,0,0,,0,65.3,0.0,65.3,1,1,1,1
7119,1,0.989894,0.5,1,1,1.0,1,62.1,72.6,134.7,1,1,1,1
7120,1,1.0,0.5,1,1,1.0,1,73.9,73.1,147.0,1,1,1,1
7121,0,0.0,0.5,0,0,,0,64.8,0.0,64.8,1,1,1,1
7122,2,0.989894,0.5,1,1,2.0,2,68.5,238.6,307.1,1,1,1,1
7123,1,1.0,0.5,1,1,1.0,1,121.7,93.7,215.4,1,1,1,1
7124,1,0.989894,0.5,1,1,1.0,1,78.1,78.4,156.5,1,1,1,1
7125,1,0.989894,0.5,1,1,1.0,1,70.4,76.6,147.0,1,1,1,1
7126,2,0.989894,0.5,1,1,3.0,3,66.8,75.0,141.8,1,1,1,1
7127,3,1.0,0.5,1,1,3.0,3,65.5,74.6,140.1,1,1,1,1
7128,3,0.989894,0.5,1,1,3.0,3,65.7,72.5,138.2,1,1,1,1
7129,2,0.989894,0.5,1,1,3.0,3,67.0,74.1,141.1,1,1,1,1
7130,3,0.989894,0.5,1,1,2.0,2,65.4,75.5,140.9,1,1,1,1
7131,2,0.989894,0.5,1,1,2.0,2,65.3,76.8,142.1,1,1,1,1
7132,2,0.989894,0.5,1,1,3.0,3,67.2,76.5,143.7,1,1,1,1
7133,1,1.0,0.5,1,1,1.0,1,70.0,76.2,146.2,1,1,1,1
7134,2,0.999232,0.5,1,1,3.0,3,69.9,76.9,146.8,1,1,1,1
7135,0,0.0,0.5,0,0,,0,69.8,0.0,69.8,1,1,1,1
7136,0,0.0,0.5,0,0,,0,69.7,0.0,69.7,1,1,1,1
7137,2,0.999232,0.5,1,1,3.0,3,72.0,82.9,154.9,1,1,1,1
7138,0,0.0,0.5,0,0,,0,73.1,0.0,73.1,1,1,1,1
7139,1,0.513514,0.5,1,1,1.0,1,72.3,83.8,156.1,1,1,1,1
7140,2,0.989894,0.5,1,1,3.0,3,73.9,79.8,153.7,1,1,1,1
7141,0,0.0,0.5,0,0,,0,71.4,0.0,71.4,1,1,1,1
7142,2,1.0,0.5,1,1,2.0,2,71.2,81.6,152.8,1,1,1,1
7143,0,0.0,0.5,0,0,,0,68.3,0.0,68.3,1,1,1,1
7144,0,0.0,0.5,0,0,,0,68.3,0.0,68.3,1,1,1,1
7145,2,0.989894,0.5,1,1,2.0,2,70.1,75.6,145.7,1,1,1,1
7146,1,0.997497,0.5,1,1,1.0,1,66.0,92.3,158.3,1,1,1,1
7147,3,0.989894,0.5,1,1,2.0,2,70.7,77.7,148.4,1,1,1,1
7148,3,0.989894,0.5,1,1,2.0,2,68.2,73.0,141.2,1,1,1,1
7149,0,0.999232,0.5,1,1,0.0,0,65.1,86.8,151.9,1,1,1,1
7150,3,0.989894,0.5,1,1,3.0,3,68.5,72.0,140.5,1,1,1,1
7151,0,0.0,0.5,0,0,,0,65.1,0.0,65.1,1,1,1,1
7152,3,0.989894,0.5,1,1,3.0,3,62.7,71.1,133.8,1,1,1,1
7153,3,0.989894,0.5,1,1,3.0,3,77.3,77.1,154.4,1,1,1,1
7154,0,0.0,0.5,0,0,,0,65.7,0.0,65.7,1,1,1,1
7155,1,1.0,0.5,1,1,1.0,1,63.6,71.7,135.3,1,1,1,1
7156,0,0.0,0.5,0,0,,0,80.7,0.0,80.7,1,1,1,1
7157,3,0.989894,0.5,1,1,2.0,2,82.2,80.0,162.2,1,1,1,1
7158,0,0.989894,0.5,1,1,0.0,0,66.4,75.2,141.6,1,1,1,1
7159,3,0.989894,0.5,1,1,3.0,3,73.7,77.1,150.8,1,1,1,1
7160,2,1.0,0.5,1,1,2.0,2,65.3,70.4,135.7,1,1,1,1
7161,0,0.0,0.5,0,0,,0,63.6,0.0,63.6,1,1,1,1
7162,2,0.989894,0.5,1,1,2.0,2,86.2,80.6,166.8,1,1,1,1
7163,2,0.989894,0.5,1,1,2.0,2,64.1,70.0,134.1,1,1,1,1
7164,3,0.989894,0.5,1,1,3.0,3,61.4,70.7,132.1,1,1,1,1
7165,1,0.999232,0.5,1,1,1.0,1,62.3,82.3,144.6,1,1,1,1
7166,0,0.0,0.5,0,0,,0,64.2,0.0,64.2,1,1,1,1
7167,0,0.0,0.5,0,0,,0,60.9,0.0,60.9,1,1,1,1
7168,1,0.989894,0.5,1,1,1.0,1,60.3,77.2,137.5,1,1,1,1
7169,0,0.0,0.5,0,0,,0,66.6,0.0,66.6,1,1,1,1
7170,3,0.989894,0.5,1,1,2.0,2,61.3,72.8,134.1,1,1,1,1
7171,3,1.0,0.5,1,1,3.0,3,63.8,71.1,134.9,1,1,1,1
7172,2,0.989894,0.5,1,1,3.0,3,75.0,71.1,146.1,1,1,1,1
7173,0,0.0,0.5,0,0,,0,63.1,0.0,63.1,1,1,1,1
7174,0,0.0,0.5,0,0,,0,60.3,0.0,60.3,1,1,1,1
7175,3,0.989894,0.5,1,1,3.0,3,69.1,74.0,143.1,1,1,1,1
7176,2,0.989894,0.5,1,1,2.0,2,61.5,69.8,131.3,1,1,1,1
7177,0,0.0,0.5,0,0,,0,60.4,0.0,60.4,1,1,1,1
7178,2,0.989894,0.5,1,1,2.0,2,60.9,77.1,138.0,1,1,1,1
7179,0,0.0,0.5,0,0,,0,64.8,0.0,64.8,1,1,1,1
7180,2,0.989894,0.5,1,1,3.0,3,60.6,69.4,130.0,1,1,1,1
7181,3,0.989894,0.5,1,1,2.0,2,61.2,68.0,129.2,1,1,1,1
7182,3,1.0,0.5,1,1,2.0,2,71.6,70.1,141.7,1,1,1,1
7183,0,0.0,0.5,0,0,,0,61.6,0.0,61.6,1,1,1,1
7184,0,0.0,0.5,0,0,,0,61.4,0.0,61.4,1,1,1,1
7185,2,0.999232,0.5,1,1,3.0,3,71.3,73.5,144.8,1,1,1,1
7186,3,1.0,0.5,1,1,3.0,3,63.5,69.9,133.4,1,1,1,1
7187,2,0.989894,0.5,1,1,2.0,2,60.6,69.0,129.6,1,1,1,1
7188,0,0.0,0.5,0,0,,0,59.6,0.0,59.6,1,1,1,1
7189,3,0.989894,0.5,1,1,3.0,3,65.0,70.7,135.7,1,1,1,1
7190,0,0.0,0.5,0,0,,0,61.8,0.0,61.8,1,1,1,1
7191,0,0.0,0.5,0,0,,0,202.6,0.0,202.6,1,1,1,1
7192,0,0.0,0.5,0,0,,0,168.3,0.0,168.3,1,1,1,1
7193,2,0.989894,0.5,1,1,2.0,2,176.1,132.3,308.4,1,1,1,1
7194,2,0.989894,0.5,1,1,2.0,2,98.6,93.1,191.7,1,1,1,1
7195,0,0.0,0.5,0,0,,0,74.8,0.0,74.8,1,1,1,1
7196,3,0.989894,0.5,1,1,2.0,2,68.6,78.0,146.6,1,1,1,1
7197,0,0.0,0.5,0,0,,0,67.9,0.0,67.9,1,1,1,1
7198,1,0.997497,0.5,1,1,1.0,1,64.9,73.4,138.3,1,1,1,1
7199,0,0.0,0.5,0,0,,0,65.0,0.0,65.0,1,1,1,1
7200,3,0.989894,0.5,1,1,3.0,3,65.3,74.4,139.7,1,1,1,1
7201,2,0.989894,0.5,1,1,2.0,2,65.5,73.0,138.5,1,1,1,1
7202,3,1.0,0.5,1,1,3.0,3,65.5,73.8,139.3,1,1,1,1
7203,2,0.989894,0.5,1,1,2.0,2,65.4,75.4,140.8,1,1,1,1
7204,0,0.0,0.5,0,0,,0,64.1,0.0,64.1,1,1,1,1
7205,3,0.989894,0.5,1,1,1.0,1,65.1,72.5,137.6,1,1,1,1
7206,0,0.0,0.5,0,0,,0,65.6,0.0,65.6,1,1,1,1
7207,0,0.0,0.5,0,0,,0,62.2,0.0,62.2,1,1,1,1
7208,3,0.989894,0.5,1,1,2.0,2,62.2,74.2,136.4,1,1,1,1
7209,2,0.989894,0.5,1,1,2.0,2,66.1,72.1,138.2,1,1,1,1
7210,0,0.0,0.5,0,0,,0,64.2,0.0,64.2,1,1,1,1
7211,1,0.997497,0.5,1,1,1.0,1,62.7,72.6,135.3,1,1,1,1
7212,2,0.989894,0.5,1,1,2.0,2,63.0,71.6,134.6,1,1,1,1
7213,3,0.989894,0.5,1,1,2.0,2,62.8,70.5,133.3,1,1,1,1
7214,3,0.989894,0.5,1,1,2.0,2,63.3,72.3,135.6,1,1,1,1
7215,1,0.997497,0.5,1,1,1.0,1,82.3,75.6,157.9,1,1,1,1
7216,2,0.989894,0.5,1,1,3.0,3,63.2,71.7,134.9,1,1,1,1
7217,1,1.0,0.5,1,1,1.0,1,63.1,71.5,134.6,1,1,1,1
7218,2,0.989894,0.5,1,1,2.0,2,76.1,76.4,152.5,1,1,1,1
7219,3,0.999232,0.5,1,1,2.0,2,64.5,71.0,135.5,1,1,1,1
7220,3,0.989894,0.5,1,1,3.0,3,63.1,70.6,133.7,1,1,1,1
7221,3,0.989894,0.5,1,1,3.0,3,63.4,82.9,146.3,1,1,1,1
7222,2,0.989894,0.5,1,1,3.0,3,64.7,72.5,137.2,1,1,1,1
7223,1,1.0,0.5,1,1,1.0,1,62.3,71.0,133.3,1,1,1,1
7224,3,0.989894,0.5,1,1,3.0,3,62.2,119.7,181.9,1,1,1,1
7225,3,0.989894,0.5,1,1,3.0,3,74.6,74.9,149.5,1,1,1,1
7226,0,0.0,0.5,0,0,,0,64.7,0.0,64.7,1,1,1,1
7227,1,0.177465,0.5,0,0,,0,64.2,0.0,64.2,1,1,1,1
7228,0,0.0,0.5,0,0,,0,76.0,0.0,76.0,1,1,1,1
7229,2,0.989894,0.5,1,1,2.0,2,64.7,69.8,134.5,1,1,1,1
7230,2,0.989894,0.5,1,1,2.0,2,61.7,70.0,131.7,1,1,1,1
7231,3,0.989894,0.5,1,1,3.0,3,69.6,75.1,144.7,1,1,1,1
7232,2,0.989894,0.5,1,1,3.0,3,63.7,69.7,133.4,1,1,1,1
7233,2,0.989894,0.5,1,1,3.0,3,65.7,69.1,134.8,1,1,1,1
7234,0,0.0,0.5,0,0,,0,59.8,0.0,59.8,1,1,1,1
7235,2,0.989894,0.5,1,1,3.0,3,65.5,71.0,136.5,1,1,1,1
7236,2,0.989894,0.5,1,1,3.0,3,61.8,69.6,131.4,1,1,1,1
7237,2,0.989894,0.5,1,1,3.0,3,61.1,75.2,136.3,1,1,1,1
7238,0,0.177465,0.5,0,0,,0,67.1,0.0,67.1,1,1,1,1
7239,0,0.0,0.5,0,0,,0,60.8,0.0,60.8,1,1,1,1
7240,2,0.989894,0.5,1,1,3.0,3,61.0,68.5,129.5,1,1,1,1
7241,0,0.0,0.5,0,0,,0,72.8,0.0,72.8,1,1,1,1
7242,3,0.989894,0.5,1,1,3.0,3,61.9,72.9,134.8,1,1,1,1
7243,2,0.989894,0.5,1,1,2.0,2,61.6,70.6,132.2,1,1,1,1
7244,0,0.0,0.5,0,0,,0,62.4,0.0,62.4,1,1,1,1
7245,3,0.989894,0.5,1,1,2.0,2,65.0,70.5,135.5,1,1,1,1
7246,0,0.0,0.5,0,0,,0,61.0,0.0,61.0,1,1,1,1
7247,2,0.989894,0.5,1,1,2.0,2,62.2,80.0,142.2,1,1,1,1
7248,0,0.0,0.5,0,0,,0,65.5,0.0,65.5,1,1,1,1
7249,3,0.989894,0.5,1,1,2.0,2,61.7,69.7,131.4,1,1,1,1
7250,2,0.989894,0.5,1,1,3.0,3,61.2,69.5,130.7,1,1,1,1
7251,2,0.989894,0.5,1,1,3.0,3,71.5,72.2,143.7,1,1,1,1
7252,2,1.0,0.5,1,1,3.0,3,60.7,69.5,130.2,1,1,1,1
7253,2,0.989894,0.5,1,1,3.0,3,63.1,68.0,131.1,1,1,1,1
7254,0,0.0,0.5,0,0,,0,71.6,0.0,71.6,1,1,1,1
7255,1,0.989894,0.5,1,1,1.0,1,61.6,69.4,131.0,1,1,1,1
7256,0,0.0,0.5,0,0,,0,61.3,0.0,61.3,1,1,1,1
7257,2,0.989894,0.5,1,1,3.0,3,62.4,81.4,143.8,1,1,1,1
7258,1,0.999232,0.5,1,1,1.0,1,65.0,68.3,133.3,1,1,1,1
7259,0,0.0,0.5,0,0,,0,61.3,0.0,61.3,1,1,1,1
7260,2,0.999232,0.5,1,1,2.0,2,75.2,113.5,188.7,1,1,1,1
7261,0,0.0,0.5,0,0,,0,74.9,0.0,74.9,1,1,1,1
7262,1,1.0,0.5,1,1,1.0,1,63.6,70.7,134.3,1,1,1,1
7263,3,0.989894,0.5,1,1,3.0,3,61.6,81.7,143.3,1,1,1,1
7264,0,0.0,0.5,0,0,,0,66.4,0.0,66.4,1,1,1,1
7265,2,0.999232,0.5,1,1,3.0,3,62.5,69.4,131.9,1,1,1,1
7266,2,0.997497,0.5,1,1,2.0,2,61.3,70.5,131.8,1,1,1,1
7267,2,0.999232,0.5,1,1,3.0,3,66.6,122.2,188.8,1,1,1,1
7268,0,0.0,0.5,0,0,,0,69.0,0.0,69.0,1,1,1,1
7269,2,0.989894,0.5,1,1,2.0,2,62.4,81.3,143.7,1,1,1,1
7270,2,0.997497,0.5,1,1,2.0,2,68.3,72.9,141.2,1,1,1,1
7271,3,0.989894,0.5,1,1,3.0,3,61.4,70.4,131.8,1,1,1,1
7272,3,0.999232,0.5,1,1,2.0,2,62.4,68.9,131.3,1,1,1,1
7273,0,0.0,0.5,0,0,,0,76.0,0.0,76.0,1,1,1,1
7274,3,0.989894,0.5,1,1,3.0,3,64.2,70.3,134.5,1,1,1,1
7275,0,0.0,0.5,0,0,,0,61.2,0.0,61.2,1,1,1,1
7276,0,0.0,0.5,0,0,,0,69.0,0.0,69.0,1,1,1,1
7277,2,1.0,0.5,1,1,2.0,2,63.6,70.6,134.2,1,1,1,1
7278,0,0.0,0.5,0,0,,0,61.1,0.0,61.1,1,1,1,1
7279,1,0.989894,0.5,1,1,1.0,1,61.9,81.2,143.1,1,1,1,1
7280,0,0.0,0.5,0,0,,0,65.1,0.0,65.1,1,1,1,1
7281,3,0.989894,0.5,1,1,3.0,3,61.9,68.8,130.7,1,1,1,1
7282,0,0.0,0.5,0,0,,0,59.8,0.0,59.8,1,1,1,1
7283,2,0.989894,0.5,1,1,2.0,2,66.6,72.1,138.7,1,1,1,1
7284,1,1.0,0.5,1,1,1.0,1,61.5,67.0,128.5,1,1,1,1
7285,3,1.0,0.5,1,1,2.0,2,61.0,69.0,130.0,1,1,1,1
7286,2,0.989894,0.5,1,1,3.0,3,70.8,73.7,144.5,1,1,1,1
7287,2,0.989894,0.5,1,1,3.0,3,62.5,69.0,131.5,1,1,1,1
7288,2,0.989894,0.5,1,1,3.0,3,61.7,69.2,130.9,1,1,1,1
7289,2,1.0,0.5,1,1,3.0,3,61.9,80.5,142.4,1,1,1,1
7290,0,0.0,0.5,0,0,,0,64.0,0.0,64.0,1,1,1,1
7291,0,0.0,0.5,0,0,,0,61.4,0.0,61.4,1,1,1,1
7292,0,0.0,0.5,0,0,,0,60.4,0.0,60.4,1,1,1,1
7293,3,0.989894,0.5,1,1,3.0,3,67.4,71.9,139.3,1,1,1,1
7294,3,1.0,0.5,1,1,3.0,3,61.9,68.2,130.1,1,1,1,1
7295,0,0.0,0.5,0,0,,0,101.5,0.0,101.5,1,1,1,1
7296,3,0.999232,0.5,1,1,2.0,2,73.4,71.4,144.8,1,1,1,1
7297,0,0.0,0.5,0,0,,0,62.7,0.0,62.7,1,1,1,1
7298,1,0.989894,0.5,1,1,1.0,1,61.2,69.0,130.2,1,1,1,1
7299,1,0.999232,0.5,1,1,1.0,1,69.5,74.1,143.6,1,1,1,1
7300,0,0.0,0.5,0,0,,0,61.6,0.0,61.6,1,1,1,1
7301,0,0.0,0.5,0,0,,0,160.2,0.0,160.2,1,1,1,1
7302,3,0.989894,0.5,1,1,2.0,2,119.7,316.1,435.8,1,1,1,1
7303,1,0.999232,0.5,1,1,1.0,1,203.7,137.2,340.9,1,1,1,1
7304,3,0.989894,0.5,1,1,3.0,3,102.2,100.2,202.4,1,1,1,1
7305,2,0.989894,0.5,1,1,2.0,2,85.0,93.1,178.1,1,1,1,1
7306,2,0.989894,0.5,1,1,2.0,2,81.3,85.3,166.6,1,1,1,1
7307,0,0.0,0.5,0,0,,0,75.6,0.0,75.6,1,1,1,1
7308,2,0.989894,0.5,1,1,3.0,3,79.3,86.3,165.6,1,1,1,1
7309,2,0.989894,0.5,1,1,3.0,3,78.8,85.1,163.9,1,1,1,1
7310,3,0.989894,0.5,1,1,3.0,3,72.7,84.3,157.0,1,1,1,1
7311,3,0.989894,0.5,1,1,2.0,2,73.2,83.8,157.0,1,1,1,1
7312,0,0.0,0.5,0,0,,0,75.6,0.0,75.6,1,1,1,1
7313,0,0.0,0.5,0,0,,0,72.1,0.0,72.1,1,1,1,1
7314,2,0.989894,0.5,1,1,3.0,3,70.7,79.1,149.8,1,1,1,1
7315,2,0.989894,0.5,1,1,2.0,2,70.5,79.1,149.6,1,1,1,1
7316,2,1.0,0.5,1,1,2.0,2,70.2,83.7,153.9,1,1,1,1
7317,3,1.0,0.5,1,1,3.0,3,73.2,81.2,154.4,1,1,1,1
7318,0,0.0,0.5,0,0,,0,69.9,0.0,69.9,1,1,1,1
7319,0,0.0,0.5,0,0,,0,69.0,0.0,69.0,1,1,1,1
7320,3,0.989894,0.5,1,1,2.0,2,67.7,103.3,171.0,1,1,1,1
7321,0,0.0,0.5,0,0,,0,76.9,0.0,76.9,1,1,1,1
7322,3,0.989894,0.5,1,1,2.0,2,68.9,76.8,145.7,1,1,1,1
7323,3,0.989894,0.5,1,1,2.0,2,71.0,75.2,146.2,1,1,1,1
7324,1,1.0,0.5,1,1,1.0,1,82.7,77.3,160.0,1,1,1,1
7325,2,0.989894,0.5,1,1,2.0,2,69.4,77.3,146.7,1,1,1,1
7326,0,0.0,0.5,0,0,,0,68.2,0.0,68.2,1,1,1,1
7327,2,0.989894,0.5,1,1,2.0,2,80.0,80.0,160.0,1,1,1,1
7328,2,0.999232,0.5,1,1,3.0,3,69.0,74.9,143.9,1,1,1,1
7329,2,0.989894,0.5,1,1,3.0,3,67.7,74.5,142.2,1,1,1,1
7330,1,1.0,0.5,1,1,1.0,1,66.7,86.7,153.4,1,1,1,1
7331,2,0.989894,0.5,1,1,2.0,2,68.5,76.4,144.9,1,1,1,1
7332,2,0.989894,0.5,1,1,2.0,2,65.1,72.5,137.6,1,1,1,1
7333,1,1.0,0.5,1,1,1.0,1,66.1,85.4,151.5,1,1,1,1
7334,0,0.0,0.5,0,0,,0,68.6,0.0,68.6,1,1,1,1
7335,1,1.0,0.5,1,1,1.0,1,67.4,76.5,143.9,1,1,1,1
7336,2,0.989894,0.5,1,1,3.0,3,66.0,80.3,146.3,1,1,1,1
7337,0,0.0,0.5,0,0,,0,70.6,0.0,70.6,1,1,1,1
7338,3,1.0,0.5,1,1,3.0,3,64.1,73.4,137.5,1,1,1,1
7339,0,0.0,0.5,0,0,,0,64.1,0.0,64.1,1,1,1,1
7340,3,1.0,0.5,1,1,3.0,3,77.1,75.1,152.2,1,1,1,1
7341,0,0.0,0.5,0,0,,0,66.8,0.0,66.8,1,1,1,1
7342,3,1.0,0.5,1,1,3.0,3,67.2,71.6,138.8,1,1,1,1
7343,1,1.0,0.5,1,1,1.0,1,62.4,84.5,146.9,1,1,1,1
7344,2,0.989894,0.5,1,1,2.0,2,67.8,74.2,142.0,1,1,1,1
7345,0,0.0,0.5,0,0,,0,65.1,0.0,65.1,1,1,1,1
7346,3,0.989894,0.5,1,1,2.0,2,63.3,83.4,146.7,1,1,1,1
7347,0,0.0,0.5,0,0,,0,66.5,0.0,66.5,1,1,1,1
7348,2,1.0,0.5,1,1,3.0,3,64.2,69.2,133.4,1,1,1,1
7349,0,0.0,0.5,0,0,,0,62.8,0.0,62.8,1,1,1,1
7350,0,0.177465,0.5,0,0,,0,69.6,0.0,69.6,1,1,1,1
7351,2,0.999232,0.5,1,1,2.0,2,63.6,70.1,133.7,1,1,1,1
7352,0,0.0,0.5,0,0,,0,62.8,0.0,62.8,1,1,1,1
7353,2,0.989894,0.5,1,1,2.0,2,73.8,74.9,148.7,1,1,1,1
7354,1,1.0,0.5,1,1,1.0,1,63.5,70.4,133.9,1,1,1,1
7355,0,0.0,0.5,0,0,,0,63.0,0.0,63.0,1,1,1,1
7356,2,1.0,0.5,1,1,2.0,2,63.1,81.0,144.1,1,1,1,1
7357,2,0.999232,0.5,1,1,2.0,2,67.5,70.9,138.4,1,1,1,1
7358,2,0.999232,0.5,1,1,2.0,2,62.9,70.0,132.9,1,1,1,1
7359,3,1.0,0.5,1,1,3.0,3,63.7,79.6,143.3,1,1,1,1
7360,3,0.989894,0.5,1,1,2.0,2,69.4,72.5,141.9,1,1,1,1
7361,2,0.989894,0.5,1,1,2.0,2,63.8,70.9,134.7,1,1,1,1
7362,0,0.0,0.5,0,0,,0,62.3,0.0,62.3,1,1,1,1
7363,3,0.989894,0.5,1,1,2.0,2,75.4,74.8,150.2,1,1,1,1
7364,3,0.989894,0.5,1,1,2.0,2,64.2,71.3,135.5,1,1,1,1
7365,2,0.989894,0.5,1,1,2.0,2,63.8,72.1,135.9,1,1,1,1
7366,3,0.989894,0.5,1,1,2.0,2,71.0,78.4,149.4,1,1,1,1
7367,2,1.0,0.5,1,1,3.0,3,61.4,70.0,131.4,1,1,1,1
7368,3,0.989894,0.5,1,1,3.0,3,60.5,68.5,129.0,1,1,1,1
7369,3,0.989894,0.5,1,1,3.0,3,61.2,164.1,225.3,1,1,1,1
7370,0,0.0,0.5,0,0,,0,136.0,0.0,136.0,1,1,1,1
7371,0,0.0,0.5,0,0,,0,80.8,0.0,80.8,1,1,1,1
7372,1,0.513514,0.5,1,1,1.0,1,84.6,81.4,166.0,1,1,1,1
7373,2,0.989894,0.5,1,1,3.0,3,70.1,77.6,147.7,1,1,1,1
7374,1,1.0,0.5,1,1,1.0,1,72.6,88.2,160.8,1,1,1,1
7375,3,0.989894,0.5,1,1,2.0,2,81.6,80.9,162.5,1,1,1,1
7376,1,0.997497,0.5,1,1,1.0,1,68.4,73.4,141.8,1,1,1,1
7377,1,0.989894,0.5,1,1,1.0,1,68.5,74.2,142.7,1,1,1,1
7378,1,0.989894,0.5,1,1,1.0,1,75.3,76.0,151.3,1,1,1,1
7379,0,0.0,0.5,0,0,,0,66.7,0.0,66.7,1,1,1,1
7380,0,0.0,0.5,0,0,,0,64.4,0.0,64.4,1,1,1,1
7381,3,0.989894,0.5,1,1,3.0,3,76.0,165.5,241.5,1,1,1,1
7382,3,0.989894,0.5,1,1,3.0,3,114.2,89.2,203.4,1,1,1,1
7383,3,0.989894,0.5,1,1,3.0,3,72.6,95.7,168.3,1,1,1,1
7384,2,0.989894,0.5,1,1,2.0,2,72.6,75.8,148.4,1,1,1,1
7385,2,0.989894,0.5,1,1,2.0,2,67.0,75.5,142.5,1,1,1,1
7386,3,0.989894,0.5,1,1,3.0,3,66.9,82.7,149.6,1,1,1,1
7387,1,1.0,0.5,1,1,1.0,1,74.9,74.2,149.1,1,1,1,1
7388,3,0.989894,0.5,1,1,3.0,3,64.2,71.6,135.8,1,1,1,1
7389,0,0.0,0.5,0,0,,0,64.1,0.0,64.1,1,1,1,1
7390,3,0.989894,0.5,1,1,3.0,3,76.1,73.9,150.0,1,1,1,1
7391,0,0.0,0.5,0,0,,0,63.8,0.0,63.8,1,1,1,1
7392,2,0.989894,0.5,1,1,3.0,3,64.3,69.6,133.9,1,1,1,1
7393,0,0.0,0.5,0,0,,0,74.6,0.0,74.6,1,1,1,1
7394,1,1.0,0.5,1,1,1.0,1,64.9,71.1,136.0,1,1,1,1
7395,3,0.989894,0.5,1,1,3.0,3,63.1,72.0,135.1,1,1,1,1
7396,0,0.0,0.5,0,0,,0,64.6,0.0,64.6,1,1,1,1
7397,3,0.989894,0.5,1,1,3.0,3,68.1,73.2,141.3,1,1,1,1
7398,3,0.989894,0.5,1,1,3.0,3,64.1,71.0,135.1,1,1,1,1
7399,3,0.999232,0.5,1,1,3.0,3,63.9,81.6,145.5,1,1,1,1
7400,1,1.0,0.5,1,1,1.0,1,68.8,72.0,140.8,1,1,1,1
7401,3,0.989894,0.5,1,1,3.0,3,63.6,72.1,135.7,1,1,1,1
7402,0,0.0,0.5,0,0,,0,62.1,0.0,62.1,1,1,1,1
7403,0,0.0,0.5,0,0,,0,75.4,0.0,75.4,1,1,1,1
7404,2,0.989894,0.5,1,1,2.0,2,64.6,70.3,134.9,1,1,1,1
7405,3,0.989894,0.5,1,1,3.0,3,68.5,198.1,266.6,1,1,1,1
7406,0,0.0,0.5,0,0,,0,320.2,0.0,320.2,1,1,1,1
7407,2,1.0,0.5,1,1,3.0,3,76.8,81.0,157.8,1,1,1,1
7408,0,0.0,0.5,0,0,,0,68.9,0.0,68.9,1,1,1,1
7409,3,0.989894,0.5,1,1,2.0,2,71.2,74.3,145.5,1,1,1,1
7410,0,0.0,0.5,0,0,,0,65.9,0.0,65.9,1,1,1,1
7411,0,0.0,0.5,0,0,,0,65.2,0.0,65.2,1,1,1,1
7412,0,0.177465,0.5,0,0,,0,77.3,0.0,77.3,1,1,1,1
7413,3,0.989894,0.5,1,1,3.0,3,79.7,78.4,158.1,1,1,1,1
7414,0,0.0,0.5,0,0,,0,69.2,0.0,69.2,1,1,1,1
7415,3,0.989894,0.5,1,1,2.0,2,67.8,73.8,141.6,1,1,1,1
7416,3,0.989894,0.5,1,1,3.0,3,62.1,69.9,132.0,1,1,1,1
7417,2,0.989894,0.5,1,1,2.0,2,62.6,70.2,132.8,1,1,1,1
7418,0,0.0,0.5,0,0,,0,73.6,0.0,73.6,1,1,1,1
7419,0,0.0,0.5,0,0,,0,70.8,0.0,70.8,1,1,1,1
7420,3,0.989894,0.5,1,1,2.0,2,63.7,68.5,132.2,1,1,1,1
7421,0,0.0,0.5,0,0,,0,71.2,0.0,71.2,1,1,1,1
7422,0,0.989894,0.5,1,1,0.0,0,63.0,69.3,132.3,1,1,1,1
7423,3,0.989894,0.5,1,1,3.0,3,61.4,71.0,132.4,1,1,1,1
7424,2,0.989894,0.5,1,1,2.0,2,61.5,80.4,141.9,1,1,1,1
7425,1,0.989894,0.5,1,1,1.0,1,65.0,72.2,137.2,1,1,1,1
7426,0,0.0,0.5,0,0,,0,70.5,0.0,70.5,1,1,1,1
7427,0,0.0,0.5,0,0,,0,63.8,0.0,63.8,1,1,1,1
7428,3,0.989894,0.5,1,1,3.0,3,66.7,71.2,137.9,1,1,1,1
7429,0,0.0,0.5,0,0,,0,62.7,0.0,62.7,1,1,1,1
7430,3,0.989894,0.5,1,1,2.0,2,61.6,70.0,131.6,1,1,1,1
7431,0,0.0,0.5,0,0,,0,73.1,0.0,73.1,1,1,1,1
7432,1,0.177465,0.5,0,0,,0,61.7,0.0,61.7,1,1,1,1
7433,0,0.0,0.5,0,0,,0,70.6,0.0,70.6,1,1,1,1
7434,0,0.0,0.5,0,0,,0,72.2,0.0,72.2,1,1,1,1
7435,3,1.0,0.5,1,1,3.0,3,62.2,70.7,132.9,1,1,1,1
7436,3,0.989894,0.5,1,1,3.0,3,61.3,68.5,129.8,1,1,1,1
7437,2,0.989894,0.5,1,1,3.0,3,60.5,80.8,141.3,1,1,1,1
7438,2,0.989894,0.5,1,1,3.0,3,64.1,68.8,132.9,1,1,1,1
7439,2,0.989894,0.5,1,1,3.0,3,61.0,69.7,130.7,1,1,1,1
7440,1,0.989894,0.5,1,1,1.0,1,63.1,83.4,146.5,1,1,1,1
7441,2,0.989894,0.5,1,1,2.0,2,67.8,69.9,137.7,1,1,1,1
7442,3,0.989894,0.5,1,1,2.0,2,61.6,68.6,130.2,1,1,1,1
7443,3,1.0,0.5,1,1,2.0,2,60.9,70.2,131.1,1,1,1,1
7444,3,0.989894,0.5,1,1,3.0,3,71.5,72.4,143.9,1,1,1,1
7445,2,0.989894,0.5,1,1,2.0,2,61.6,68.1,129.7,1,1,1,1
7446,3,0.989894,0.5,1,1,2.0,2,61.5,67.7,129.2,1,1,1,1
7447,0,0.0,0.5,0,0,,0,72.0,0.0,72.0,1,1,1,1
7448,3,0.999232,0.5,1,1,2.0,2,152.9,91.7,244.6,1,1,1,1
7449,3,0.989894,0.5,1,1,2.0,2,80.7,88.4,169.1,1,1,1,1
7450,3,0.989894,0.5,1,1,2.0,2,71.4,74.5,145.9,1,1,1,1
7451,2,0.989894,0.5,1,1,2.0,2,65.9,74.0,139.9,1,1,1,1
7452,2,0.989894,0.5,1,1,2.0,2,64.8,70.9,135.7,1,1,1,1
7453,1,1.0,0.5,1,1,1.0,1,64.9,71.7,136.6,1,1,1,1
7454,3,0.989894,0.5,1,1,3.0,3,65.3,71.1,136.4,1,1,1,1
7455,0,0.0,0.5,0,0,,0,63.4,0.0,63.4,1,1,1,1
7456,2,0.999232,0.5,1,1,3.0,3,66.7,70.1,136.8,1,1,1,1
7457,1,1.0,0.5,1,1,1.0,1,65.4,71.3,136.7,1,1,1,1
7458,3,0.989894,0.5,1,1,3.0,3,62.2,70.5,132.7,1,1,1,1
7459,1,1.0,0.5,1,1,1.0,1,62.1,72.8,134.9,1,1,1,1
7460,0,0.513514,0.5,1,1,0.0,0,66.3,69.6,135.9,1,1,1,1
7461,0,0.0,0.5,0,0,,0,61.8,0.0,61.8,1,1,1,1
7462,3,0.989894,0.5,1,1,3.0,3,60.8,69.4,130.2,1,1,1,1
7463,3,0.989894,0.5,1,1,2.0,2,60.8,71.1,131.9,1,1,1,1
7464,1,0.989894,0.5,1,1,1.0,1,60.3,68.7,129.0,1,1,1,1
7465,0,0.177465,0.5,0,0,,0,77.0,0.0,77.0,1,1,1,1
7466,1,0.997497,0.5,1,1,1.0,1,64.0,70.5,134.5,1,1,1,1
7467,0,0.0,0.5,0,0,,0,60.8,0.0,60.8,1,1,1,1
7468,2,0.989894,0.5,1,1,2.0,2,60.0,125.3,185.3,1,1,1,1
7469,0,0.177465,0.5,0,0,,0,93.6,0.0,93.6,1,1,1,1
7470,3,0.989894,0.5,1,1,2.0,2,66.4,73.0,139.4,1,1,1,1
7471,1,1.0,0.5,1,1,1.0,1,76.1,75.1,151.2,1,1,1,1
7472,0,0.0,0.5,0,0,,0,63.4,0.0,63.4,1,1,1,1
7473,2,0.989894,0.5,1,1,3.0,3,63.9,71.5,135.4,1,1,1,1
7474,1,0.989894,0.5,1,1,1.0,1,72.5,78.6,151.1,1,1,1,1
7475,0,0.0,0.5,0,0,,0,66.7,0.0,66.7,1,1,1,1
7476,0,0.0,0.5,0,0,,0,77.3,0.0,77.3,1,1,1,1
7477,2,0.999232,0.5,1,1,2.0,2,121.3,127.8,249.1,1,1,1,1
7478,0,0.177465,0.5,0,0,,0,105.1,0.0,105.1,1,1,1,1
7479,2,0.989894,0.5,1,1,2.0,2,99.1,132.0,231.1,1,1,1,1
7480,3,1.0,0.5,1,1,3.0,3,104.2,126.8,231.0,1,1,1,1
7481,1,0.989894,0.5,1,1,1.0,1,101.7,109.5,211.2,1,1,1,1
7482,0,0.0,0.5,0,0,,0,96.1,0.0,96.1,1,1,1,1
7483,3,1.0,0.5,1,1,3.0,3,92.9,120.0,212.9,1,1,1,1
7484,1,1.0,0.5,1,1,1.0,1,103.6,102.9,206.5,1,1,1,1
7485,1,1.0,0.5,1,1,1.0,1,92.5,98.6,191.1,1,1,1,1
7486,3,0.989894,0.5,1,1,2.0,2,84.0,103.1,187.1,1,1,1,1
7487,3,0.989894,0.5,1,1,3.0,3,93.6,101.0,194.6,1,1,1,1
7488,3,0.989894,0.5,1,1,2.0,2,83.7,94.1,177.8,1,1,1,1
7489,0,0.0,0.5,0,0,,0,92.5,0.0,92.5,1,1,1,1
7490,2,0.989894,0.5,1,1,3.0,3,95.0,94.0,189.0,1,1,1,1
7491,2,0.989894,0.5,1,1,2.0,2,77.4,88.7,166.1,1,1,1,1
7492,0,0.0,0.5,0,0,,0,75.9,0.0,75.9,1,1,1,1
7493,0,0.0,0.5,0,0,,0,92.2,0.0,92.2,1,1,1,1
7494,0,0.0,0.5,0,0,,0,75.5,0.0,75.5,1,1,1,1
7495,0,0.0,0.5,0,0,,0,77.1,0.0,77.1,1,1,1,1
7496,3,0.999232,0.5,1,1,3.0,3,71.9,91.3,163.2,1,1,1,1
7497,0,0.0,0.5,0,0,,0,75.6,0.0,75.6,1,1,1,1
7498,2,0.989894,0.5,1,1,3.0,3,69.6,77.9,147.5,1,1,1,1
7499,2,0.989894,0.5,1,1,3.0,3,68.1,89.8,157.9,1,1,1,1
7500,1,0.997497,0.5,1,1,1.0,1,72.6,75.1,147.7,1,1,1,1
7501,2,0.989894,0.5,1,1,3.0,3,78.1,76.1,154.2,1,1,1,1
7502,3,0.989894,0.5,1,1,2.0,2,64.4,73.5,137.9,1,1,1,1
7503,0,0.0,0.5,0,0,,0,74.7,0.0,74.7,1,1,1,1
7504,1,1.0,0.5,1,1,1.0,1,63.7,68.9,132.6,1,1,1,1
7505,1,1.0,0.5,1,1,1.0,1,64.5,72.2,136.7,1,1,1,1
7506,2,0.989894,0.5,1,1,2.0,2,69.8,71.9,141.7,1,1,1,1
7507,0,0.0,0.5,0,0,,0,60.9,0.0,60.9,1,1,1,1
7508,3,0.989894,0.5,1,1,3.0,3,221.8,311.3,533.1,1,1,1,1
7509,3,0.989894,0.5,1,1,2.0,2,81.7,111.1,192.8,1,1,1,1
7510,2,1.0,0.5,1,1,3.0,3,89.1,76.7,165.8,1,1,1,1
7511,2,0.989894,0.5,1,1,2.0,2,69.1,87.5,156.6,1,1,1,1
7512,0,0.0,0.5,0,0,,0,78.7,0.0,78.7,1,1,1,1
7513,0,0.0,0.5,0,0,,0,65.2,0.0,65.2,1,1,1,1
7514,2,0.997497,0.5,1,1,2.0,2,61.5,69.4,130.9,1,1,1,1
7515,2,1.0,0.5,1,1,2.0,2,70.1,76.2,146.3,1,1,1,1
7516,2,1.0,0.5,1,1,2.0,2,62.5,68.4,130.9,1,1,1,1
7517,1,0.999232,0.5,1,1,1.0,1,63.9,69.6,133.5,1,1,1,1
7518,1,0.997497,0.5,1,1,1.0,1,61.0,85.6,146.6,1,1,1,1
7519,3,0.989894,0.5,1,1,3.0,3,67.2,74.3,141.5,1,1,1,1
7520,3,0.989894,0.5,1,1,3.0,3,61.9,73.2,135.1,1,1,1,1
7521,3,0.989894,0.5,1,1,3.0,3,62.7,78.2,140.9,1,1,1,1
7522,2,0.989894,0.5,1,1,3.0,3,67.4,70.4,137.8,1,1,1,1
7523,2,0.989894,0.5,1,1,3.0,3,63.4,71.9,135.3,1,1,1,1
7524,2,0.989894,0.5,1,1,3.0,3,60.8,69.7,130.5,1,1,1,1
7525,2,0.989894,0.5,1,1,3.0,3,73.6,77.5,151.1,1,1,1,1
7526,3,0.989894,0.5,1,1,2.0,2,65.1,70.8,135.9,1,1,1,1
7527,3,0.989894,0.5,1,1,3.0,3,62.2,70.9,133.1,1,1,1,1
7528,3,0.989894,0.5,1,1,3.0,3,70.5,72.4,142.9,1,1,1,1
7529,2,0.989894,0.5,1,1,3.0,3,62.5,69.9,132.4,1,1,1,1
7530,2,0.989894,0.5,1,1,2.0,2,61.3,70.2,131.5,1,1,1,1
7531,0,0.177465,0.5,0,0,,0,60.4,0.0,60.4,1,1,1,1
7532,2,0.989894,0.5,1,1,2.0,2,63.3,68.6,131.9,1,1,1,1
7533,3,0.989894,0.5,1,1,3.0,3,71.3,72.2,143.5,1,1,1,1
7534,1,0.989894,0.5,1,1,1.0,1,61.4,76.6,138.0,1,1,1,1
7535,3,0.989894,0.5,1,1,3.0,3,65.6,71.2,136.8,1,1,1,1
7536,3,0.989894,0.5,1,1,3.0,3,62.9,68.7,131.6,1,1,1,1
7537,2,0.989894,0.5,1,1,3.0,3,61.6,69.6,131.2,1,1,1,1
7538,2,1.0,0.5,1,1,2.0,2,72.5,73.0,145.5,1,1,1,1
7539,0,0.0,0.5,0,0,,0,61.4,0.0,61.4,1,1,1,1
7540,2,0.989894,0.5,1,1,3.0,3,71.5,71.3,142.8,1,1,1,1
7541,3,1.0,0.5,1,1,2.0,2,72.2,74.1,146.3,1,1,1,1
7542,1,1.0,0.5,1,1,1.0,1,62.2,68.9,131.1,1,1,1,1
7543,3,0.989894,0.5,1,1,2.0,2,61.2,70.0,131.2,1,1,1,1
7544,2,0.989894,0.5,1,1,3.0,3,61.1,79.6,140.7,1,1,1,1
7545,2,0.989894,0.5,1,1,3.0,3,64.5,71.0,135.5,1,1,1,1
7546,0,0.0,0.5,0,0,,0,61.1,0.0,61.1,1,1,1,1
7547,3,0.989894,0.5,1,1,2.0,2,70.3,80.8,151.1,1,1,1,1
7548,3,0.989894,0.5,1,1,3.0,3,66.3,70.1,136.4,1,1,1,1
7549,0,0.0,0.5,0,0,,0,63.3,0.0,63.3,1,1,1,1
7550,2,0.989894,0.5,1,1,3.0,3,59.5,69.2,128.7,1,1,1,1
7551,2,0.989894,0.5,1,1,3.0,3,71.3,73.0,144.3,1,1,1,1
7552,1,1.0,0.5,1,1,1.0,1,62.9,68.5,131.4,1,1,1,1
7553,2,0.989894,0.5,1,1,2.0,2,61.0,67.5,128.5,1,1,1,1
7554,0,0.177465,0.5,0,0,,0,61.2,0.0,61.2,1,1,1,1
7555,2,1.0,0.5,1,1,3.0,3,65.0,70.7,135.7,1,1,1,1
7556,1,1.0,0.5,1,1,1.0,1,62.8,69.5,132.3,1,1,1,1
7557,3,0.989894,0.5,1,1,2.0,2,60.8,78.3,139.1,1,1,1,1
7558,1,0.997497,0.5,1,1,1.0,1,66.0,69.6,135.6,1,1,1,1
7559,2,0.989894,0.5,1,1,3.0,3,60.7,70.4,131.1,1,1,1,1
7560,2,1.0,0.5,1,1,3.0,3,60.4,69.0,129.4,1,1,1,1
7561,3,1.0,0.5,1,1,3.0,3,72.1,83.6,155.7,1,1,1,1
7562,0,0.0,0.5,0,0,,0,63.8,0.0,63.8,1,1,1,1
7563,1,1.0,0.5,1,1,1.0,1,61.1,69.0,130.1,1,1,1,1
7564,2,0.989894,0.5,1,1,2.0,2,71.2,72.8,144.0,1,1,1,1
7565,3,0.989894,0.5,1,1,2.0,2,62.6,69.6,132.2,1,1,1,1
7566,1,1.0,0.5,1,1,1.0,1,61.7,68.8,130.5,1,1,1,1
7567,1,0.989894,0.5,1,1,1.0,1,59.5,81.1,140.6,1,1,1,1
7568,2,0.989894,0.5,1,1,2.0,2,64.5,114.5,179.0,1,1,1,1
7569,0,0.0,0.5,0,0,,0,93.5,0.0,93.5,1,1,1,1
7570,1,1.0,0.5,1,1,1.0,1,75.9,80.5,156.4,1,1,1,1
7571,3,0.989894,0.5,1,1,2.0,2,64.9,71.8,136.7,1,1,1,1
7572,1,1.0,0.5,1,1,1.0,1,67.8,71.0,138.8,1,1,1,1
7573,2,0.989894,0.5,1,1,3.0,3,63.7,82.5,146.2,1,1,1,1
7574,2,0.989894,0.5,1,1,2.0,2,64.6,69.1,133.7,1,1,1,1
7575,3,0.989894,0.5,1,1,2.0,2,76.5,153.7,230.2,1,1,1,1
7576,0,0.0,0.5,0,0,,0,147.9,0.0,147.9,1,1,1,1
7577,0,0.0,0.5,0,0,,0,77.0,0.0,77.0,1,1,1,1
7578,1,0.989894,0.5,1,1,1.0,1,68.9,76.0,144.9,1,1,1,1
7579,0,0.0,0.5,0,0,,0,64.1,0.0,64.1,1,1,1,1
7580,0,0.0,0.5,0,0,,0,63.3,0.0,63.3,1,1,1,1
7581,1,1.0,0.5,1,1,1.0,1,64.0,72.8,136.8,1,1,1,1
7582,3,0.999232,0.5,1,1,3.0,3,63.6,71.2,134.8,1,1,1,1
7583,3,0.989894,0.5,1,1,2.0,2,63.6,76.1,139.7,1,1,1,1
7584,0,0.0,0.5,0,0,,0,62.5,0.0,62.5,1,1,1,1
7585,0,0.0,0.5,0,0,,0,64.8,0.0,64.8,1,1,1,1
7586,1,0.989894,0.5,1,1,1.0,1,63.9,70.4,134.3,1,1,1,1
7587,3,0.989894,0.5,1,1,2.0,2,63.4,71.6,135.0,1,1,1,1
7588,0,0.0,0.5,0,0,,0,62.6,0.0,62.6,1,1,1,1
7589,3,0.989894,0.5,1,1,3.0,3,63.0,72.7,135.7,1,1,1,1
7590,0,0.0,0.5,0,0,,0,62.7,0.0,62.7,1,1,1,1
7591,3,0.989894,0.5,1,1,3.0,3,61.5,72.7,134.2,1,1,1,1
7592,3,0.989894,0.5,1,1,1.0,1,62.5,71.3,133.8,1,1,1,1
7593,2,0.989894,0.5,1,1,3.0,3,64.0,70.2,134.2,1,1,1,1
7594,3,0.989894,0.5,1,1,3.0,3,61.3,71.2,132.5,1,1,1,1
7595,1,0.989894,0.5,1,1,1.0,1,61.8,71.8,133.6,1,1,1,1
7596,2,0.989894,0.5,1,1,2.0,2,61.2,70.3,131.5,1,1,1,1
7597,0,0.0,0.5,0,0,,0,62.3,0.0,62.3,1,1,1,1
7598,3,0.989894,0.5,1,1,3.0,3,64.1,70.7,134.8,1,1,1,1
7599,0,0.0,0.5,0,0,,0,62.4,0.0,62.4,1,1,1,1
7600,2,0.989894,0.5,1,1,3.0,3,68.3,71.0,139.3,1,1,1,1
7601,0,0.0,0.5,0,0,,0,63.8,0.0,63.8,1,1,1,1
7602,0,0.0,0.5,0,0,,0,61.4,0.0,61.4,1,1,1,1
7603,2,0.997497,0.5,1,1,2.0,2,68.1,71.3,139.4,1,1,1,1
7604,0,0.0,0.5,0,0,,0,60.9,0.0,60.9,1,1,1,1
7605,0,0.0,0.5,0,0,,0,62.4,0.0,62.4,1,1,1,1
7606,0,0.0,0.5,0,0,,0,72.7,0.0,72.7,1,1,1,1
7607,3,0.989894,0.5,1,1,2.0,2,62.7,71.6,134.3,1,1,1,1
7608,3,0.989894,0.5,1,1,3.0,3,59.7,70.7,130.4,1,1,1,1
7609,1,1.0,0.5,1,1,1.0,1,69.1,73.9,143.0,1,1,1,1
7610,1,0.989894,0.5,1,1,1.0,1,62.7,67.0,129.7,1,1,1,1
7611,3,0.989894,0.5,1,1,3.0,3,61.1,70.1,131.2,1,1,1,1
7612,0,0.0,0.5,0,0,,0,88.4,0.0,88.4,1,1,1,1
7613,3,1.0,0.5,1,1,2.0,2,71.8,70.9,142.7,1,1,1,1
7614,3,0.989894,0.5,1,1,1.0,1,62.4,71.4,133.8,1,1,1,1
7615,2,0.989894,0.5,1,1,3.0,3,60.1,80.0,140.1,1,1,1,1
7616,3,0.989894,0.5,1,1,2.0,2,65.8,69.5,135.3,1,1,1,1
7617,2,0.989894,0.5,1,1,3.0,3,62.3,69.3,131.6,1,1,1,1
7618,3,0.989894,0.5,1,1,3.0,3,59.5,68.2,127.7,1,1,1,1
7619,3,0.989894,0.5,1,1,3.0,3,168.4,280.1,448.5,1,1,1,1
7620,3,0.989894,0.5,1,1,2.0,2,324.5,168.4,492.9,1,1,1,1
7621,1,1.0,0.5,1,1,1.0,1,172.5,114.3,286.8,1,1,1,1
7622,3,1.0,0.5,1,1,2.0,2,81.8,81.6,163.4,1,1,1,1
7623,3,1.0,0.5,1,1,2.0,2,67.1,88.6,155.7,1,1,1,1
7624,2,0.989894,0.5,1,1,2.0,2,67.0,72.5,139.5,1,1,1,1
7625,2,0.999232,0.5,1,1,2.0,2,63.9,70.8,134.7,1,1,1,1
7626,3,0.989894,0.5,1,1,1.0,1,62.7,81.9,144.6,1,1,1,1
7627,2,0.989894,0.5,1,1,3.0,3,67.5,71.8,139.3,1,1,1,1
7628,3,0.989894,0.5,1,1,3.0,3,62.7,69.0,131.7,1,1,1,1
7629,2,0.989894,0.5,1,1,2.0,2,64.2,70.1,134.3,1,1,1,1
7630,0,0.0,0.5,0,0,,0,73.6,0.0,73.6,1,1,1,1
7631,3,1.0,0.5,1,1,3.0,3,64.6,71.8,136.4,1,1,1,1
7632,0,0.0,0.5,0,0,,0,62.8,0.0,62.8,1,1,1,1
7633,0,0.0,0.5,0,0,,0,76.3,0.0,76.3,1,1,1,1
7634,3,1.0,0.5,1,1,3.0,3,64.1,70.4,134.5,1,1,1,1
7635,2,0.989894,0.5,1,1,3.0,3,60.3,70.1,130.4,1,1,1,1
7636,0,0.0,0.5,0,0,,0,74.4,0.0,74.4,1,1,1,1
7637,0,0.0,0.5,0,0,,0,66.0,0.0,66.0,1,1,1,1
7638,0,0.0,0.5,0,0,,0,61.7,0.0,61.7,1,1,1,1
7639,3,0.989894,0.5,1,1,3.0,3,59.6,79.5,139.1,1,1,1,1
7640,2,0.989894,0.5,1,1,3.0,3,66.1,77.7,143.8,1,1,1,1
7641,1,0.989894,0.5,1,1,1.0,1,65.3,70.0,135.3,1,1,1,1
7642,0,0.0,0.5,0,0,,0,62.5,0.0,62.5,1,1,1,1
7643,0,0.0,0.5,0,0,,0,66.2,0.0,66.2,1,1,1,1
7644,3,0.989894,0.5,1,1,1.0,1,63.0,71.0,134.0,1,1,1,1
7645,2,0.989894,0.5,1,1,2.0,2,61.8,70.3,132.1,1,1,1,1
7646,0,0.177465,0.5,0,0,,0,71.9,0.0,71.9,1,1,1,1
7647,1,0.997497,0.5,1,1,1.0,1,62.2,83.3,145.5,1,1,1,1
7648,1,0.989894,0.5,1,1,1.0,1,385.3,144.4,529.7,1,1,1,1
7649,2,0.989894,0.5,1,1,2.0,2,105.6,89.3,194.9,1,1,1,1
7650,1,0.997497,0.5,1,1,1.0,1,72.4,78.1,150.5,1,1,1,1
7651,0,0.0,0.5,0,0,,0,66.7,0.0,66.7,1,1,1,1
7652,2,0.989894,0.5,1,1,3.0,3,81.1,75.6,156.7,1,1,1,1
7653,0,0.989894,0.5,1,1,0.0,0,65.5,73.4,138.9,1,1,1,1
7654,2,0.989894,0.5,1,1,3.0,3,64.0,72.3,136.3,1,1,1,1
7655,0,0.0,0.5,0,0,,0,73.8,0.0,73.8,1,1,1,1
7656,3,0.989894,0.5,1,1,3.0,3,62.9,67.5,130.4,1,1,1,1
7657,2,0.989894,0.5,1,1,2.0,2,63.6,71.2,134.8,1,1,1,1
7658,0,0.0,0.5,0,0,,0,60.7,0.0,60.7,1,1,1,1
7659,3,0.989894,0.5,1,1,3.0,3,65.3,72.6,137.9,1,1,1,1
7660,0,0.0,0.5,0,0,,0,62.1,0.0,62.1,1,1,1,1
7661,0,0.177465,0.5,0,0,,0,61.7,0.0,61.7,1,1,1,1
7662,0,0.0,0.5,0,0,,0,67.1,0.0,67.1,1,1,1,1
7663,2,0.999232,0.5,1,1,2.0,2,62.3,71.9,134.2,1,1,1,1
7664,0,0.0,0.5,0,0,,0,62.5,0.0,62.5,1,1,1,1
7665,0,0.0,0.5,0,0,,0,73.4,0.0,73.4,1,1,1,1
7666,1,1.0,0.5,1,1,1.0,1,62.0,67.3,129.3,1,1,1,1
7667,0,0.0,0.5,0,0,,0,60.5,0.0,60.5,1,1,1,1
7668,0,0.989894,0.5,1,1,0.0,0,70.3,74.6,144.9,1,1,1,1
7669,0,0.0,0.5,0,0,,0,63.5,0.0,63.5,1,1,1,1
7670,2,0.989894,0.5,1,1,2.0,2,115.0,93.7,208.7,1,1,1,1
7671,1,0.999232,0.5,1,1,1.0,1,73.2,75.2,148.4,1,1,1,1
7672,2,0.989894,0.5,1,1,2.0,2,65.0,70.9,135.9,1,1,1,1
7673,3,0.989894,0.5,1,1,3.0,3,63.1,78.1,141.2,1,1,1,1
7674,3,0.999232,0.5,1,1,3.0,3,67.3,70.4,137.7,1,1,1,1
7675,2,0.989894,0.5,1,1,2.0,2,63.7,70.7,134.4,1,1,1,1
7676,1,1.0,0.5,1,1,1.0,1,62.5,72.3,134.8,1,1,1,1
7677,2,0.989894,0.5,1,1,3.0,3,73.2,74.2,147.4,1,1,1,1
7678,0,0.0,0.5,0,0,,0,63.0,0.0,63.0,1,1,1,1
7679,1,1.0,0.5,1,1,1.0,1,61.4,70.6,132.0,1,1,1,1
7680,3,0.989894,0.5,1,1,2.0,2,60.3,79.1,139.4,1,1,1,1
7681,0,0.0,0.5,0,0,,0,65.5,0.0,65.5,1,1,1,1
7682,1,1.0,0.5,1,1,1.0,1,62.4,71.4,133.8,1,1,1,1
7683,1,1.0,0.5,1,1,1.0,1,92.2,143.8,236.0,1,1,1,1
7684,3,0.989894,0.5,1,1,3.0,3,106.6,85.9,192.5,1,1,1,1
7685,3,1.0,0.5,1,1,2.0,2,67.1,87.2,154.3,1,1,1,1
7686,0,0.0,0.5,0,0,,0,67.7,0.0,67.7,1,1,1,1
7687,2,0.989894,0.5,1,1,2.0,2,61.4,71.0,132.4,1,1,1,1
7688,3,0.989894,0.5,1,1,2.0,2,62.1,67.7,129.8,1,1,1,1
7689,1,1.0,0.5,1,1,1.0,1,73.8,72.6,146.4,1,1,1,1
7690,0,0.0,0.5,0,0,,0,63.4,0.0,63.4,1,1,1,1
7691,2,0.989894,0.5,1,1,2.0,2,62.5,72.0,134.5,1,1,1,1
7692,3,1.0,0.5,1,1,2.0,2,72.5,74.3,146.8,1,1,1,1
7693,2,0.989894,0.5,1,1,3.0,3,64.2,72.0,136.2,1,1,1,1
7694,3,1.0,0.5,1,1,3.0,3,64.4,70.5,134.9,1,1,1,1
7695,3,1.0,0.5,1,1,3.0,3,61.6,82.3,143.9,1,1,1,1
7696,2,0.989894,0.5,1,1,2.0,2,64.9,68.6,133.5,1,1,1,1
7697,0,0.0,0.5,0,0,,0,62.9,0.0,62.9,1,1,1,1
7698,0,0.0,0.5,0,0,,0,60.9,0.0,60.9,1,1,1,1
7699,2,1.0,0.5,1,1,2.0,2,65.5,71.6,137.1,1,1,1,1
7700,3,0.989894,0.5,1,1,3.0,3,62.9,68.7,131.6,1,1,1,1
7701,0,0.0,0.5,0,0,,0,62.9,0.0,62.9,1,1,1,1
7702,3,0.989894,0.5,1,1,3.0,3,72.9,72.6,145.5,1,1,1,1
7703,0,0.0,0.5,0,0,,0,74.2,0.0,74.2,1,1,1,1
7704,3,0.989894,0.5,1,1,2.0,2,81.5,83.9,165.4,1,1,1,1
7705,2,0.989894,0.5,1,1,3.0,3,69.2,71.1,140.3,1,1,1,1
7706,3,0.989894,0.5,1,1,3.0,3,61.6,68.6,130.2,1,1,1,1
7707,2,0.989894,0.5,1,1,3.0,3,61.5,71.8,133.3,1,1,1,1
7708,2,0.989894,0.5,1,1,3.0,3,73.7,71.7,145.4,1,1,1,1
7709,2,1.0,0.5,1,1,3.0,3,63.7,68.6,132.3,1,1,1,1
7710,0,0.0,0.5,0,0,,0,61.2,0.0,61.2,1,1,1,1
7711,2,0.989894,0.5,1,1,3.0,3,71.0,72.6,143.6,1,1,1,1
7712,3,0.989894,0.5,1,1,2.0,2,61.9,68.1,130.0,1,1,1,1
7713,2,0.989894,0.5,1,1,2.0,2,62.0,67.7,129.7,1,1,1,1
7714,0,0.0,0.5,0,0,,0,60.0,0.0,60.0,1,1,1,1
7715,2,0.989894,0.5,1,1,3.0,3,63.5,71.4,134.9,1,1,1,1
7716,0,0.0,0.5,0,0,,0,61.1,0.0,61.1,1,1,1,1
7717,3,0.989894,0.5,1,1,3.0,3,60.7,76.8,137.5,1,1,1,1
7718,1,0.989894,0.5,1,1,1.0,1,66.3,70.3,136.6,1,1,1,1
7719,0,0.0,0.5,0,0,,0,61.3,0.0,61.3,1,1,1,1
7720,3,1.0,0.5,1,1,3.0,3,61.6,68.4,130.0,1,1,1,1
7721,2,1.0,0.5,1,1,2.0,2,71.8,72.6,144.4,1,1,1,1
7722,2,0.989894,0.5,1,1,2.0,2,61.1,72.1,133.2,1,1,1,1
7723,0,0.0,0.5,0,0,,0,59.8,0.0,59.8,1,1,1,1
7724,0,0.0,0.5,0,0,,0,61.2,0.0,61.2,1,1,1,1
7725,1,1.0,0.5,1,1,1.0,1,104.5,208.5,313.0,1,1,1,1
7726,3,0.999232,0.5,1,1,3.0,3,199.0,109.6,308.6,1,1,1,1
7727,0,0.0,0.5,0,0,,0,83.2,0.0,83.2,1,1,1,1
7728,0,0.177465,0.5,0,0,,0,75.5,0.0,75.5,1,1,1,1
7729,0,0.0,0.5,0,0,,0,99.2,0.0,99.2,1,1,1,1
7730,0,0.0,0.5,0,0,,0,73.4,0.0,73.4,1,1,1,1
7731,1,0.989894,0.5,1,1,1.0,1,81.0,75.5,156.5,1,1,1,1
7732,0,0.0,0.5,0,0,,0,70.8,0.0,70.8,1,1,1,1
7733,3,0.989894,0.5,1,1,2.0,2,68.2,82.6,150.8,1,1,1,1
7734,3,0.989894,0.5,1,1,2.0,2,84.7,83.9,168.6,1,1,1,1
7735,0,0.989894,0.5,1,1,0.0,0,67.9,92.4,160.3,1,1,1,1
7736,0,0.0,0.5,0,0,,0,69.7,0.0,69.7,1,1,1,1
7737,1,0.997497,0.5,1,1,1.0,1,77.5,80.7,158.2,1,1,1,1
7738,3,0.989894,0.5,1,1,3.0,3,115.8,97.2,213.0,1,1,1,1
7739,1,0.989894,0.5,1,1,1.0,1,81.0,81.1,162.1,1,1,1,1
7740,1,1.0,0.5,1,1,1.0,1,67.5,77.3,144.8,1,1,1,1
7741,3,0.989894,0.5,1,1,3.0,3,74.0,83.2,157.2,1,1,1,1
7742,1,0.999232,0.5,1,1,1.0,1,97.5,90.2,187.7,1,1,1,1
7743,3,0.989894,0.5,1,1,2.0,2,70.5,79.1,149.6,1,1,1,1
7744,1,1.0,0.5,1,1,1.0,1,72.4,73.2,145.6,1,1,1,1
7745,3,1.0,0.5,1,1,2.0,2,78.6,88.3,166.9,1,1,1,1
7746,1,1.0,0.5,1,1,1.0,1,73.8,74.2,148.0,1,1,1,1
7747,0,0.0,0.5,0,0,,0,79.8,0.0,79.8,1,1,1,1
7748,2,0.989894,0.5,1,1,3.0,3,118.4,111.3,229.7,1,1,1,1
7749,3,0.989894,0.5,1,1,3.0,3,83.5,81.4,164.9,1,1,1,1
7750,2,0.989894,0.5,1,1,3.0,3,77.6,84.2,161.8,1,1,1,1
7751,3,0.989894,0.5,1,1,2.0,2,63.5,70.4,133.9,1,1,1,1
7752,2,1.0,0.5,1,1,2.0,2,60.9,69.6,130.5,1,1,1,1
7753,0,0.0,0.5,0,0,,0,76.5,0.0,76.5,1,1,1,1
7754,1,1.0,0.5,1,1,1.0,1,62.8,71.2,134.0,1,1,1,1
7755,1,0.999232,0.5,1,1,1.0,1,61.7,70.6,132.3,1,1,1,1
7756,0,0.0,0.5,0,0,,0,60.9,0.0,60.9,1,1,1,1
7757,0,0.0,0.5,0,0,,0,65.8,0.0,65.8,1,1,1,1
7758,3,0.999232,0.5,1,1,3.0,3,60.6,70.9,131.5,1,1,1,1
7759,0,0.0,0.5,0,0,,0,60.7,0.0,60.7,1,1,1,1
7760,0,0.0,0.5,0,0,,0,67.4,0.0,67.4,1,1,1,1
7761,0,0.0,0.5,0,0,,0,64.1,0.0,64.1,1,1,1,1
7762,0,0.0,0.5,0,0,,0,61.5,0.0,61.5,1,1,1,1
7763,2,1.0,0.5,1,1,3.0,3,72.2,71.0,143.2,1,1,1,1
7764,0,0.0,0.5,0,0,,0,62.0,0.0,62.0,1,1,1,1
7765,2,0.989894,0.5,1,1,3.0,3,60.0,68.5,128.5,1,1,1,1
7766,3,0.989894,0.5,1,1,3.0,3,61.6,78.7,140.3,1,1,1,1
7767,3,0.989894,0.5,1,1,3.0,3,64.7,119.3,184.0,1,1,1,1
7768,0,0.0,0.5,0,0,,0,84.6,0.0,84.6,1,1,1,1
7769,0,0.0,0.5,0,0,,0,80.8,0.0,80.8,1,1,1,1
7770,0,0.0,0.5,0,0,,0,64.4,0.0,64.4,1,1,1,1
7771,0,0.0,0.5,0,0,,0,62.0,0.0,62.0,1,1,1,1
7772,0,0.0,0.5,0,0,,0,61.2,0.0,61.2,1,1,1,1
7773,1,1.0,0.5,1,1,1.0,1,65.3,72.6,137.9,1,1,1,1
7774,2,0.989894,0.5,1,1,3.0,3,75.9,226.5,302.4,1,1,1,1
7775,2,0.989894,0.5,1,1,3.0,3,123.5,100.2,223.7,1,1,1,1
7776,2,1.0,0.5,1,1,3.0,3,80.7,84.2,164.9,1,1,1,1
7777,0,0.0,0.5,0,0,,0,73.8,0.0,73.8,1,1,1,1
7778,0,0.0,0.5,0,0,,0,69.5,0.0,69.5,1,1,1,1
7779,2,1.0,0.5,1,1,2.0,2,68.2,75.7,143.9,1,1,1,1
7780,0,0.0,0.5,0,0,,0,65.6,0.0,65.6,1,1,1,1
7781,1,1.0,0.5,1,1,1.0,1,69.1,74.9,144.0,1,1,1,1
7782,1,0.989894,0.5,1,1,1.0,1,65.2,77.0,142.2,1,1,1,1
7783,3,0.989894,0.5,1,1,3.0,3,65.4,74.6,140.0,1,1,1,1
7784,2,0.989894,0.5,1,1,3.0,3,65.0,74.8,139.8,1,1,1,1
7785,2,0.989894,0.5,1,1,2.0,2,67.4,73.9,141.3,1,1,1,1
7786,2,0.989894,0.5,1,1,3.0,3,64.7,72.8,137.5,1,1,1,1
7787,3,0.989894,0.5,1,1,2.0,2,64.2,74.1,138.3,1,1,1,1
7788,2,0.989894,0.5,1,1,3.0,3,70.0,74.3,144.3,1,1,1,1
7789,2,0.999232,0.5,1,1,2.0,2,64.8,73.2,138.0,1,1,1,1
7790,2,0.989894,0.5,1,1,3.0,3,63.4,73.5,136.9,1,1,1,1
7791,0,0.0,0.5,0,0,,0,65.5,0.0,65.5,1,1,1,1
7792,0,0.0,0.5,0,0,,0,64.8,0.0,64.8,1,1,1,1
7793,3,0.989894,0.5,1,1,2.0,2,64.1,69.9,134.0,1,1,1,1
7794,2,0.989894,0.5,1,1,2.0,2,62.4,71.5,133.9,1,1,1,1
7795,1,0.989894,0.5,1,1,1.0,1,64.2,72.2,136.4,1,1,1,1
7796,0,0.989894,0.5,1,1,0.0,0,62.8,70.5,133.3,1,1,1,1
7797,0,0.0,0.5,0,0,,0,61.9,0.0,61.9,1,1,1,1
7798,2,0.989894,0.5,1,1,2.0,2,60.9,70.2,131.1,1,1,1,1
7799,0,0.0,0.5,0,0,,0,79.1,0.0,79.1,1,1,1,1
7800,0,0.0,0.5,0,0,,0,66.7,0.0,66.7,1,1,1,1
7801,0,0.0,0.5,0,0,,0,64.1,0.0,64.1,1,1,1,1
7802,2,0.989894,0.5,1,1,2.0,2,64.5,115.7,180.2,1,1,1,1
7803,1,0.999232,0.5,1,1,1.0,1,67.6,73.5,141.1,1,1,1,1
7804,3,0.989894,0.5,1,1,3.0,3,63.8,71.3,135.1,1,1,1,1
7805,3,0.989894,0.5,1,1,2.0,2,64.0,82.0,146.0,1,1,1,1
7806,1,0.997497,0.5,1,1,1.0,1,68.0,71.6,139.6,1,1,1,1
7807,1,1.0,0.5,1,1,1.0,1,63.2,72.3,135.5,1,1,1,1
7808,2,0.989894,0.5,1,1,3.0,3,63.5,70.7,134.2,1,1,1,1
7809,3,0.989894,0.5,1,1,3.0,3,75.9,74.5,150.4,1,1,1,1
7810,2,1.0,0.5,1,1,2.0,2,62.0,71.6,133.6,1,1,1,1
7811,2,0.989894,0.5,1,1,3.0,3,62.8,73.6,136.4,1,1,1,1
7812,0,0.0,0.5,0,0,,0,75.0,0.0,75.0,1,1,1,1
7813,0,0.0,0.5,0,0,,0,65.2,0.0,65.2,1,1,1,1
7814,2,0.989894,0.5,1,1,3.0,3,63.0,71.8,134.8,1,1,1,1
7815,3,0.989894,0.5,1,1,3.0,3,61.6,83.8,145.4,1,1,1,1
7816,3,0.989894,0.5,1,1,3.0,3,64.9,71.3,136.2,1,1,1,1
7817,1,1.0,0.5,1,1,1.0,1,63.5,71.7,135.2,1,1,1,1
7818,0,0.0,0.5,0,0,,0,62.1,0.0,62.1,1,1,1,1
7819,3,0.989894,0.5,1,1,2.0,2,66.0,70.6,136.6,1,1,1,1
7820,0,0.0,0.5,0,0,,0,60.8,0.0,60.8,1,1,1,1
7821,1,1.0,0.5,1,1,1.0,1,61.0,69.6,130.6,1,1,1,1
7822,3,0.989894,0.5,1,1,2.0,2,72.2,72.1,144.3,1,1,1,1
7823,3,0.989894,0.5,1,1,2.0,2,62.1,70.4,132.5,1,1,1,1
7824,2,0.989894,0.5,1,1,3.0,3,60.2,68.6,128.8,1,1,1,1
7825,2,0.989894,0.5,1,1,2.0,2,61.1,80.4,141.5,1,1,1,1
7826,1,0.989894,0.5,1,1,1.0,1,63.4,70.2,133.6,1,1,1,1
7827,0,0.0,0.5,0,0,,0,59.3,0.0,59.3,1,1,1,1
7828,3,0.989894,0.5,1,1,3.0,3,62.1,77.3,139.4,1,1,1,1
7829,1,0.999232,0.5,1,1,1.0,1,66.0,69.2,135.2,1,1,1,1
7830,2,0.989894,0.5,1,1,2.0,2,61.9,66.4,128.3,1,1,1,1
7831,0,0.0,0.5,0,0,,0,60.1,0.0,60.1,1,1,1,1
7832,2,0.989894,0.5,1,1,2.0,2,96.7,240.0,336.7,1,1,1,1
7833,0,0.0,0.5,0,0,,0,99.1,0.0,99.1,1,1,1,1
7834,2,0.989894,0.5,1,1,2.0,2,77.6,76.8,154.4,1,1,1,1
7835,2,0.989894,0.5,1,1,2.0,2,66.9,75.4,142.3,1,1,1,1
7836,1,0.989894,0.5,1,1,1.0,1,81.4,140.4,221.8,1,1,1,1
7837,1,0.989894,0.5,1,1,2.0,2,78.6,127.7,206.3,1,1,1,1
7838,2,0.989894,0.5,1,1,3.0,3,226.2,207.1,433.3,1,1,1,1
7839,3,0.989894,0.5,1,1,2.0,2,125.7,114.6,240.3,1,1,1,1
7840,3,0.989894,0.5,1,1,2.0,2,89.8,94.1,183.9,1,1,1,1
7841,3,0.989894,0.5,1,1,2.0,2,80.0,89.6,169.6,1,1,1,1
7842,2,0.989894,0.5,1,1,3.0,3,72.9,82.7,155.6,1,1,1,1
7843,1,1.0,0.5,1,1,1.0,1,72.5,83.2,155.7,1,1,1,1
7844,3,1.0,0.5,1,1,3.0,3,73.5,81.5,155.0,1,1,1,1
7845,2,0.989894,0.5,1,1,3.0,3,73.4,82.7,156.1,1,1,1,1
7846,1,1.0,0.5,1,1,1.0,1,69.8,79.5,149.3,1,1,1,1
7847,3,0.989894,0.5,1,1,2.0,2,71.1,82.1,153.2,1,1,1,1
7848,0,0.0,0.5,0,0,,0,70.3,0.0,70.3,1,1,1,1
7849,1,0.989894,0.5,1,1,1.0,1,69.5,77.2,146.7,1,1,1,1
7850,1,1.0,0.5,1,1,1.0,1,69.5,78.5,148.0,1,1,1,1
7851,2,0.989894,0.5,1,1,3.0,3,67.9,78.7,146.6,1,1,1,1
7852,1,0.999232,0.5,1,1,1.0,1,68.9,78.0,146.9,1,1,1,1
7853,3,0.989894,0.5,1,1,2.0,2,69.5,77.0,146.5,1,1,1,1
7854,1,0.999232,0.5,1,1,1.0,1,68.9,76.6,145.5,1,1,1,1
7855,2,1.0,0.5,1,1,2.0,2,64.9,76.3,141.2,1,1,1,1
7856,3,0.989894,0.5,1,1,3.0,3,65.7,74.3,140.0,1,1,1,1
7857,0,0.0,0.5,0,0,,0,66.4,0.0,66.4,1,1,1,1
7858,3,0.989894,0.5,1,1,3.0,3,66.0,75.6,141.6,1,1,1,1
7859,2,0.989894,0.5,1,1,2.0,2,65.0,91.0,156.0,1,1,1,1
7860,2,1.0,0.5,1,1,3.0,3,72.7,77.4,150.1,1,1,1,1
7861,0,0.0,0.5,0,0,,0,72.2,0.0,72.2,1,1,1,1
7862,1,1.0,0.5,1,1,1.0,1,64.5,75.9,140.4,1,1,1,1
7863,3,0.989894,0.5,1,1,3.0,3,77.1,77.7,154.8,1,1,1,1
7864,2,0.989894,0.5,1,1,2.0,2,65.0,73.7,138.7,1,1,1,1
7865,3,0.989894,0.5,1,1,2.0,2,64.6,72.6,137.2,1,1,1,1
7866,1,0.999232,0.5,1,1,1.0,1,72.4,76.4,148.8,1,1,1,1
7867,2,1.0,0.5,1,1,2.0,2,65.7,73.8,139.5,1,1,1,1
7868,3,0.989894,0.5,1,1,3.0,3,64.2,75.0,139.2,1,1,1,1
7869,1,0.997497,0.5,1,1,1.0,1,65.2,85.3,150.5,1,1,1,1
7870,3,0.989894,0.5,1,1,2.0,2,67.9,74.5,142.4,1,1,1,1
7871,3,0.989894,0.5,1,1,3.0,3,64.3,73.9,138.2,1,1,1,1
7872,2,0.989894,0.5,1,1,2.0,2,63.5,78.2,141.7,1,1,1,1
7873,3,1.0,0.5,1,1,3.0,3,70.2,74.9,145.1,1,1,1,1
7874,2,0.989894,0.5,1,1,2.0,2,64.6,73.2,137.8,1,1,1,1
7875,0,0.0,0.5,0,0,,0,66.5,0.0,66.5,1,1,1,1
7876,2,0.989894,0.5,1,1,3.0,3,73.1,72.3,145.4,1,1,1,1
7877,1,0.999232,0.5,1,1,1.0,1,64.3,70.2,134.5,1,1,1,1
7878,0,0.177465,0.5,0,0,,0,61.9,0.0,61.9,1,1,1,1
7879,0,0.0,0.5,0,0,,0,62.3,0.0,62.3,1,1,1,1
7880,2,0.989894,0.5,1,1,2.0,2,65.9,71.2,137.1,1,1,1,1
7881,0,0.0,0.5,0,0,,0,62.7,0.0,62.7,1,1,1,1
7882,3,1.0,0.5,1,1,3.0,3,62.7,79.1,141.8,1,1,1,1
7883,1,1.0,0.5,1,1,1.0,1,67.3,72.1,139.4,1,1,1,1
7884,0,0.0,0.5,0,0,,0,62.1,0.0,62.1,1,1,1,1
7885,2,0.989894,0.5,1,1,3.0,3,63.7,70.8,134.5,1,1,1,1
7886,1,0.997497,0.5,1,1,1.0,1,73.1,72.9,146.0,1,1,1,1
7887,3,0.989894,0.5,1,1,3.0,3,62.4,71.7,134.1,1,1,1,1
7888,3,0.989894,0.5,1,1,2.0,2,62.3,71.3,133.6,1,1,1,1
7889,2,0.989894,0.5,1,1,3.0,3,62.2,80.1,142.3,1,1,1,1
7890,0,0.0,0.5,0,0,,0,65.0,0.0,65.0,1,1,1,1
7891,2,0.989894,0.5,1,1,3.0,3,63.2,70.3,133.5,1,1,1,1
7892,1,1.0,0.5,1,1,1.0,1,62.6,78.3,140.9,1,1,1,1
7893,3,0.989894,0.5,1,1,3.0,3,68.3,72.7,141.0,1,1,1,1
7894,1,0.989894,0.5,1,1,1.0,1,61.6,71.6,133.2,1,1,1,1
7895,1,0.999232,0.5,1,1,1.0,1,61.4,72.3,133.7,1,1,1,1
7896,0,0.0,0.5,0,0,,0,72.4,0.0,72.4,1,1,1,1
7897,0,0.0,0.5,0,0,,0,64.4,0.0,64.4,1,1,1,1
7898,3,0.989894,0.5,1,1,3.0,3,63.7,71.0,134.7,1,1,1,1
7899,0,0.0,0.5,0,0,,0,67.7,0.0,67.7,1,1,1,1
7900,0,0.0,0.5,0,0,,0,63.6,0.0,63.6,1,1,1,1
7901,3,0.999232,0.5,1,1,3.0,3,62.2,70.2,132.4,1,1,1,1
7902,2,0.989894,0.5,1,1,3.0,3,62.6,79.0,141.6,1,1,1,1
7903,3,0.989894,0.5,1,1,2.0,2,64.3,70.3,134.6,1,1,1,1
7904,2,1.0,0.5,1,1,3.0,3,61.5,68.6,130.1,1,1,1,1
7905,0,0.0,0.5,0,0,,0,61.8,0.0,61.8,1,1,1,1
7906,0,0.177465,0.5,0,0,,0,71.0,0.0,71.0,1,1,1,1
7907,1,0.999232,0.5,1,1,1.0,1,61.0,70.3,131.3,1,1,1,1
7908,2,0.989894,0.5,1,1,2.0,2,59.1,69.7,128.8,1,1,1,1
7909,2,0.989894,0.5,1,1,2.0,2,68.5,73.6,142.1,1,1,1,1
7910,2,0.989894,0.5,1,1,3.0,3,61.6,68.0,129.6,1,1,1,1
7911,1,0.989894,0.5,1,1,1.0,1,60.6,68.8,129.4,1,1,1,1
7912,2,0.989894,0.5,1,1,2.0,2,61.2,78.9,140.1,1,1,1,1
7913,3,1.0,0.5,1,1,2.0,2,65.4,70.8,136.2,1,1,1,1
7914,0,0.0,0.5,0,0,,0,60.7,0.0,60.7,1,1,1,1
7915,1,1.0,0.5,1,1,1.0,1,61.4,69.3,130.7,1,1,1,1
7916,2,0.989894,0.5,1,1,3.0,3,71.4,70.3,141.7,1,1,1,1
7917,1,1.0,0.5,1,1,1.0,1,62.4,69.7,132.1,1,1,1,1
7918,3,0.989894,0.5,1,1,3.0,3,59.5,68.8,128.3,1,1,1,1
7919,3,0.989894,0.5,1,1,2.0,2,68.7,74.3,143.0,1,1,1,1
7920,0,0.0,0.5,0,0,,0,62.9,0.0,62.9,1,1,1,1
7921,0,0.0,0.5,0,0,,0,62.5,0.0,62.5,1,1,1,1
7922,1,1.0,0.5,1,1,1.0,1,61.3,77.9,139.2,1,1,1,1
7923,0,0.0,0.5,0,0,,0,63.7,0.0,63.7,1,1,1,1
7924,0,0.0,0.5,0,0,,0,60.6,0.0,60.6,1,1,1,1
7925,1,0.989894,0.5,1,1,1.0,1,61.6,68.4,130.0,1,1,1,1
7926,3,0.989894,0.5,1,1,3.0,3,66.2,71.8,138.0,1,1,1,1
7927,1,0.997497,0.5,1,1,1.0,1,62.1,69.8,131.9,1,1,1,1
7928,2,0.989894,0.5,1,1,2.0,2,60.8,70.1,130.9,1,1,1,1
7929,2,0.989894,0.5,1,1,2.0,2,71.1,72.2,143.3,1,1,1,1
7930,2,0.989894,0.5,1,1,2.0,2,61.6,67.9,129.5,1,1,1,1
7931,1,1.0,0.5,1,1,1.0,1,61.4,68.8,130.2,1,1,1,1
7932,3,0.989894,0.5,1,1,3.0,3,60.8,79.1,139.9,1,1,1,1
7933,0,0.0,0.5,0,0,,0,65.3,0.0,65.3,1,1,1,1
7934,0,0.0,0.5,0,0,,0,61.8,0.0,61.8,1,1,1,1
7935,0,0.177465,0.5,0,0,,0,59.9,0.0,59.9,1,1,1,1
7936,3,0.999232,0.5,1,1,2.0,2,67.7,70.1,137.8,1,1,1,1
7937,2,0.989894,0.5,1,1,3.0,3,62.8,69.3,132.1,1,1,1,1
7938,0,0.177465,0.5,0,0,,0,60.3,0.0,60.3,1,1,1,1
7939,3,0.989894,0.5,1,1,3.0,3,71.2,71.6,142.8,1,1,1,1
7940,2,0.989894,0.5,1,1,2.0,2,61.7,68.7,130.4,1,1,1,1
7941,3,0.989894,0.5,1,1,3.0,3,62.4,67.8,130.2,1,1,1,1
7942,3,0.989894,0.5,1,1,3.0,3,60.0,78.1,138.1,1,1,1,1
7943,3,0.989894,0.5,1,1,2.0,2,63.7,71.0,134.7,1,1,1,1
7944,3,0.989894,0.5,1,1,2.0,2,60.9,211.7,272.6,1,1,1,1
7945,1,0.999232,0.5,1,1,1.0,1,133.7,123.0,256.7,1,1,1,1
7946,2,0.989894,0.5,1,1,3.0,3,158.1,194.7,352.8,1,1,1,1
7947,0,0.0,0.5,0,0,,0,114.4,0.0,114.4,1,1,1,1
7948,0,0.0,0.5,0,0,,0,179.1,0.0,179.1,1,1,1,1
7949,0,0.0,0.5,0,0,,0,78.4,0.0,78.4,1,1,1,1
7950,2,0.989894,0.5,1,1,2.0,2,75.5,78.9,154.4,1,1,1,1
7951,3,0.989894,0.5,1,1,3.0,3,67.6,74.8,142.4,1,1,1,1
7952,3,1.0,0.5,1,1,2.0,2,66.0,71.8,137.8,1,1,1,1
7953,2,0.989894,0.5,1,1,2.0,2,64.3,72.3,136.6,1,1,1,1
7954,3,1.0,0.5,1,1,3.0,3,62.5,71.5,134.0,1,1,1,1
7955,0,0.0,0.5,0,0,,0,62.6,0.0,62.6,1,1,1,1
7956,3,1.0,0.5,1,1,2.0,2,69.5,72.9,142.4,1,1,1,1
7957,3,0.989894,0.5,1,1,3.0,3,65.0,72.5,137.5,1,1,1,1
7958,1,1.0,0.5,1,1,1.0,1,62.4,71.1,133.5,1,1,1,1
7959,0,0.0,0.5,0,0,,0,79.1,0.0,79.1,1,1,1,1
7960,2,0.999232,0.5,1,1,2.0,2,64.4,89.5,153.9,1,1,1,1
7961,0,0.0,0.5,0,0,,0,79.8,0.0,79.8,1,1,1,1
7962,2,1.0,0.5,1,1,2.0,2,80.2,73.7,153.9,1,1,1,1
7963,1,0.997497,0.5,1,1,1.0,1,64.1,76.2,140.3,1,1,1,1
7964,2,0.989894,0.5,1,1,2.0,2,62.1,68.6,130.7,1,1,1,1
7965,2,0.989894,0.5,1,1,2.0,2,71.9,72.6,144.5,1,1,1,1
7966,2,0.989894,0.5,1,1,3.0,3,62.1,69.3,131.4,1,1,1,1
7967,3,0.989894,0.5,1,1,3.0,3,60.9,69.9,130.8,1,1,1,1
7968,2,1.0,0.5,1,1,2.0,2,60.8,79.9,140.7,1,1,1,1
7969,1,1.0,0.5,1,1,1.0,1,65.4,72.1,137.5,1,1,1,1
7970,3,0.989894,0.5,1,1,2.0,2,63.0,72.6,135.6,1,1,1,1
7971,1,0.999232,0.5,1,1,1.0,1,62.3,80.9,143.2,1,1,1,1
7972,2,0.989894,0.5,1,1,2.0,2,65.9,71.8,137.7,1,1,1,1
7973,3,0.989894,0.5,1,1,3.0,3,62.3,69.5,131.8,1,1,1,1
7974,2,0.989894,0.5,1,1,2.0,2,61.5,68.1,129.6,1,1,1,1
7975,1,0.989894,0.5,1,1,1.0,1,71.8,152.5,224.3,1,1,1,1
7976,1,1.0,0.5,1,1,1.0,1,88.0,79.7,167.7,1,1,1,1
7977,2,0.989894,0.5,1,1,2.0,2,68.0,74.2,142.2,1,1,1,1
7978,2,0.989894,0.5,1,1,2.0,2,78.2,72.8,151.0,1,1,1,1
7979,1,0.989894,0.5,1,1,1.0,1,64.1,69.8,133.9,1,1,1,1
7980,3,0.999232,0.5,1,1,3.0,3,62.7,69.9,132.6,1,1,1,1
7981,0,0.0,0.5,0,0,,0,63.0,0.0,63.0,1,1,1,1
7982,2,0.989894,0.5,1,1,2.0,2,62.5,69.3,131.8,1,1,1,1
7983,0,0.0,0.5,0,0,,0,63.7,0.0,63.7,1,1,1,1
7984,1,1.0,0.5,1,1,1.0,1,62.2,72.8,135.0,1,1,1,1
7985,0,0.0,0.5,0,0,,0,61.2,0.0,61.2,1,1,1,1
7986,2,1.0,0.5,1,1,3.0,3,61.6,68.9,130.5,1,1,1,1
7987,0,0.0,0.5,0,0,,0,60.6,0.0,60.6,1,1,1,1
7988,2,0.989894,0.5,1,1,2.0,2,61.9,69.9,131.8,1,1,1,1
7989,1,0.989894,0.5,1,1,1.0,1,62.3,71.1,133.4,1,1,1,1
7990,0,0.0,0.5,0,0,,0,60.0,0.0,60.0,1,1,1,1
7991,0,0.989894,0.5,1,1,2.0,2,60.4,69.7,130.1,1,1,1,1
7992,0,0.0,0.5,0,0,,0,60.6,0.0,60.6,1,1,1,1
7993,2,0.989894,0.5,1,1,2.0,2,64.0,70.6,134.6,1,1,1,1
7994,3,0.989894,0.5,1,1,3.0,3,61.7,68.6,130.3,1,1,1,1
7995,3,0.989894,0.5,1,1,2.0,2,60.5,69.9,130.4,1,1,1,1
7996,2,0.997497,0.5,1,1,2.0,2,60.8,104.9,165.7,1,1,1,1
7997,3,0.989894,0.5,1,1,2.0,2,66.4,73.2,139.6,1,1,1,1
7998,0,0.0,0.5,0,0,,0,62.7,0.0,62.7,1,1,1,1
7999,2,0.989894,0.5,1,1,2.0,2,67.7,71.2,138.9,1,1,1,1
8000,0,0.0,0.5,0,0,,0,63.0,0.0,63.0,1,1,1,1
8001,2,0.989894,0.5,1,1,3.0,3,61.5,69.4,130.9,1,1,1,1
8002,3,0.989894,0.5,1,1,3.0,3,74.1,71.3,145.4,1,1,1,1
8003,0,0.0,0.5,0,0,,0,61.6,0.0,61.6,1,1,1,1
8004,3,0.989894,0.5,1,1,2.0,2,59.4,69.4,128.8,1,1,1,1
8005,3,0.999232,0.5,1,1,3.0,3,71.9,71.6,143.5,1,1,1,1
8006,0,0.0,0.5,0,0,,0,61.5,0.0,61.5,1,1,1,1
8007,1,1.0,0.5,1,1,1.0,1,61.1,69.2,130.3,1,1,1,1
8008,0,0.0,0.5,0,0,,0,60.2,0.0,60.2,1,1,1,1
8009,0,0.0,0.5,0,0,,0,65.2,0.0,65.2,1,1,1,1
8010,3,0.989894,0.5,1,1,3.0,3,60.4,69.0,129.4,1,1,1,1
8011,1,1.0,0.5,1,1,1.0,1,61.5,77.9,139.4,1,1,1,1
8012,0,0.0,0.5,0,0,,0,66.5,0.0,66.5,1,1,1,1
8013,2,0.989894,0.5,1,1,2.0,2,63.4,70.7,134.1,1,1,1,1
8014,1,0.999232,0.5,1,1,1.0,1,61.1,68.6,129.7,1,1,1,1
8015,0,0.0,0.5,0,0,,0,72.6,0.0,72.6,1,1,1,1
8016,3,0.999232,0.5,1,1,2.0,2,61.6,68.4,130.0,1,1,1,1
8017,0,0.0,0.5,0,0,,0,62.5,0.0,62.5,1,1,1,1
8018,0,0.989894,0.5,1,1,2.0,2,60.5,87.5,148.0,1,1,1,1
8019,3,0.999232,0.5,1,1,2.0,2,68.3,102.3,170.6,1,1,1,1
8020,1,0.999232,0.5,1,1,1.0,1,64.1,69.2,133.3,1,1,1,1
8021,2,0.989894,0.5,1,1,2.0,2,62.0,80.8,142.8,1,1,1,1
8022,2,0.997497,0.5,1,1,2.0,2,63.9,70.5,134.4,1,1,1,1
8023,2,0.989894,0.5,1,1,2.0,2,60.2,69.6,129.8,1,1,1,1
8024,3,0.999232,0.5,1,1,2.0,2,61.7,75.4,137.1,1,1,1,1
8025,2,0.989894,0.5,1,1,2.0,2,68.3,71.2,139.5,1,1,1,1
8026,3,0.989894,0.5,1,1,3.0,3,60.9,68.6,129.5,1,1,1,1
8027,0,0.0,0.5,0,0,,0,61.4,0.0,61.4,1,1,1,1
8028,3,0.989894,0.5,1,1,3.0,3,74.0,71.6,145.6,1,1,1,1
8029,3,0.999232,0.5,1,1,2.0,2,63.4,69.0,132.4,1,1,1,1
8030,3,1.0,0.5,1,1,3.0,3,61.6,69.8,131.4,1,1,1,1
8031,2,0.989894,0.5,1,1,3.0,3,67.7,87.6,155.3,1,1,1,1
8032,0,0.0,0.5,0,0,,0,67.0,0.0,67.0,1,1,1,1
8033,0,0.0,0.5,0,0,,0,63.2,0.0,63.2,1,1,1,1
8034,0,0.0,0.5,0,0,,0,86.4,0.0,86.4,1,1,1,1
8035,2,0.999232,0.5,1,1,2.0,2,64.2,69.7,133.9,1,1,1,1
8036,3,1.0,0.5,1,1,2.0,2,62.3,67.5,129.8,1,1,1,1
8037,0,0.989894,0.5,1,1,0.0,0,61.5,81.3,142.8,1,1,1,1
8038,1,0.989894,0.5,1,1,1.0,1,62.0,68.7,130.7,1,1,1,1
8039,0,0.0,0.5,0,0,,0,60.1,0.0,60.1,1,1,1,1
8040,1,0.989894,0.5,1,1,1.0,1,61.3,75.9,137.2,1,1,1,1
8041,0,0.0,0.5,0,0,,0,66.9,0.0,66.9,1,1,1,1
8042,2,0.989894,0.5,1,1,3.0,3,62.0,70.3,132.3,1,1,1,1
8043,0,0.0,0.5,0,0,,0,60.0,0.0,60.0,1,1,1,1
8044,0,0.0,0.5,0,0,,0,72.1,0.0,72.1,1,1,1,1
8045,0,0.0,0.5,0,0,,0,64.2,0.0,64.2,1,1,1,1
8046,1,1.0,0.5,1,1,1.0,1,59.4,69.0,128.4,1,1,1,1
8047,0,0.0,0.5,0,0,,0,60.5,0.0,60.5,1,1,1,1
8048,0,0.0,0.5,0,0,,0,63.8,0.0,63.8,1,1,1,1
8049,2,0.989894,0.5,1,1,3.0,3,62.5,68.6,131.1,1,1,1,1
8050,0,0.0,0.5,0,0,,0,59.5,0.0,59.5,1,1,1,1
8051,1,0.999232,0.5,1,1,1.0,1,66.5,70.3,136.8,1,1,1,1
8052,1,1.0,0.5,1,1,1.0,1,60.5,69.2,129.7,1,1,1,1
8053,2,0.989894,0.5,1,1,2.0,2,62.1,68.9,131.0,1,1,1,1
8054,3,0.989894,0.5,1,1,2.0,2,72.1,85.0,157.1,1,1,1,1
8055,0,0.0,0.5,0,0,,0,191.9,0.0,191.9,1,1,1,1
8056,2,0.999232,0.5,1,1,3.0,3,123.8,96.7,220.5,1,1,1,1
8057,1,1.0,0.5,1,1,1.0,1,102.0,99.5,201.5,1,1,1,1
8058,0,0.0,0.5,0,0,,0,81.5,0.0,81.5,1,1,1,1
8059,2,0.989894,0.5,1,1,2.0,2,112.9,104.0,216.9,1,1,1,1
8060,1,0.999232,0.5,1,1,1.0,1,74.8,80.3,155.1,1,1,1,1
8061,3,0.989894,0.5,1,1,3.0,3,70.8,86.8,157.6,1,1,1,1
8062,3,0.989894,0.5,1,1,3.0,3,74.4,93.0,167.4,1,1,1,1
8063,2,0.989894,0.5,1,1,2.0,2,79.9,78.0,157.9,1,1,1,1
8064,0,0.0,0.5,0,0,,0,67.5,0.0,67.5,1,1,1,1
8065,0,0.0,0.5,0,0,,0,78.7,0.0,78.7,1,1,1,1
8066,2,1.0,0.5,1,1,2.0,2,73.0,79.4,152.4,1,1,1,1
8067,0,0.0,0.5,0,0,,0,66.5,0.0,66.5,1,1,1,1
8068,0,0.0,0.5,0,0,,0,66.5,0.0,66.5,1,1,1,1
8069,0,0.0,0.5,0,0,,0,82.5,0.0,82.5,1,1,1,1
8070,3,0.989894,0.5,1,1,3.0,3,65.0,73.4,138.4,1,1,1,1
8071,2,0.989894,0.5,1,1,3.0,3,64.4,87.5,151.9,1,1,1,1
8072,1,1.0,0.5,1,1,1.0,1,81.2,81.8,163.0,1,1,1,1
8073,3,1.0,0.5,1,1,3.0,3,68.6,74.0,142.6,1,1,1,1
8074,2,0.989894,0.5,1,1,3.0,3,64.7,72.7,137.4,1,1,1,1
8075,0,0.177465,0.5,0,0,,0,64.3,0.0,64.3,1,1,1,1
8076,1,0.989894,0.5,1,1,1.0,1,68.2,74.1,142.3,1,1,1,1
8077,2,0.999232,0.5,1,1,3.0,3,65.7,74.8,140.5,1,1,1,1
8078,2,1.0,0.5,1,1,3.0,3,89.6,92.9,182.5,1,1,1,1
8079,0,0.0,0.5,0,0,,0,91.7,0.0,91.7,1,1,1,1
8080,0,0.0,0.5,0,0,,0,83.7,0.0,83.7,1,1,1,1
8081,1,0.997497,0.5,1,1,1.0,1,100.9,94.8,195.7,1,1,1,1
8082,3,0.999232,0.5,1,1,2.0,2,85.1,87.8,172.9,1,1,1,1
8083,0,0.0,0.5,0,0,,0,70.7,0.0,70.7,1,1,1,1
8084,2,0.989894,0.5,1,1,3.0,3,71.0,74.8,145.8,1,1,1,1
8085,2,1.0,0.5,1,1,3.0,3,64.3,72.5,136.8,1,1,1,1
8086,1,0.989894,0.5,1,1,1.0,1,63.8,71.2,135.0,1,1,1,1
8087,0,0.0,0.5,0,0,,0,74.4,0.0,74.4,1,1,1,1
8088,3,0.999232,0.5,1,1,2.0,2,64.3,71.0,135.3,1,1,1,1
8089,2,0.989894,0.5,1,1,2.0,2,63.9,71.8,135.7,1,1,1,1
8090,2,0.989894,0.5,1,1,2.0,2,71.2,81.8,153.0,1,1,1,1
8091,1,1.0,0.5,1,1,1.0,1,66.7,74.0,140.7,1,1,1,1
8092,0,0.0,0.5,0,0,,0,63.9,0.0,63.9,1,1,1,1
8093,0,0.0,0.5,0,0,,0,64.2,0.0,64.2,1,1,1,1
8094,2,0.989894,0.5,1,1,2.0,2,65.2,71.7,136.9,1,1,1,1
8095,0,0.0,0.5,0,0,,0,63.1,0.0,63.1,1,1,1,1
8096,3,0.989894,0.5,1,1,2.0,2,62.2,77.9,140.1,1,1,1,1
8097,0,0.0,0.5,0,0,,0,69.1,0.0,69.1,1,1,1,1
8098,3,0.989894,0.5,1,1,3.0,3,178.6,165.3,343.9,1,1,1,1
8099,3,0.989894,0.5,1,1,3.0,3,108.8,84.4,193.2,1,1,1,1
8100,0,0.0,0.5,0,0,,0,69.1,0.0,69.1,1,1,1,1
8101,2,1.0,0.5,1,1,3.0,3,66.2,71.6,137.8,1,1,1,1
8102,2,0.989894,0.5,1,1,3.0,3,63.5,70.9,134.4,1,1,1,1
8103,1,1.0,0.5,1,1,1.0,1,62.4,71.5,133.9,1,1,1,1
8104,0,0.0,0.5,0,0,,0,63.4,0.0,63.4,1,1,1,1
8105,0,0.0,0.5,0,0,,0,63.8,0.0,63.8,1,1,1,1
8106,1,0.997497,0.5,1,1,1.0,1,63.7,69.7,133.4,1,1,1,1
8107,0,0.0,0.5,0,0,,0,60.2,0.0,60.2,1,1,1,1
8108,1,1.0,0.5,1,1,1.0,1,61.7,68.5,130.2,1,1,1,1
8109,3,0.989894,0.5,1,1,2.0,2,62.2,69.9,132.1,1,1,1,1
8110,3,0.989894,0.5,1,1,3.0,3,60.7,68.4,129.1,1,1,1,1
8111,2,0.997497,0.5,1,1,2.0,2,60.7,68.2,128.9,1,1,1,1
8112,2,0.989894,0.5,1,1,2.0,2,61.7,68.9,130.6,1,1,1,1
8113,2,0.989894,0.5,1,1,3.0,3,63.7,68.8,132.5,1,1,1,1
8114,3,1.0,0.5,1,1,2.0,2,61.1,67.6,128.7,1,1,1,1
8115,3,0.989894,0.5,1,1,3.0,3,62.3,69.3,131.6,1,1,1,1
8116,0,0.0,0.5,0,0,,0,60.4,0.0,60.4,1,1,1,1
8117,0,0.0,0.5,0,0,,0,62.1,0.0,62.1,1,1,1,1
8118,2,0.989894,0.5,1,1,3.0,3,61.7,67.7,129.4,1,1,1,1
8119,0,0.0,0.5,0,0,,0,60.9,0.0,60.9,1,1,1,1
8120,2,0.999232,0.5,1,1,2.0,2,62.2,69.2,131.4,1,1,1,1
8121,2,0.989894,0.5,1,1,3.0,3,61.7,69.6,131.3,1,1,1,1
8122,0,0.0,0.5,0,0,,0,59.8,0.0,59.8,1,1,1,1
8123,2,0.997497,0.5,1,1,2.0,2,60.2,69.8,130.0,1,1,1,1
8124,2,0.989894,0.5,1,1,2.0,2,59.7,68.0,127.7,1,1,1,1
8125,2,1.0,0.5,1,1,2.0,2,61.3,69.1,130.4,1,1,1,1
8126,1,1.0,0.5,1,1,1.0,1,60.0,67.4,127.4,1,1,1,1
8127,0,0.0,0.5,0,0,,0,60.8,0.0,60.8,1,1,1,1
8128,3,1.0,0.5,1,1,2.0,2,77.9,71.6,149.5,1,1,1,1
8129,1,1.0,0.5,1,1,1.0,1,62.4,68.2,130.6,1,1,1,1
8130,3,0.989894,0.5,1,1,3.0,3,61.0,68.6,129.6,1,1,1,1
8131,2,0.989894,0.5,1,1,2.0,2,69.3,77.0,146.3,1,1,1,1
8132,0,0.177465,0.5,0,0,,0,62.4,0.0,62.4,1,1,1,1
8133,1,1.0,0.5,1,1,1.0,1,62.4,68.2,130.6,1,1,1,1
8134,3,0.989894,0.5,1,1,2.0,2,61.4,77.8,139.2,1,1,1,1
8135,2,0.989894,0.5,1,1,3.0,3,65.5,71.2,136.7,1,1,1,1
8136,2,0.989894,0.5,1,1,3.0,3,62.7,69.7,132.4,1,1,1,1
8137,3,0.989894,0.5,1,1,3.0,3,60.8,70.1,130.9,1,1,1,1
8138,3,0.989894,0.5,1,1,3.0,3,72.8,72.8,145.6,1,1,1,1
8139,0,0.0,0.5,0,0,,0,62.9,0.0,62.9,1,1,1,1
8140,2,0.989894,0.5,1,1,3.0,3,60.7,69.2,129.9,1,1,1,1
8141,1,0.997497,0.5,1,1,1.0,1,73.1,71.5,144.6,1,1,1,1
8142,1,1.0,0.5,1,1,1.0,1,61.2,70.0,131.2,1,1,1,1
8143,1,0.989894,0.5,1,1,1.0,1,61.2,68.4,129.6,1,1,1,1
8144,1,0.997497,0.5,1,1,1.0,1,61.3,80.3,141.6,1,1,1,1
8145,3,0.989894,0.5,1,1,2.0,2,64.3,71.6,135.9,1,1,1,1
8146,1,0.997497,0.5,1,1,1.0,1,61.7,69.1,130.8,1,1,1,1
8147,0,0.0,0.5,0,0,,0,60.2,0.0,60.2,1,1,1,1
8148,2,0.989894,0.5,1,1,2.0,2,66.5,68.8,135.3,1,1,1,1
8149,0,0.0,0.5,0,0,,0,61.6,0.0,61.6,1,1,1,1
8150,3,1.0,0.5,1,1,2.0,2,60.4,68.0,128.4,1,1,1,1
8151,3,0.999232,0.5,1,1,3.0,3,73.0,71.4,144.4,1,1,1,1
8152,2,0.989894,0.5,1,1,2.0,2,60.4,68.0,128.4,1,1,1,1
8153,3,0.989894,0.5,1,1,3.0,3,60.7,69.1,129.8,1,1,1,1
8154,0,0.0,0.5,0,0,,0,59.8,0.0,59.8,1,1,1,1
8155,2,0.989894,0.5,1,1,3.0,3,64.0,71.1,135.1,1,1,1,1
8156,3,0.989894,0.5,1,1,3.0,3,60.4,69.7,130.1,1,1,1,1
8157,0,0.0,0.5,0,0,,0,60.7,0.0,60.7,1,1,1,1
8158,3,0.989894,0.5,1,1,2.0,2,65.7,69.4,135.1,1,1,1,1
8159,3,0.989894,0.5,1,1,2.0,2,60.9,70.4,131.3,1,1,1,1
8160,0,0.0,0.5,0,0,,0,61.4,0.0,61.4,1,1,1,1
8161,3,0.999232,0.5,1,1,2.0,2,73.9,73.2,147.1,1,1,1,1
8162,1,0.989894,0.5,1,1,1.0,1,61.9,70.1,132.0,1,1,1,1
8163,3,0.989894,0.5,1,1,3.0,3,60.1,82.4,142.5,1,1,1,1
8164,3,0.989894,0.5,1,1,2.0,2,85.7,276.1,361.8,1,1,1,1
8165,3,0.989894,0.5,1,1,3.0,3,352.8,128.4,481.2,1,1,1,1
8166,2,0.989894,0.5,1,1,3.0,3,101.1,279.6,380.7,1,1,1,1
8167,0,0.0,0.5,0,0,,0,114.8,0.0,114.8,1,1,1,1
8168,3,0.999232,0.5,1,1,3.0,3,86.1,89.3,175.4,1,1,1,1
8169,3,1.0,0.5,1,1,3.0,3,76.4,86.5,162.9,1,1,1,1
8170,2,0.989894,0.5,1,1,2.0,2,73.0,80.9,153.9,1,1,1,1
8171,1,1.0,0.5,1,1,1.0,1,72.4,84.1,156.5,1,1,1,1
8172,2,0.989894,0.5,1,1,2.0,2,70.3,79.4,149.7,1,1,1,1
8173,3,1.0,0.5,1,1,3.0,3,72.5,79.8,152.3,1,1,1,1
8174,2,0.989894,0.5,1,1,2.0,2,68.1,77.2,145.3,1,1,1,1
8175,1,1.0,0.5,1,1,1.0,1,69.4,80.2,149.6,1,1,1,1
8176,2,1.0,0.5,1,1,2.0,2,70.6,99.0,169.6,1,1,1,1
8177,2,0.989894,0.5,1,1,2.0,2,74.4,79.8,154.2,1,1,1,1
8178,1,1.0,0.5,1,1,1.0,1,70.9,78.4,149.3,1,1,1,1
8179,2,0.989894,0.5,1,1,2.0,2,68.3,78.6,146.9,1,1,1,1
8180,0,0.0,0.5,0,0,,0,71.9,0.0,71.9,1,1,1,1
8181,1,1.0,0.5,1,1,1.0,1,66.5,76.2,142.7,1,1,1,1
8182,0,0.0,0.5,0,0,,0,66.9,0.0,66.9,1,1,1,1
8183,3,0.989894,0.5,1,1,3.0,3,66.5,76.8,143.3,1,1,1,1
8184,2,0.989894,0.5,1,1,3.0,3,65.9,76.0,141.9,1,1,1,1
8185,1,0.997497,0.5,1,1,1.0,1,68.5,73.6,142.1,1,1,1,1
8186,0,0.0,0.5,0,0,,0,66.1,0.0,66.1,1,1,1,1
8187,2,0.989894,0.5,1,1,2.0,2,65.0,73.4,138.4,1,1,1,1
8188,2,0.989894,0.5,1,1,2.0,2,66.7,73.4,140.1,1,1,1,1
8189,3,0.989894,0.5,1,1,2.0,2,64.8,72.4,137.2,1,1,1,1
8190,3,0.999232,0.5,1,1,3.0,3,64.1,70.3,134.4,1,1,1,1
8191,1,1.0,0.5,1,1,1.0,1,64.9,73.1,138.0,1,1,1,1
8192,0,0.0,0.5,0,0,,0,63.2,0.0,63.2,1,1,1,1
8193,1,1.0,0.5,1,1,1.0,1,64.5,71.6,136.1,1,1,1,1
8194,3,0.989894,0.5,1,1,3.0,3,97.1,76.3,173.4,1,1,1,1
8195,0,0.0,0.5,0,0,,0,82.4,0.0,82.4,1,1,1,1
8196,0,0.0,0.5,0,0,,0,65.1,0.0,65.1,1,1,1,1
8197,0,0.0,0.5,0,0,,0,66.8,0.0,66.8,1,1,1,1
8198,0,0.0,0.5,0,0,,0,63.7,0.0,63.7,1,1,1,1
8199,1,0.989894,0.5,1,1,1.0,1,68.8,78.2,147.0,1,1,1,1
8200,3,0.989894,0.5,1,1,3.0,3,65.3,75.1,140.4,1,1,1,1
8201,1,0.989894,0.5,1,1,1.0,1,63.6,80.3,143.9,1,1,1,1
8202,0,0.0,0.5,0,0,,0,68.3,0.0,68.3,1,1,1,1
8203,2,1.0,0.5,1,1,3.0,3,62.7,71.1,133.8,1,1,1,1
8204,1,0.989894,0.5,1,1,1.0,1,62.9,70.3,133.2,1,1,1,1
8205,2,0.989894,0.5,1,1,2.0,2,75.5,73.9,149.4,1,1,1,1
8206,2,0.989894,0.5,1,1,2.0,2,64.3,69.9,134.2,1,1,1,1
8207,0,0.0,0.5,0,0,,0,62.7,0.0,62.7,1,1,1,1
8208,3,0.989894,0.5,1,1,2.0,2,69.1,76.7,145.8,1,1,1,1
8209,3,0.989894,0.5,1,1,3.0,3,66.0,70.4,136.4,1,1,1,1
8210,1,0.989894,0.5,1,1,1.0,1,61.8,72.0,133.8,1,1,1,1
8211,0,0.0,0.5,0,0,,0,63.5,0.0,63.5,1,1,1,1
8212,3,0.989894,0.5,1,1,2.0,2,65.7,71.1,136.8,1,1,1,1
8213,0,0.0,0.5,0,0,,0,63.9,0.0,63.9,1,1,1,1
8214,3,0.989894,0.5,1,1,2.0,2,62.1,70.3,132.4,1,1,1,1
8215,0,0.0,0.5,0,0,,0,73.2,0.0,73.2,1,1,1,1
8216,2,0.989894,0.5,1,1,2.0,2,62.3,71.3,133.6,1,1,1,1
8217,1,1.0,0.5,1,1,1.0,1,63.9,70.7,134.6,1,1,1,1
8218,3,0.989894,0.5,1,1,2.0,2,72.6,74.0,146.6,1,1,1,1
8219,2,0.989894,0.5,1,1,2.0,2,62.2,72.2,134.4,1,1,1,1
8220,1,0.989894,0.5,1,1,1.0,1,63.8,71.5,135.3,1,1,1,1
8221,0,0.0,0.5,0,0,,0,63.7,0.0,63.7,1,1,1,1
8222,0,0.0,0.5,0,0,,0,65.2,0.0,65.2,1,1,1,1
8223,1,1.0,0.5,1,1,1.0,1,61.8,72.2,134.0,1,1,1,1
8224,2,0.997497,0.5,1,1,2.0,2,62.4,76.6,139.0,1,1,1,1
8225,3,0.989894,0.5,1,1,2.0,2,69.6,73.5,143.1,1,1,1,1
8226,1,0.989894,0.5,1,1,1.0,1,64.0,71.0,135.0,1,1,1,1
8227,2,0.989894,0.5,1,1,2.0,2,65.2,69.7,134.9,1,1,1,1
8228,1,1.0,0.5,1,1,1.0,1,72.3,71.1,143.4,1,1,1,1
8229,3,0.989894,0.5,1,1,2.0,2,61.4,69.0,130.4,1,1,1,1
8230,1,0.997497,0.5,1,1,1.0,1,59.7,69.2,128.9,1,1,1,1
8231,1,1.0,0.5,1,1,1.0,1,61.2,78.7,139.9,1,1,1,1
8232,3,0.989894,0.5,1,1,2.0,2,64.0,70.2,134.2,1,1,1,1
8233,0,0.0,0.5,0,0,,0,61.4,0.0,61.4,1,1,1,1
8234,1,1.0,0.5,1,1,1.0,1,60.6,74.2,134.8,1,1,1,1
8235,1,1.0,0.5,1,1,1.0,1,65.5,71.3,136.8,1,1,1,1
8236,2,0.989894,0.5,1,1,2.0,2,60.7,68.9,129.6,1,1,1,1
8237,1,0.997497,0.5,1,1,1.0,1,60.5,67.9,128.4,1,1,1,1
8238,1,0.989894,0.5,1,1,1.0,1,70.7,70.3,141.0,1,1,1,1
8239,0,0.0,0.5,0,0,,0,61.7,0.0,61.7,1,1,1,1
8240,1,0.989894,0.5,1,1,1.0,1,61.3,68.5,129.8,1,1,1,1
8241,2,0.989894,0.5,1,1,3.0,3,61.8,79.6,141.4,1,1,1,1
8242,0,0.0,0.5,0,0,,0,62.1,0.0,62.1,1,1,1,1
8243,2,0.989894,0.5,1,1,2.0,2,60.4,70.7,131.1,1,1,1,1
8244,3,0.989894,0.5,1,1,3.0,3,60.2,77.6,137.8,1,1,1,1
8245,3,0.989894,0.5,1,1,2.0,2,67.3,70.5,137.8,1,1,1,1
8246,3,0.989894,0.5,1,1,2.0,2,61.4,69.1,130.5,1,1,1,1
8247,3,0.989894,0.5,1,1,3.0,3,59.9,69.2,129.1,1,1,1,1
8248,0,0.0,0.5,0,0,,0,72.5,0.0,72.5,1,1,1,1
8249,2,0.989894,0.5,1,1,3.0,3,61.6,67.0,128.6,1,1,1,1
8250,0,0.0,0.5,0,0,,0,61.3,0.0,61.3,1,1,1,1
8251,2,0.989894,0.5,1,1,3.0,3,65.9,75.3,141.2,1,1,1,1
8252,3,0.989894,0.5,1,1,2.0,2,64.2,70.8,135.0,1,1,1,1
8253,2,1.0,0.5,1,1,2.0,2,63.2,69.9,133.1,1,1,1,1
8254,2,0.989894,0.5,1,1,2.0,2,61.0,79.1,140.1,1,1,1,1
8255,2,0.989894,0.5,1,1,2.0,2,65.4,71.7,137.1,1,1,1,1
8256,2,0.989894,0.5,1,1,3.0,3,61.5,67.5,129.0,1,1,1,1
8257,0,0.0,0.5,0,0,,0,60.5,0.0,60.5,1,1,1,1
8258,2,1.0,0.5,1,1,2.0,2,72.5,71.3,143.8,1,1,1,1
8259,3,0.989894,0.5,1,1,3.0,3,60.4,68.2,128.6,1,1,1,1
8260,2,0.997497,0.5,1,1,0.0,0,61.2,67.8,129.0,1,1,1,1
8261,0,0.0,0.5,0,0,,0,71.5,0.0,71.5,1,1,1,1
8262,2,0.989894,0.5,1,1,2.0,2,61.4,68.3,129.7,1,1,1,1
8263,3,1.0,0.5,1,1,2.0,2,60.7,70.1,130.8,1,1,1,1
8264,2,1.0,0.5,1,1,2.0,2,61.0,80.1,141.1,1,1,1,1
8265,1,0.997497,0.5,1,1,1.0,1,63.6,69.6,133.2,1,1,1,1
8266,2,0.989894,0.5,1,1,2.0,2,60.9,67.9,128.8,1,1,1,1
8267,3,1.0,0.5,1,1,2.0,2,59.6,74.8,134.4,1,1,1,1
8268,0,0.0,0.5,0,0,,0,67.2,0.0,67.2,1,1,1,1
8269,1,1.0,0.5,1,1,1.0,1,62.7,68.1,130.8,1,1,1,1
8270,2,0.989894,0.5,1,1,3.0,3,62.6,69.7,132.3,1,1,1,1
8271,3,0.999232,0.5,1,1,2.0,2,73.2,73.5,146.7,1,1,1,1
8272,0,0.0,0.5,0,0,,0,62.3,0.0,62.3,1,1,1,1
8273,0,0.0,0.5,0,0,,0,62.8,0.0,62.8,1,1,1,1
8274,1,0.997497,0.5,1,1,1.0,1,60.4,80.3,140.7,1,1,1,1
8275,3,0.989894,0.5,1,1,3.0,3,63.8,70.9,134.7,1,1,1,1
8276,0,0.0,0.5,0,0,,0,62.2,0.0,62.2,1,1,1,1
8277,1,0.999232,0.5,1,1,1.0,1,109.9,106.4,216.3,1,1,1,1
8278,0,0.0,0.5,0,0,,0,207.5,0.0,207.5,1,1,1,1
8279,2,0.989894,0.5,1,1,2.0,2,115.2,84.8,200.0,1,1,1,1
8280,3,0.989894,0.5,1,1,2.0,2,69.4,74.6,144.0,1,1,1,1
8281,2,0.997497,0.5,1,1,2.0,2,66.9,74.0,140.9,1,1,1,1
8282,0,0.0,0.5,0,0,,0,63.6,0.0,63.6,1,1,1,1
8283,3,0.989894,0.5,1,1,3.0,3,65.1,72.9,138.0,1,1,1,1
8284,0,0.0,0.5,0,0,,0,65.1,0.0,65.1,1,1,1,1
8285,1,1.0,0.5,1,1,1.0,1,64.3,149.6,213.9,1,1,1,1
8286,2,0.989894,0.5,1,1,3.0,3,97.6,82.5,180.1,1,1,1,1
8287,3,0.989894,0.5,1,1,3.0,3,73.1,77.7,150.8,1,1,1,1
8288,3,0.989894,0.5,1,1,2.0,2,66.5,71.7,138.2,1,1,1,1
8289,2,0.999232,0.5,1,1,3.0,3,64.9,72.7,137.6,1,1,1,1
8290,1,1.0,0.5,1,1,1.0,1,63.3,72.0,135.3,1,1,1,1
8291,3,0.989894,0.5,1,1,3.0,3,62.9,81.7,144.6,1,1,1,1
8292,1,1.0,0.5,1,1,1.0,1,68.2,71.7,139.9,1,1,1,1
8293,2,1.0,0.5,1,1,3.0,3,65.3,73.4,138.7,1,1,1,1
8294,2,0.989894,0.5,1,1,2.0,2,63.0,71.5,134.5,1,1,1,1
8295,0,0.0,0.5,0,0,,0,62.3,0.0,62.3,1,1,1,1
8296,2,0.989894,0.5,1,1,3.0,3,64.3,72.0,136.3,1,1,1,1
8297,3,0.989894,0.5,1,1,2.0,2,64.2,71.3,135.5,1,1,1,1
8298,3,0.989894,0.5,1,1,3.0,3,65.1,82.6,147.7,1,1,1,1
8299,0,0.177465,0.5,0,0,,0,198.6,0.0,198.6,1,1,1,1
8300,2,1.0,0.5,1,1,2.0,2,90.7,108.2,198.9,1,1,1,1
8301,0,0.0,0.5,0,0,,0,80.9,0.0,80.9,1,1,1,1
8302,2,0.989894,0.5,1,1,3.0,3,69.2,74.2,143.4,1,1,1,1
8303,3,0.989894,0.5,1,1,3.0,3,66.0,87.0,153.0,1,1,1,1
8304,2,1.0,0.5,1,1,3.0,3,70.3,73.7,144.0,1,1,1,1
8305,3,0.989894,0.5,1,1,2.0,2,62.8,73.7,136.5,1,1,1,1
8306,2,0.999232,0.5,1,1,3.0,3,63.9,81.0,144.9,1,1,1,1
8307,3,0.999232,0.5,1,1,2.0,2,67.4,71.8,139.2,1,1,1,1
8308,3,0.989894,0.5,1,1,2.0,2,61.6,71.3,132.9,1,1,1,1
8309,1,1.0,0.5,1,1,1.0,1,65.4,71.8,137.2,1,1,1,1
8310,1,0.989894,0.5,1,1,1.0,1,76.4,71.4,147.8,1,1,1,1
8311,1,0.999232,0.5,1,1,1.0,1,63.9,69.7,133.6,1,1,1,1
8312,0,0.0,0.5,0,0,,0,61.7,0.0,61.7,1,1,1,1
8313,3,0.989894,0.5,1,1,3.0,3,74.8,74.5,149.3,1,1,1,1
8314,1,1.0,0.5,1,1,1.0,1,67.5,72.4,139.9,1,1,1,1
8315,1,0.989894,0.5,1,1,1.0,1,64.0,74.2,138.2,1,1,1,1
8316,0,0.0,0.5,0,0,,0,63.4,0.0,63.4,1,1,1,1
8317,3,0.989894,0.5,1,1,3.0,3,67.0,74.2,141.2,1,1,1,1
8318,1,1.0,0.5,1,1,1.0,1,63.7,76.5,140.2,1,1,1,1
8319,2,1.0,0.5,1,1,2.0,2,68.8,90.6,159.4,1,1,1,1
8320,0,0.177465,0.5,0,0,,0,77.1,0.0,77.1,1,1,1,1
8321,0,0.0,0.5,0,0,,0,71.7,0.0,71.7,1,1,1,1
8322,1,0.989894,0.5,1,1,1.0,1,70.9,76.8,147.7,1,1,1,1
8323,0,0.0,0.5,0,0,,0,82.9,0.0,82.9,1,1,1,1
8324,3,0.989894,0.5,1,1,2.0,2,72.3,79.3,151.6,1,1,1,1
8325,1,0.989894,0.5,1,1,1.0,1,74.4,84.4,158.8,1,1,1,1
8326,0,0.0,0.5,0,0,,0,80.6,0.0,80.6,1,1,1,1
8327,0,0.0,0.5,0,0,,0,79.8,0.0,79.8,1,1,1,1
8328,3,0.989894,0.5,1,1,3.0,3,75.4,86.8,162.2,1,1,1,1
8329,0,0.0,0.5,0,0,,0,77.2,0.0,77.2,1,1,1,1
8330,3,1.0,0.5,1,1,3.0,3,83.4,90.4,173.8,1,1,1,1
8331,0,0.0,0.5,0,0,,0,79.7,0.0,79.7,1,1,1,1
8332,2,0.989894,0.5,1,1,2.0,2,82.1,105.1,187.2,1,1,1,1
8333,0,0.0,0.5,0,0,,0,91.7,0.0,91.7,1,1,1,1
8334,2,0.989894,0.5,1,1,3.0,3,85.7,95.2,180.9,1,1,1,1
8335,2,0.989894,0.5,1,1,2.0,2,84.6,100.3,184.9,1,1,1,1
8336,0,0.0,0.5,0,0,,0,102.5,0.0,102.5,1,1,1,1
8337,1,1.0,0.5,1,1,1.0,1,93.6,104.9,198.5,1,1,1,1
8338,1,0.989894,0.5,1,1,1.0,1,91.1,101.8,192.9,1,1,1,1
8339,3,0.989894,0.5,1,1,3.0,3,92.6,125.3,217.9,1,1,1,1
8340,1,1.0,0.5,1,1,1.0,1,98.9,106.7,205.6,1,1,1,1
8341,0,0.0,0.5,0,0,,0,97.0,0.0,97.0,1,1,1,1
8342,2,0.989894,0.5,1,1,3.0,3,97.0,125.9,222.9,1,1,1,1
8343,2,0.989894,0.5,1,1,3.0,3,105.3,112.5,217.8,1,1,1,1
8344,2,0.997497,0.5,1,1,2.0,2,100.2,114.1,214.3,1,1,1,1
8345,0,0.0,0.5,0,0,,0,102.3,0.0,102.3,1,1,1,1
8346,0,0.0,0.5,0,0,,0,125.4,0.0,125.4,1,1,1,1
8347,0,0.0,0.5,0,0,,0,111.7,0.0,111.7,1,1,1,1
8348,2,0.989894,0.5,1,1,3.0,3,104.5,116.8,221.3,1,1,1,1
8349,1,1.0,0.5,1,1,1.0,1,120.3,120.3,240.6,1,1,1,1
8350,1,1.0,0.5,1,1,1.0,1,101.3,107.8,209.1,1,1,1,1
8351,1,1.0,0.5,1,1,1.0,1,96.7,113.1,209.8,1,1,1,1
8352,0,0.0,0.5,0,0,,0,96.6,0.0,96.6,1,1,1,1
8353,3,0.989894,0.5,1,1,3.0,3,98.5,109.4,207.9,1,1,1,1
8354,0,0.0,0.5,0,0,,0,92.5,0.0,92.5,1,1,1,1
8355,1,1.0,0.5,1,1,1.0,1,92.4,112.6,205.0,1,1,1,1
8356,3,0.989894,0.5,1,1,3.0,3,95.1,95.9,191.0,1,1,1,1
8357,3,0.989894,0.5,1,1,3.0,3,86.3,96.9,183.2,1,1,1,1
8358,0,0.0,0.5,0,0,,0,83.5,0.0,83.5,1,1,1,1
8359,0,0.0,0.5,0,0,,0,98.2,0.0,98.2,1,1,1,1
8360,2,0.989894,0.5,1,1,2.0,2,80.6,91.4,172.0,1,1,1,1
8361,2,0.989894,0.5,1,1,2.0,2,79.7,93.1,172.8,1,1,1,1
8362,0,0.0,0.5,0,0,,0,85.7,0.0,85.7,1,1,1,1
8363,0,0.0,0.5,0,0,,0,77.2,0.0,77.2,1,1,1,1
8364,2,0.989894,0.5,1,1,2.0,2,78.7,86.0,164.7,1,1,1,1
8365,3,0.999232,0.5,1,1,2.0,2,72.6,98.0,170.6,1,1,1,1
8366,1,0.997497,0.5,1,1,1.0,1,74.3,80.4,154.7,1,1,1,1
8367,1,1.0,0.5,1,1,1.0,1,69.7,137.3,207.0,1,1,1,1
8368,3,1.0,0.5,1,1,2.0,2,172.2,121.7,293.9,1,1,1,1
8369,0,0.0,0.5,0,0,,0,129.4,0.0,129.4,1,1,1,1
8370,1,0.989894,0.5,1,1,1.0,1,79.4,132.6,212.0,1,1,1,1
8371,0,0.0,0.5,0,0,,0,193.6,0.0,193.6,1,1,1,1
8372,3,0.989894,0.5,1,1,2.0,2,99.0,98.1,197.1,1,1,1,1
8373,2,1.0,0.5,1,1,2.0,2,79.5,79.7,159.2,1,1,1,1
8374,3,0.989894,0.5,1,1,2.0,2,67.2,73.4,140.6,1,1,1,1
8375,1,1.0,0.5,1,1,1.0,1,63.5,107.0,170.5,1,1,1,1
8376,2,0.989894,0.5,1,1,2.0,2,72.6,74.5,147.1,1,1,1,1
8377,2,0.989894,0.5,1,1,2.0,2,64.8,70.7,135.5,1,1,1,1
8378,0,0.0,0.5,0,0,,0,62.7,0.0,62.7,1,1,1,1
8379,0,0.0,0.5,0,0,,0,62.7,0.0,62.7,1,1,1,1
8380,2,0.989894,0.5,1,1,2.0,2,60.5,69.0,129.5,1,1,1,1
8381,3,0.989894,0.5,1,1,3.0,3,61.9,73.0,134.9,1,1,1,1
8382,1,1.0,0.5,1,1,1.0,1,62.3,70.2,132.5,1,1,1,1
8383,0,0.0,0.5,0,0,,0,60.8,0.0,60.8,1,1,1,1
8384,1,1.0,0.5,1,1,1.0,1,60.8,70.0,130.8,1,1,1,1
8385,0,0.0,0.5,0,0,,0,61.8,0.0,61.8,1,1,1,1
8386,1,1.0,0.5,1,1,1.0,1,60.8,69.4,130.2,1,1,1,1
8387,2,0.989894,0.5,1,1,2.0,2,61.4,69.8,131.2,1,1,1,1
8388,1,0.999232,0.5,1,1,1.0,1,60.4,66.9,127.3,1,1,1,1
8389,3,0.989894,0.5,1,1,3.0,3,63.4,71.2,134.6,1,1,1,1
8390,0,0.0,0.5,0,0,,0,63.8,0.0,63.8,1,1,1,1
8391,2,1.0,0.5,1,1,2.0,2,61.5,70.8,132.3,1,1,1,1
8392,3,0.989894,0.5,1,1,2.0,2,60.6,69.7,130.3,1,1,1,1
8393,3,1.0,0.5,1,1,2.0,2,62.4,71.4,133.8,1,1,1,1
8394,3,0.989894,0.5,1,1,3.0,3,61.4,69.2,130.6,1,1,1,1
8395,2,0.989894,0.5,1,1,3.0,3,60.9,68.5,129.4,1,1,1,1
8396,0,0.0,0.5,0,0,,0,60.7,0.0,60.7,1,1,1,1
8397,2,0.989894,0.5,1,1,3.0,3,61.0,68.5,129.5,1,1,1,1
8398,1,1.0,0.5,1,1,1.0,1,61.3,68.6,129.9,1,1,1,1
8399,3,1.0,0.5,1,1,3.0,3,60.6,71.1,131.7,1,1,1,1
8400,0,0.0,0.5,0,0,,0,80.1,0.0,80.1,1,1,1,1
8401,0,0.0,0.5,0,0,,0,62.1,0.0,62.1,1,1,1,1
8402,3,1.0,0.5,1,1,2.0,2,59.9,67.9,127.8,1,1,1,1
8403,0,0.0,0.5,0,0,,0,60.3,0.0,60.3,1,1,1,1
8404,0,0.0,0.5,0,0,,0,62.7,0.0,62.7,1,1,1,1
8405,3,0.989894,0.5,1,1,2.0,2,61.1,66.0,127.1,1,1,1,1
8406,3,1.0,0.5,1,1,2.0,2,61.0,77.4,138.4,1,1,1,1
8407,1,0.989894,0.5,1,1,1.0,1,67.0,72.6,139.6,1,1,1,1
8408,3,0.989894,0.5,1,1,3.0,3,61.8,67.9,129.7,1,1,1,1
8409,1,0.513514,0.5,1,1,1.0,1,60.8,69.2,130.0,1,1,1,1
8410,2,0.989894,0.5,1,1,3.0,3,74.5,70.5,145.0,1,1,1,1
8411,1,0.999232,0.5,1,1,1.0,1,62.6,70.9,133.5,1,1,1,1
8412,3,0.989894,0.5,1,1,3.0,3,61.2,68.4,129.6,1,1,1,1
8413,0,0.0,0.5,0,0,,0,68.9,0.0,68.9,1,1,1,1
8414,2,0.989894,0.5,1,1,3.0,3,63.6,70.0,133.6,1,1,1,1
8415,2,0.989894,0.5,1,1,3.0,3,60.9,70.3,131.2,1,1,1,1
8416,3,0.989894,0.5,1,1,3.0,3,61.1,78.5,139.6,1,1,1,1
8417,3,0.989894,0.5,1,1,3.0,3,66.0,70.7,136.7,1,1,1,1
8418,2,0.997497,0.5,1,1,2.0,2,61.2,68.7,129.9,1,1,1,1
8419,0,0.0,0.5,0,0,,0,60.7,0.0,60.7,1,1,1,1
8420,3,0.989894,0.5,1,1,2.0,2,73.0,71.8,144.8,1,1,1,1
8421,3,0.989894,0.5,1,1,3.0,3,62.1,68.1,130.2,1,1,1,1
8422,2,0.989894,0.5,1,1,2.0,2,60.6,67.9,128.5,1,1,1,1
8423,1,0.997497,0.5,1,1,1.0,1,70.9,73.3,144.2,1,1,1,1
8424,3,0.989894,0.5,1,1,2.0,2,63.9,69.6,133.5,1,1,1,1
8425,1,1.0,0.5,1,1,1.0,1,61.4,68.7,130.1,1,1,1,1
8426,0,0.0,0.5,0,0,,0,61.6,0.0,61.6,1,1,1,1
8427,0,0.0,0.5,0,0,,0,63.7,0.0,63.7,1,1,1,1
8428,1,1.0,0.5,1,1,1.0,1,62.3,68.2,130.5,1,1,1,1
8429,3,0.989894,0.5,1,1,3.0,3,61.3,78.0,139.3,1,1,1,1
8430,1,0.997497,0.5,1,1,1.0,1,66.3,70.0,136.3,1,1,1,1
8431,3,0.989894,0.5,1,1,3.0,3,60.8,69.5,130.3,1,1,1,1
8432,1,1.0,0.5,1,1,1.0,1,61.4,67.7,129.1,1,1,1,1
8433,2,0.989894,0.5,1,1,2.0,2,72.4,70.9,143.3,1,1,1,1
8434,3,1.0,0.5,1,1,3.0,3,61.2,68.9,130.1,1,1,1,1
8435,3,0.989894,0.5,1,1,3.0,3,60.8,68.6,129.4,1,1,1,1
8436,1,0.997497,0.5,1,1,1.0,1,59.9,80.4,140.3,1,1,1,1
8437,1,0.999232,0.5,1,1,1.0,1,66.9,70.4,137.3,1,1,1,1
8438,2,0.989894,0.5,1,1,3.0,3,62.8,69.6,132.4,1,1,1,1
8439,3,1.0,0.5,1,1,3.0,3,60.4,77.9,138.3,1,1,1,1
8440,0,0.0,0.5,0,0,,0,65.3,0.0,65.3,1,1,1,1
8441,3,0.989894,0.5,1,1,2.0,2,61.3,69.7,131.0,1,1,1,1
8442,2,1.0,0.5,1,1,2.0,2,61.1,68.4,129.5,1,1,1,1
8443,3,0.989894,0.5,1,1,2.0,2,72.0,71.1,143.1,1,1,1,1
8444,0,0.0,0.5,0,0,,0,61.7,0.0,61.7,1,1,1,1
8445,1,1.0,0.5,1,1,1.0,1,62.0,69.3,131.3,1,1,1,1
8446,3,0.989894,0.5,1,1,3.0,3,68.3,73.7,142.0,1,1,1,1
8447,1,1.0,0.5,1,1,1.0,1,63.3,72.1,135.4,1,1,1,1
8448,1,1.0,0.5,1,1,1.0,1,60.8,69.7,130.5,1,1,1,1
8449,2,0.997497,0.5,1,1,2.0,2,61.3,78.8,140.1,1,1,1,1
8450,2,0.989894,0.5,1,1,2.0,2,63.6,69.2,132.8,1,1,1,1
8451,2,1.0,0.5,1,1,3.0,3,60.7,70.5,131.2,1,1,1,1
8452,3,0.989894,0.5,1,1,2.0,2,60.4,66.7,127.1,1,1,1,1
8453,3,1.0,0.5,1,1,2.0,2,72.7,72.9,145.6,1,1,1,1
8454,0,0.0,0.5,0,0,,0,63.2,0.0,63.2,1,1,1,1
8455,0,0.0,0.5,0,0,,0,61.4,0.0,61.4,1,1,1,1
8456,3,0.989894,0.5,1,1,3.0,3,69.6,72.3,141.9,1,1,1,1
8457,2,0.989894,0.5,1,1,3.0,3,65.1,70.0,135.1,1,1,1,1
8458,0,0.0,0.5,0,0,,0,60.9,0.0,60.9,1,1,1,1
8459,2,0.989894,0.5,1,1,3.0,3,61.1,80.9,142.0,1,1,1,1
8460,0,0.0,0.5,0,0,,0,63.2,0.0,63.2,1,1,1,1
8461,3,0.989894,0.5,1,1,2.0,2,61.2,68.5,129.7,1,1,1,1
8462,0,0.177465,0.5,0,0,,0,61.2,0.0,61.2,1,1,1,1
8463,3,0.999232,0.5,1,1,2.0,2,66.0,71.8,137.8,1,1,1,1
8464,0,0.0,0.5,0,0,,0,61.5,0.0,61.5,1,1,1,1
8465,0,0.177465,0.5,0,0,,0,61.9,0.0,61.9,1,1,1,1
8466,2,0.989894,0.5,1,1,2.0,2,71.3,71.7,143.0,1,1,1,1
8467,3,1.0,0.5,1,1,3.0,3,61.4,69.8,131.2,1,1,1,1
8468,0,0.0,0.5,0,0,,0,60.8,0.0,60.8,1,1,1,1
8469,2,0.989894,0.5,1,1,2.0,2,60.8,79.2,140.0,1,1,1,1
8470,0,0.0,0.5,0,0,,0,63.9,0.0,63.9,1,1,1,1
8471,2,0.999232,0.5,1,1,3.0,3,60.9,70.8,131.7,1,1,1,1
8472,0,0.0,0.5,0,0,,0,60.9,0.0,60.9,1,1,1,1
8473,2,0.989894,0.5,1,1,3.0,3,67.2,69.4,136.6,1,1,1,1
8474,2,0.989894,0.5,1,1,3.0,3,60.2,68.2,128.4,1,1,1,1
8475,3,1.0,0.5,1,1,2.0,2,60.9,69.3,130.2,1,1,1,1
8476,3,0.989894,0.5,1,1,3.0,3,72.9,71.7,144.6,1,1,1,1
8477,0,0.0,0.5,0,0,,0,61.7,0.0,61.7,1,1,1,1
8478,3,0.989894,0.5,1,1,2.0,2,62.0,69.4,131.4,1,1,1,1
8479,1,1.0,0.5,1,1,1.0,1,88.3,91.5,179.8,1,1,1,1
8480,2,1.0,0.5,1,1,2.0,2,67.0,71.9,138.9,1,1,1,1
8481,3,0.989894,0.5,1,1,2.0,2,62.5,70.3,132.8,1,1,1,1
8482,1,0.989894,0.5,1,1,1.0,1,70.6,185.7,256.3,1,1,1,1
8483,2,0.989894,0.5,1,1,3.0,3,380.4,145.4,525.8,1,1,1,1
8484,1,0.999232,0.5,1,1,1.0,1,111.5,204.0,315.5,1,1,1,1
8485,1,0.999232,0.5,1,1,1.0,1,89.0,100.9,189.9,1,1,1,1
8486,0,0.0,0.5,0,0,,0,90.0,0.0,90.0,1,1,1,1
8487,2,0.989894,0.5,1,1,2.0,2,82.2,78.4,160.6,1,1,1,1
8488,3,0.989894,0.5,1,1,2.0,2,67.0,76.0,143.0,1,1,1,1
8489,2,0.989894,0.5,1,1,2.0,2,88.8,77.7,166.5,1,1,1,1
8490,3,0.989894,0.5,1,1,2.0,2,66.7,74.4,141.1,1,1,1,1
8491,3,0.989894,0.5,1,1,3.0,3,64.8,72.1,136.9,1,1,1,1
8492,0,0.0,0.5,0,0,,0,73.5,0.0,73.5,1,1,1,1
8493,2,0.989894,0.5,1,1,2.0,2,65.8,80.4,146.2,1,1,1,1
8494,3,0.989894,0.5,1,1,3.0,3,67.4,72.4,139.8,1,1,1,1
8495,2,0.989894,0.5,1,1,3.0,3,65.1,85.2,150.3,1,1,1,1
8496,1,1.0,0.5,1,1,1.0,1,66.2,72.2,138.4,1,1,1,1
8497,0,0.0,0.5,0,0,,0,64.6,0.0,64.6,1,1,1,1
8498,3,0.989894,0.5,1,1,2.0,2,63.8,79.7,143.5,1,1,1,1
8499,0,0.419355,0.5,0,0,,0,69.2,0.0,69.2,1,1,1,1
8500,2,0.989894,0.5,1,1,2.0,2,64.0,81.7,145.7,1,1,1,1
8501,0,0.0,0.5,0,0,,0,67.1,0.0,67.1,1,1,1,1
8502,3,0.989894,0.5,1,1,3.0,3,68.6,74.6,143.2,1,1,1,1
8503,3,0.989894,0.5,1,1,2.0,2,62.8,72.5,135.3,1,1,1,1
8504,3,0.989894,0.5,1,1,2.0,2,63.0,72.2,135.2,1,1,1,1
8505,3,0.989894,0.5,1,1,3.0,3,75.8,76.6,152.4,1,1,1,1
8506,2,0.989894,0.5,1,1,2.0,2,64.1,72.9,137.0,1,1,1,1
8507,3,0.989894,0.5,1,1,3.0,3,67.3,76.4,143.7,1,1,1,1
8508,3,0.989894,0.5,1,1,2.0,2,71.6,76.0,147.6,1,1,1,1
8509,2,0.989894,0.5,1,1,2.0,2,67.9,70.7,138.6,1,1,1,1
8510,1,1.0,0.5,1,1,1.0,1,63.7,70.6,134.3,1,1,1,1
8511,3,0.989894,0.5,1,1,3.0,3,63.2,80.6,143.8,1,1,1,1
8512,2,0.989894,0.5,1,1,3.0,3,66.7,72.7,139.4,1,1,1,1
8513,0,0.0,0.5,0,0,,0,61.5,0.0,61.5,1,1,1,1
8514,3,0.989894,0.5,1,1,3.0,3,67.5,80.4,147.9,1,1,1,1
8515,2,0.989894,0.5,1,1,2.0,2,68.2,71.5,139.7,1,1,1,1
8516,2,0.997497,0.5,1,1,2.0,2,61.5,68.3,129.8,1,1,1,1
8517,1,0.999232,0.5,1,1,1.0,1,62.2,70.0,132.2,1,1,1,1
8518,1,0.997497,0.5,1,1,1.0,1,72.1,70.5,142.6,1,1,1,1
8519,0,0.0,0.5,0,0,,0,62.0,0.0,62.0,1,1,1,1
8520,0,0.0,0.5,0,0,,0,60.3,0.0,60.3,1,1,1,1
8521,3,1.0,0.5,1,1,2.0,2,62.1,82.4,144.5,1,1,1,1
8522,0,0.0,0.5,0,0,,0,64.1,0.0,64.1,1,1,1,1
8523,3,0.989894,0.5,1,1,3.0,3,60.9,69.9,130.8,1,1,1,1
8524,3,1.0,0.5,1,1,3.0,3,61.8,76.2,138.0,1,1,1,1
8525,2,0.989894,0.5,1,1,3.0,3,66.7,71.1,137.8,1,1,1,1
8526,3,0.989894,0.5,1,1,2.0,2,61.9,69.8,131.7,1,1,1,1
8527,1,1.0,0.5,1,1,1.0,1,61.4,70.7,132.1,1,1,1,1
8528,3,0.989894,0.5,1,1,3.0,3,71.8,78.4,150.2,1,1,1,1
8529,3,0.989894,0.5,1,1,2.0,2,64.5,71.6,136.1,1,1,1,1
8530,2,0.989894,0.5,1,1,2.0,2,61.5,69.5,131.0,1,1,1,1
8531,0,0.0,0.5,0,0,,0,71.3,0.0,71.3,1,1,1,1
8532,3,0.999232,0.5,1,1,3.0,3,62.9,69.3,132.2,1,1,1,1
8533,2,0.989894,0.5,1,1,2.0,2,63.1,69.4,132.5,1,1,1,1
8534,1,1.0,0.5,1,1,1.0,1,62.0,82.3,144.3,1,1,1,1
8535,3,0.989894,0.5,1,1,2.0,2,64.3,78.4,142.7,1,1,1,1
8536,0,0.989894,0.5,1,1,0.0,0,63.4,68.7,132.1,1,1,1,1
8537,3,0.989894,0.5,1,1,2.0,2,61.5,79.7,141.2,1,1,1,1
8538,2,0.989894,0.5,1,1,2.0,2,64.8,71.2,136.0,1,1,1,1
8539,0,0.0,0.5,0,0,,0,60.9,0.0,60.9,1,1,1,1
8540,1,0.997497,0.5,1,1,1.0,1,60.2,68.7,128.9,1,1,1,1
8541,3,0.989894,0.5,1,1,3.0,3,73.3,72.5,145.8,1,1,1,1
8542,0,0.0,0.5,0,0,,0,61.5,0.0,61.5,1,1,1,1
8543,3,0.989894,0.5,1,1,3.0,3,64.8,72.2,137.0,1,1,1,1
8544,3,1.0,0.5,1,1,3.0,3,71.4,73.4,144.8,1,1,1,1
8545,2,0.989894,0.5,1,1,2.0,2,63.3,70.3,133.6,1,1,1,1
8546,2,0.989894,0.5,1,1,3.0,3,61.1,70.6,131.7,1,1,1,1
8547,1,0.997497,0.5,1,1,1.0,1,60.6,80.5,141.1,1,1,1,1
8548,1,1.0,0.5,1,1,1.0,1,64.0,69.1,133.1,1,1,1,1
8549,1,0.997497,0.5,1,1,1.0,1,62.1,68.6,130.7,1,1,1,1
8550,3,0.989894,0.5,1,1,3.0,3,69.1,78.0,147.1,1,1,1,1
8551,2,0.989894,0.5,1,1,3.0,3,66.2,70.8,137.0,1,1,1,1
8552,3,0.989894,0.5,1,1,2.0,2,61.7,69.5,131.2,1,1,1,1
8553,0,0.0,0.5,0,0,,0,62.6,0.0,62.6,1,1,1,1
8554,0,0.0,0.5,0,0,,0,72.8,0.0,72.8,1,1,1,1
8555,3,0.999232,0.5,1,1,2.0,2,62.0,70.5,132.5,1,1,1,1
8556,2,0.989894,0.5,1,1,2.0,2,61.5,67.9,129.4,1,1,1,1
8557,0,0.0,0.5,0,0,,0,81.0,0.0,81.0,1,1,1,1
8558,3,0.989894,0.5,1,1,2.0,2,148.8,107.6,256.4,1,1,1,1
8559,2,0.989894,0.5,1,1,2.0,2,81.3,83.1,164.4,1,1,1,1
8560,3,0.999232,0.5,1,1,3.0,3,73.1,74.2,147.3,1,1,1,1
8561,3,0.989894,0.5,1,1,3.0,3,65.7,72.8,138.5,1,1,1,1
8562,2,0.999232,0.5,1,1,2.0,2,63.5,72.6,136.1,1,1,1,1
8563,2,0.989894,0.5,1,1,2.0,2,63.0,71.8,134.8,1,1,1,1
8564,3,1.0,0.5,1,1,3.0,3,63.2,71.0,134.2,1,1,1,1
8565,1,1.0,0.5,1,1,1.0,1,66.2,71.9,138.1,1,1,1,1
8566,1,0.989894,0.5,1,1,1.0,1,64.7,72.3,137.0,1,1,1,1
8567,2,0.989894,0.5,1,1,3.0,3,65.0,73.1,138.1,1,1,1,1
8568,0,0.0,0.5,0,0,,0,64.0,0.0,64.0,1,1,1,1
8569,3,0.989894,0.5,1,1,3.0,3,63.9,72.0,135.9,1,1,1,1
8570,1,1.0,0.5,1,1,1.0,1,63.0,72.1,135.1,1,1,1,1
8571,2,1.0,0.5,1,1,2.0,2,61.8,75.0,136.8,1,1,1,1
8572,1,0.989894,0.5,1,1,1.0,1,62.3,72.4,134.7,1,1,1,1
8573,3,0.989894,0.5,1,1,2.0,2,63.1,72.1,135.2,1,1,1,1
8574,3,0.989894,0.5,1,1,2.0,2,65.1,69.5,134.6,1,1,1,1
8575,0,0.0,0.5,0,0,,0,62.5,0.0,62.5,1,1,1,1
8576,3,1.0,0.5,1,1,2.0,2,63.7,69.9,133.6,1,1,1,1
8577,0,0.0,0.5,0,0,,0,62.7,0.0,62.7,1,1,1,1
8578,2,0.999232,0.5,1,1,2.0,2,62.6,82.2,144.8,1,1,1,1
8579,3,0.989894,0.5,1,1,3.0,3,68.7,129.4,198.1,1,1,1,1
8580,3,1.0,0.5,1,1,3.0,3,77.1,77.5,154.6,1,1,1,1
8581,2,0.989894,0.5,1,1,3.0,3,65.9,82.7,148.6,1,1,1,1
8582,0,0.989894,0.5,1,1,0.0,0,69.4,72.7,142.1,1,1,1,1
8583,3,0.989894,0.5,1,1,2.0,2,62.1,70.5,132.6,1,1,1,1
8584,3,0.989894,0.5,1,1,2.0,2,61.8,70.5,132.3,1,1,1,1
8585,1,1.0,0.5,1,1,1.0,1,75.2,112.4,187.6,1,1,1,1
8586,3,0.989894,0.5,1,1,3.0,3,76.7,81.5,158.2,1,1,1,1
8587,0,0.0,0.5,0,0,,0,74.1,0.0,74.1,1,1,1,1
8588,3,0.989894,0.5,1,1,3.0,3,81.7,79.8,161.5,1,1,1,1
8589,3,0.989894,0.5,1,1,2.0,2,67.7,76.2,143.9,1,1,1,1
8590,1,0.177465,0.5,0,0,,0,65.9,0.0,65.9,1,1,1,1
8591,3,0.989894,0.5,1,1,3.0,3,65.4,105.8,171.2,1,1,1,1
8592,3,0.989894,0.5,1,1,3.0,3,177.9,88.3,266.2,1,1,1,1
8593,0,0.0,0.5,0,0,,0,66.3,0.0,66.3,1,1,1,1
8594,2,1.0,0.5,1,1,2.0,2,77.4,79.1,156.5,1,1,1,1
8595,3,0.989894,0.5,1,1,3.0,3,66.5,179.4,245.9,1,1,1,1
8596,3,1.0,0.5,1,1,3.0,3,205.7,113.2,318.9,1,1,1,1
8597,1,0.0,0.5,0,0,,0,87.1,0.0,87.1,1,1,1,1
8598,2,0.989894,0.5,1,1,2.0,2,77.1,79.1,156.2,1,1,1,1
8599,3,1.0,0.5,1,1,3.0,3,67.3,74.6,141.9,1,1,1,1
8600,3,1.0,0.5,1,1,2.0,2,65.8,72.6,138.4,1,1,1,1
8601,3,0.989894,0.5,1,1,2.0,2,63.3,72.1,135.4,1,1,1,1
8602,0,0.0,0.5,0,0,,0,64.6,0.0,64.6,1,1,1,1
8603,3,0.989894,0.5,1,1,2.0,2,62.7,71.0,133.7,1,1,1,1
8604,1,1.0,0.5,1,1,1.0,1,65.1,71.6,136.7,1,1,1,1
8605,3,0.989894,0.5,1,1,3.0,3,64.2,70.1,134.3,1,1,1,1
8606,1,1.0,0.5,1,1,1.0,1,61.6,70.8,132.4,1,1,1,1
8607,1,1.0,0.5,1,1,1.0,1,61.1,73.3,134.4,1,1,1,1
8608,1,1.0,0.5,1,1,1.0,1,64.5,71.4,135.9,1,1,1,1
8609,0,0.0,0.5,0,0,,0,65.7,0.0,65.7,1,1,1,1
8610,1,0.999232,0.5,1,1,1.0,1,63.5,73.1,136.6,1,1,1,1
8611,2,0.989894,0.5,1,1,2.0,2,64.4,71.4,135.8,1,1,1,1
8612,0,0.0,0.5,0,0,,0,62.3,0.0,62.3,1,1,1,1
8613,3,0.989894,0.5,1,1,2.0,2,64.6,70.4,135.0,1,1,1,1
8614,2,0.989894,0.5,1,1,3.0,3,63.6,70.0,133.6,1,1,1,1
8615,3,0.989894,0.5,1,1,2.0,2,60.8,70.2,131.0,1,1,1,1
8616,3,1.0,0.5,1,1,3.0,3,60.9,71.3,132.2,1,1,1,1
8617,1,0.997497,0.5,1,1,1.0,1,63.2,70.9,134.1,1,1,1,1
8618,0,0.0,0.5,0,0,,0,62.6,0.0,62.6,1,1,1,1
8619,0,0.0,0.5,0,0,,0,62.0,0.0,62.0,1,1,1,1
8620,3,0.989894,0.5,1,1,2.0,2,61.1,71.6,132.7,1,1,1,1
8621,2,1.0,0.5,1,1,2.0,2,62.9,73.4,136.3,1,1,1,1
8622,0,0.0,0.5,0,0,,0,62.5,0.0,62.5,1,1,1,1
8623,2,0.989894,0.5,1,1,3.0,3,63.3,70.8,134.1,1,1,1,1
8624,3,0.989894,0.5,1,1,2.0,2,61.8,70.0,131.8,1,1,1,1
8625,3,0.989894,0.5,1,1,2.0,2,62.0,85.5,147.5,1,1,1,1
8626,2,0.989894,0.5,1,1,3.0,3,69.1,70.7,139.8,1,1,1,1
8627,1,1.0,0.5,1,1,1.0,1,62.9,71.2,134.1,1,1,1,1
8628,0,0.0,0.5,0,0,,0,61.5,0.0,61.5,1,1,1,1
8629,0,0.0,0.5,0,0,,0,74.5,0.0,74.5,1,1,1,1
8630,3,0.989894,0.5,1,1,2.0,2,61.6,69.0,130.6,1,1,1,1
8631,3,0.999232,0.5,1,1,2.0,2,61.0,71.3,132.3,1,1,1,1
8632,2,1.0,0.5,1,1,3.0,3,71.6,73.3,144.9,1,1,1,1
8633,3,0.989894,0.5,1,1,2.0,2,63.3,69.4,132.7,1,1,1,1
8634,2,1.0,0.5,1,1,3.0,3,61.4,69.3,130.7,1,1,1,1
8635,3,0.997497,0.5,1,1,2.0,2,61.9,79.6,141.5,1,1,1,1
8636,3,0.989894,0.5,1,1,3.0,3,64.7,70.8,135.5,1,1,1,1
8637,0,0.0,0.5,0,0,,0,62.3,0.0,62.3,1,1,1,1
8638,2,0.989894,0.5,1,1,2.0,2,60.6,78.3,138.9,1,1,1,1
8639,1,0.999232,0.5,1,1,1.0,1,67.7,71.1,138.8,1,1,1,1
8640,0,0.0,0.5,0,0,,0,61.0,0.0,61.0,1,1,1,1
8641,3,0.989894,0.5,1,1,2.0,2,61.3,67.5,128.8,1,1,1,1
8642,3,1.0,0.5,1,1,3.0,3,69.7,73.8,143.5,1,1,1,1
8643,0,0.0,0.5,0,0,,0,61.7,0.0,61.7,1,1,1,1
8644,0,0.0,0.5,0,0,,0,59.9,0.0,59.9,1,1,1,1
8645,3,0.989894,0.5,1,1,2.0,2,62.7,80.6,143.3,1,1,1,1
8646,1,1.0,0.5,1,1,1.0,1,63.5,69.4,132.9,1,1,1,1
8647,2,0.989894,0.5,1,1,2.0,2,60.5,70.5,131.0,1,1,1,1
8648,3,0.989894,0.5,1,1,2.0,2,61.5,77.2,138.7,1,1,1,1
8649,0,0.0,0.5,0,0,,0,67.8,0.0,67.8,1,1,1,1
8650,0,0.0,0.5,0,0,,0,60.6,0.0,60.6,1,1,1,1
8651,1,0.989894,0.5,1,1,1.0,1,60.5,72.2,132.7,1,1,1,1
8652,1,1.0,0.5,1,1,1.0,1,71.7,71.8,143.5,1,1,1,1
8653,2,0.989894,0.5,1,1,3.0,3,63.0,70.1,133.1,1,1,1,1
8654,1,0.997497,0.5,1,1,1.0,1,61.5,68.1,129.6,1,1,1,1
8655,3,0.989894,0.5,1,1,2.0,2,68.4,75.9,144.3,1,1,1,1
8656,2,0.989894,0.5,1,1,2.0,2,61.6,69.2,130.8,1,1,1,1
8657,1,0.989894,0.5,1,1,1.0,1,62.2,67.0,129.2,1,1,1,1
8658,1,0.997497,0.5,1,1,1.0,1,60.8,78.5,139.3,1,1,1,1
8659,0,0.177465,0.5,0,0,,0,64.9,0.0,64.9,1,1,1,1
8660,3,0.989894,0.5,1,1,3.0,3,61.4,67.4,128.8,1,1,1,1
8661,1,0.989894,0.5,1,1,1.0,1,61.0,68.7,129.7,1,1,1,1
8662,2,0.989894,0.5,1,1,2.0,2,71.8,71.8,143.6,1,1,1,1
8663,0,0.0,0.5,0,0,,0,61.1,0.0,61.1,1,1,1,1
8664,1,0.997497,0.5,1,1,1.0,1,60.3,69.2,129.5,1,1,1,1
8665,1,1.0,0.5,1,1,1.0,1,72.0,73.3,145.3,1,1,1,1
8666,0,0.0,0.5,0,0,,0,62.7,0.0,62.7,1,1,1,1
8667,2,0.989894,0.5,1,1,2.0,2,60.7,70.8,131.5,1,1,1,1
8668,2,0.989894,0.5,1,1,3.0,3,59.7,79.4,139.1,1,1,1,1
8669,2,0.989894,0.5,1,1,2.0,2,65.3,68.0,133.3,1,1,1,1
8670,0,0.0,0.5,0,0,,0,60.7,0.0,60.7,1,1,1,1
8671,1,0.999232,0.5,1,1,1.0,1,60.6,73.8,134.4,1,1,1,1
8672,3,0.989894,0.5,1,1,3.0,3,65.8,73.2,139.0,1,1,1,1
8673,0,0.0,0.5,0,0,,0,63.1,0.0,63.1,1,1,1,1
8674,1,1.0,0.5,1,1,1.0,1,62.5,69.5,132.0,1,1,1,1
8675,3,0.989894,0.5,1,1,3.0,3,71.1,73.2,144.3,1,1,1,1
8676,3,1.0,0.5,1,1,3.0,3,62.8,68.0,130.8,1,1,1,1
8677,2,1.0,0.5,1,1,3.0,3,62.3,68.7,131.0,1,1,1,1
8678,2,0.989894,0.5,1,1,3.0,3,60.3,79.0,139.3,1,1,1,1
8679,2,0.989894,0.5,1,1,2.0,2,64.7,71.0,135.7,1,1,1,1
8680,2,0.989894,0.5,1,1,3.0,3,60.6,68.4,129.0,1,1,1,1
8681,2,0.999232,0.5,1,1,3.0,3,63.2,77.4,140.6,1,1,1,1
8682,0,0.0,0.5,0,0,,0,66.7,0.0,66.7,1,1,1,1
8683,0,0.0,0.5,0,0,,0,61.9,0.0,61.9,1,1,1,1
8684,0,0.0,0.5,0,0,,0,61.2,0.0,61.2,1,1,1,1
8685,0,0.0,0.5,0,0,,0,88.2,0.0,88.2,1,1,1,1
8686,3,0.989894,0.5,1,1,2.0,2,67.6,71.5,139.1,1,1,1,1
8687,1,0.997497,0.5,1,1,1.0,1,62.5,71.5,134.0,1,1,1,1
8688,3,0.989894,0.5,1,1,3.0,3,62.3,70.3,132.6,1,1,1,1
8689,3,0.989894,0.5,1,1,3.0,3,63.0,71.4,134.4,1,1,1,1
8690,3,0.989894,0.5,1,1,2.0,2,61.5,70.8,132.3,1,1,1,1
8691,3,0.989894,0.5,1,1,2.0,2,61.2,71.9,133.1,1,1,1,1
8692,0,0.0,0.5,0,0,,0,62.4,0.0,62.4,1,1,1,1
8693,1,0.989894,0.5,1,1,1.0,1,62.8,69.5,132.3,1,1,1,1
8694,1,0.989894,0.5,1,1,1.0,1,60.2,69.7,129.9,1,1,1,1
8695,3,0.989894,0.5,1,1,3.0,3,61.9,72.1,134.0,1,1,1,1
8696,3,0.989894,0.5,1,1,2.0,2,61.0,71.4,132.4,1,1,1,1
8697,0,0.0,0.5,0,0,,0,61.4,0.0,61.4,1,1,1,1
8698,3,0.989894,0.5,1,1,2.0,2,60.5,66.8,127.3,1,1,1,1
8699,2,0.989894,0.5,1,1,2.0,2,60.4,68.5,128.9,1,1,1,1
8700,1,1.0,0.5,1,1,1.0,1,61.0,68.7,129.7,1,1,1,1
8701,1,1.0,0.5,1,1,1.0,1,60.5,69.9,130.4,1,1,1,1
8702,3,0.989894,0.5,1,1,3.0,3,59.5,69.5,129.0,1,1,1,1
8703,1,0.989894,0.5,1,1,1.0,1,61.0,69.0,130.0,1,1,1,1
8704,0,0.177465,0.5,0,0,,0,60.8,0.0,60.8,1,1,1,1
8705,3,0.989894,0.5,1,1,3.0,3,62.1,68.1,130.2,1,1,1,1
8706,1,0.989894,0.5,1,1,1.0,1,60.3,69.9,130.2,1,1,1,1
8707,3,0.989894,0.5,1,1,3.0,3,59.2,217.5,276.7,1,1,1,1
8708,3,0.989894,0.5,1,1,2.0,2,176.3,345.6,521.9,1,1,1,1
8709,0,0.0,0.5,0,0,,0,127.6,0.0,127.6,1,1,1,1
8710,0,0.0,0.5,0,0,,0,76.3,0.0,76.3,1,1,1,1
8711,2,0.989894,0.5,1,1,3.0,3,69.4,78.3,147.7,1,1,1,1
8712,0,0.0,0.5,0,0,,0,72.6,0.0,72.6,1,1,1,1
8713,3,0.989894,0.5,1,1,2.0,2,67.1,72.8,139.9,1,1,1,1
8714,2,0.989894,0.5,1,1,3.0,3,62.9,69.6,132.5,1,1,1,1
8715,2,0.989894,0.5,1,1,2.0,2,62.0,70.1,132.1,1,1,1,1
8716,2,0.989894,0.5,1,1,3.0,3,62.1,68.5,130.6,1,1,1,1
8717,0,0.0,0.5,0,0,,0,61.9,0.0,61.9,1,1,1,1
8718,3,1.0,0.5,1,1,3.0,3,62.5,68.3,130.8,1,1,1,1
8719,3,0.989894,0.5,1,1,2.0,2,62.1,70.7,132.8,1,1,1,1
8720,3,0.989894,0.5,1,1,2.0,2,63.0,67.4,130.4,1,1,1,1
8721,2,1.0,0.5,1,1,3.0,3,62.3,69.2,131.5,1,1,1,1
8722,0,0.0,0.5,0,0,,0,60.4,0.0,60.4,1,1,1,1
8723,2,0.989894,0.5,1,1,1.0,1,61.2,70.8,132.0,1,1,1,1
8724,1,1.0,0.5,1,1,1.0,1,62.0,74.0,136.0,1,1,1,1
8725,0,0.0,0.5,0,0,,0,63.3,0.0,63.3,1,1,1,1
8726,2,0.989894,0.5,1,1,2.0,2,64.7,70.8,135.5,1,1,1,1
8727,3,0.989894,0.5,1,1,2.0,2,62.0,70.0,132.0,1,1,1,1
8728,0,0.0,0.5,0,0,,0,61.1,0.0,61.1,1,1,1,1
8729,3,0.989894,0.5,1,1,3.0,3,67.3,72.0,139.3,1,1,1,1
8730,3,0.989894,0.5,1,1,3.0,3,64.1,68.5,132.6,1,1,1,1
8731,3,0.989894,0.5,1,1,3.0,3,61.5,68.7,130.2,1,1,1,1
8732,3,0.989894,0.5,1,1,3.0,3,74.2,70.5,144.7,1,1,1,1
8733,0,0.0,0.5,0,0,,0,63.2,0.0,63.2,1,1,1,1
8734,2,1.0,0.5,1,1,3.0,3,60.9,68.0,128.9,1,1,1,1
8735,0,0.0,0.5,0,0,,0,70.8,0.0,70.8,1,1,1,1
8736,2,0.997497,0.5,1,1,2.0,2,63.2,69.6,132.8,1,1,1,1
8737,0,0.177465,0.5,0,0,,0,63.0,0.0,63.0,1,1,1,1
8738,3,0.989894,0.5,1,1,3.0,3,62.1,81.2,143.3,1,1,1,1
8739,0,0.0,0.5,0,0,,0,64.6,0.0,64.6,1,1,1,1
8740,0,0.0,0.5,0,0,,0,61.1,0.0,61.1,1,1,1,1
8741,2,0.999232,0.5,1,1,3.0,3,60.3,78.1,138.4,1,1,1,1
8742,0,0.0,0.5,0,0,,0,67.1,0.0,67.1,1,1,1,1
8743,2,0.989894,0.5,1,1,2.0,2,62.1,69.9,132.0,1,1,1,1
8744,0,0.0,0.5,0,0,,0,61.8,0.0,61.8,1,1,1,1
8745,2,0.989894,0.5,1,1,2.0,2,74.2,71.9,146.1,1,1,1,1
8746,2,0.989894,0.5,1,1,2.0,2,61.8,69.0,130.8,1,1,1,1
8747,2,0.989894,0.5,1,1,3.0,3,61.0,70.1,131.1,1,1,1,1
8748,0,0.0,0.5,0,0,,0,69.1,0.0,69.1,1,1,1,1
8749,2,0.989894,0.5,1,1,3.0,3,65.0,69.9,134.9,1,1,1,1
8750,0,0.0,0.5,0,0,,0,60.6,0.0,60.6,1,1,1,1
8751,2,0.989894,0.5,1,1,3.0,3,59.7,81.9,141.6,1,1,1,1
8752,3,0.989894,0.5,1,1,3.0,3,67.1,70.8,137.9,1,1,1,1
8753,2,0.999232,0.5,1,1,2.0,2,64.4,69.9,134.3,1,1,1,1
8754,2,0.989894,0.5,1,1,2.0,2,61.8,74.7,136.5,1,1,1,1
8755,3,0.989894,0.5,1,1,3.0,3,86.2,88.0,174.2,1,1,1,1
8756,2,0.989894,0.5,1,1,2.0,2,65.1,70.2,135.3,1,1,1,1
8757,2,0.989894,0.5,1,1,2.0,2,63.3,78.9,142.2,1,1,1,1
8758,0,0.0,0.5,0,0,,0,67.6,0.0,67.6,1,1,1,1
8759,2,0.989894,0.5,1,1,3.0,3,60.6,69.3,129.9,1,1,1,1
8760,0,0.177465,0.5,0,0,,0,60.6,0.0,60.6,1,1,1,1
8761,1,0.989894,0.5,1,1,1.0,1,72.9,72.2,145.1,1,1,1,1
8762,0,0.0,0.5,0,0,,0,60.5,0.0,60.5,1,1,1,1
8763,3,0.999232,0.5,1,1,3.0,3,61.3,70.6,131.9,1,1,1,1
8764,1,0.999232,0.5,1,1,1.0,1,60.0,78.4,138.4,1,1,1,1
8765,0,0.0,0.5,0,0,,0,64.3,0.0,64.3,1,1,1,1
8766,0,0.0,0.5,0,0,,0,61.7,0.0,61.7,1,1,1,1
8767,3,0.989894,0.5,1,1,3.0,3,60.7,77.4,138.1,1,1,1,1
8768,0,0.0,0.5,0,0,,0,66.1,0.0,66.1,1,1,1,1
8769,2,0.989894,0.5,1,1,3.0,3,65.1,68.2,133.3,1,1,1,1
8770,0,0.0,0.5,0,0,,0,61.2,0.0,61.2,1,1,1,1
8771,0,0.0,0.5,0,0,,0,72.0,0.0,72.0,1,1,1,1
8772,3,0.989894,0.5,1,1,3.0,3,62.0,69.0,131.0,1,1,1,1
8773,1,1.0,0.5,1,1,1.0,1,60.8,70.5,131.3,1,1,1,1
8774,0,0.0,0.5,0,0,,0,65.5,0.0,65.5,1,1,1,1
8775,3,0.989894,0.5,1,1,3.0,3,63.8,69.5,133.3,1,1,1,1
8776,0,0.0,0.5,0,0,,0,59.9,0.0,59.9,1,1,1,1
8777,2,1.0,0.5,1,1,3.0,3,61.5,76.9,138.4,1,1,1,1
8778,0,0.0,0.5,0,0,,0,65.4,0.0,65.4,1,1,1,1
8779,0,0.0,0.5,0,0,,0,62.4,0.0,62.4,1,1,1,1
8780,2,0.989894,0.5,1,1,3.0,3,60.3,68.9,129.2,1,1,1,1
8781,1,1.0,0.5,1,1,1.0,1,72.1,71.2,143.3,1,1,1,1
8782,0,0.0,0.5,0,0,,0,62.0,0.0,62.0,1,1,1,1
8783,3,0.989894,0.5,1,1,2.0,2,60.9,68.4,129.3,1,1,1,1
8784,0,0.0,0.5,0,0,,0,69.0,0.0,69.0,1,1,1,1
8785,0,0.0,0.5,0,0,,0,62.9,0.0,62.9,1,1,1,1
8786,3,0.989894,0.5,1,1,3.0,3,59.9,67.8,127.7,1,1,1,1
8787,3,0.989894,0.5,1,1,3.0,3,60.4,79.2,139.6,1,1,1,1
8788,2,1.0,0.5,1,1,3.0,3,63.8,69.9,133.7,1,1,1,1
8789,0,0.0,0.5,0,0,,0,62.5,0.0,62.5,1,1,1,1
8790,2,1.0,0.5,1,1,2.0,2,60.6,69.3,129.9,1,1,1,1
8791,3,0.989894,0.5,1,1,3.0,3,73.3,73.2,146.5,1,1,1,1
8792,3,0.989894,0.5,1,1,2.0,2,119.6,78.2,197.8,1,1,1,1
8793,0,0.0,0.5,0,0,,0,65.5,0.0,65.5,1,1,1,1
8794,3,0.989894,0.5,1,1,3.0,3,67.4,70.8,138.2,1,1,1,1
8795,2,0.989894,0.5,1,1,2.0,2,61.9,70.5,132.4,1,1,1,1
8796,0,0.0,0.5,0,0,,0,62.2,0.0,62.2,1,1,1,1
8797,0,0.0,0.5,0,0,,0,74.9,0.0,74.9,1,1,1,1
8798,1,0.989894,0.5,1,1,1.0,1,61.8,68.3,130.1,1,1,1,1
8799,3,0.989894,0.5,1,1,3.0,3,61.1,70.2,131.3,1,1,1,1
8800,0,0.177465,0.5,0,0,,0,68.2,0.0,68.2,1,1,1,1
8801,1,0.989894,0.5,1,1,1.0,1,62.8,69.2,132.0,1,1,1,1
8802,3,0.999232,0.5,1,1,3.0,3,61.7,67.6,129.3,1,1,1,1
8803,2,0.989894,0.5,1,1,3.0,3,60.3,80.6,140.9,1,1,1,1
8804,0,0.0,0.5,0,0,,0,67.1,0.0,67.1,1,1,1,1
8805,0,0.0,0.5,0,0,,0,64.2,0.0,64.2,1,1,1,1
8806,2,1.0,0.5,1,1,3.0,3,61.0,74.6,135.6,1,1,1,1
8807,3,1.0,0.5,1,1,2.0,2,66.8,72.2,139.0,1,1,1,1
8808,2,0.989894,0.5,1,1,3.0,3,61.9,68.7,130.6,1,1,1,1
8809,0,0.0,0.5,0,0,,0,63.0,0.0,63.0,1,1,1,1
8810,0,0.0,0.5,0,0,,0,72.3,0.0,72.3,1,1,1,1
8811,3,1.0,0.5,1,1,3.0,3,61.8,71.9,133.7,1,1,1,1
8812,2,1.0,0.5,1,1,2.0,2,60.2,69.0,129.2,1,1,1,1
8813,3,0.989894,0.5,1,1,2.0,2,61.9,80.7,142.6,1,1,1,1
8814,1,0.999232,0.5,1,1,1.0,1,63.8,69.1,132.9,1,1,1,1
8815,0,0.0,0.5,0,0,,0,60.6,0.0,60.6,1,1,1,1
8816,0,0.0,0.5,0,0,,0,61.1,0.0,61.1,1,1,1,1
8817,2,0.989894,0.5,1,1,3.0,3,67.7,70.6,138.3,1,1,1,1
8818,2,0.989894,0.5,1,1,2.0,2,73.3,71.3,144.6,1,1,1,1
8819,2,0.989894,0.5,1,1,2.0,2,62.5,69.8,132.3,1,1,1,1
8820,1,1.0,0.5,1,1,1.0,1,73.6,108.9,182.5,1,1,1,1
8821,0,0.0,0.5,0,0,,0,465.2,0.0,465.2,1,1,1,1
8822,1,0.989894,0.5,1,1,1.0,1,338.8,211.9,550.7,1,1,1,1
8823,1,0.999232,0.5,1,1,1.0,1,106.0,94.8,200.8,1,1,1,1
8824,3,0.989894,0.5,1,1,2.0,2,76.6,80.5,157.1,1,1,1,1
8825,2,0.989894,0.5,1,1,2.0,2,69.3,76.4,145.7,1,1,1,1
8826,1,1.0,0.5,1,1,1.0,1,91.4,79.8,171.2,1,1,1,1
8827,1,0.999232,0.5,1,1,1.0,1,67.1,72.8,139.9,1,1,1,1
8828,2,1.0,0.5,1,1,3.0,3,63.8,72.2,136.0,1,1,1,1
8829,2,0.989894,0.5,1,1,3.0,3,85.5,85.3,170.8,1,1,1,1
8830,3,0.989894,0.5,1,1,3.0,3,79.4,71.8,151.2,1,1,1,1
8831,2,0.989894,0.5,1,1,3.0,3,63.1,71.1,134.2,1,1,1,1
8832,3,1.0,0.5,1,1,3.0,3,77.7,72.5,150.2,1,1,1,1
8833,3,0.989894,0.5,1,1,3.0,3,64.4,73.5,137.9,1,1,1,1
8834,3,0.989894,0.5,1,1,2.0,2,63.3,69.4,132.7,1,1,1,1
8835,3,0.989894,0.5,1,1,2.0,2,73.7,74.5,148.2,1,1,1,1
8836,0,0.0,0.5,0,0,,0,63.6,0.0,63.6,1,1,1,1
8837,3,0.989894,0.5,1,1,2.0,2,62.1,71.2,133.3,1,1,1,1
8838,1,0.997497,0.5,1,1,1.0,1,60.9,80.9,141.8,1,1,1,1
8839,3,0.989894,0.5,1,1,3.0,3,63.6,71.6,135.2,1,1,1,1
8840,1,1.0,0.5,1,1,1.0,1,61.1,69.7,130.8,1,1,1,1
8841,3,0.999232,0.5,1,1,3.0,3,63.4,79.4,142.8,1,1,1,1
8842,2,0.989894,0.5,1,1,3.0,3,65.4,69.8,135.2,1,1,1,1
8843,0,0.177465,0.5,0,0,,0,61.8,0.0,61.8,1,1,1,1
8844,2,1.0,0.5,1,1,2.0,2,62.3,69.1,131.4,1,1,1,1
8845,0,0.0,0.5,0,0,,0,72.5,0.0,72.5,1,1,1,1
8846,2,1.0,0.5,1,1,2.0,2,62.7,70.3,133.0,1,1,1,1
8847,2,0.989894,0.5,1,1,3.0,3,65.4,72.5,137.9,1,1,1,1
8848,2,0.989894,0.5,1,1,3.0,3,73.1,71.8,144.9,1,1,1,1
8849,2,0.989894,0.5,1,1,3.0,3,62.5,71.7,134.2,1,1,1,1
8850,1,1.0,0.5,1,1,1.0,1,60.3,70.1,130.4,1,1,1,1
8851,0,0.0,0.5,0,0,,0,62.1,0.0,62.1,1,1,1,1
8852,2,0.989894,0.5,1,1,3.0,3,65.4,70.9,136.3,1,1,1,1
8853,2,1.0,0.5,1,1,2.0,2,61.6,70.3,131.9,1,1,1,1
8854,1,0.989894,0.5,1,1,1.0,1,60.1,78.5,138.6,1,1,1,1
8855,0,0.513514,0.5,1,1,0.0,0,65.9,71.7,137.6,1,1,1,1
8856,3,0.989894,0.5,1,1,3.0,3,62.9,68.6,131.5,1,1,1,1
8857,2,0.989894,0.5,1,1,2.0,2,61.2,69.1,130.3,1,1,1,1
8858,2,0.989894,0.5,1,1,2.0,2,72.1,70.3,142.4,1,1,1,1
8859,2,0.989894,0.5,1,1,2.0,2,61.8,70.6,132.4,1,1,1,1
8860,3,0.989894,0.5,1,1,2.0,2,60.2,69.1,129.3,1,1,1,1
8861,1,0.997497,0.5,1,1,1.0,1,70.2,74.3,144.5,1,1,1,1
8862,2,0.989894,0.5,1,1,3.0,3,63.1,68.6,131.7,1,1,1,1
8863,3,0.989894,0.5,1,1,2.0,2,61.0,70.4,131.4,1,1,1,1
8864,2,0.989894,0.5,1,1,3.0,3,61.6,81.3,142.9,1,1,1,1
8865,1,0.999232,0.5,1,1,1.0,1,64.6,70.3,134.9,1,1,1,1
8866,1,1.0,0.5,1,1,1.0,1,62.5,68.6,131.1,1,1,1,1
8867,3,1.0,0.5,1,1,2.0,2,60.7,76.6,137.3,1,1,1,1
8868,0,0.0,0.5,0,0,,0,65.7,0.0,65.7,1,1,1,1
8869,2,0.999232,0.5,1,1,2.0,2,62.4,68.4,130.8,1,1,1,1
8870,3,0.989894,0.5,1,1,3.0,3,60.3,68.3,128.6,1,1,1,1
8871,1,0.989894,0.5,1,1,1.0,1,69.9,73.5,143.4,1,1,1,1
8872,2,1.0,0.5,1,1,2.0,2,61.2,69.1,130.3,1,1,1,1
8873,1,1.0,0.5,1,1,1.0,1,61.4,67.5,128.9,1,1,1,1
8874,0,0.0,0.5,0,0,,0,60.5,0.0,60.5,1,1,1,1
8875,0,0.0,0.5,0,0,,0,63.1,0.0,63.1,1,1,1,1
8876,2,0.989894,0.5,1,1,3.0,3,62.0,67.0,129.0,1,1,1,1
8877,1,0.989894,0.5,1,1,1.0,1,60.5,75.7,136.2,1,1,1,1
8878,2,1.0,0.5,1,1,2.0,2,65.8,70.0,135.8,1,1,1,1
8879,3,0.989894,0.5,1,1,3.0,3,61.0,69.7,130.7,1,1,1,1
8880,0,0.0,0.5,0,0,,0,59.9,0.0,59.9,1,1,1,1
8881,1,0.989894,0.5,1,1,1.0,1,74.2,72.2,146.4,1,1,1,1
8882,2,1.0,0.5,1,1,2.0,2,63.5,68.7,132.2,1,1,1,1
8883,1,0.513514,0.5,1,1,1.0,1,60.7,70.7,131.4,1,1,1,1
8884,3,0.999232,0.5,1,1,3.0,3,59.9,80.8,140.7,1,1,1,1
8885,1,1.0,0.5,1,1,1.0,1,64.9,87.2,152.1,1,1,1,1
8886,0,0.0,0.5,0,0,,0,75.0,0.0,75.0,1,1,1,1
8887,1,0.989894,0.5,1,1,1.0,1,62.4,83.0,145.4,1,1,1,1
8888,0,0.0,0.5,0,0,,0,64.6,0.0,64.6,1,1,1,1
8889,2,0.989894,0.5,1,1,3.0,3,62.1,69.0,131.1,1,1,1,1
8890,1,0.997497,0.5,1,1,1.0,1,61.0,77.2,138.2,1,1,1,1
8891,1,1.0,0.5,1,1,1.0,1,66.5,72.2,138.7,1,1,1,1
8892,0,0.989894,0.5,1,1,0.0,0,62.5,66.4,128.9,1,1,1,1
8893,3,0.989894,0.5,1,1,2.0,2,61.4,155.3,216.7,1,1,1,1
8894,3,0.989894,0.5,1,1,2.0,2,104.5,98.0,202.5,1,1,1,1
8895,0,0.0,0.5,0,0,,0,79.5,0.0,79.5,1,1,1,1
8896,2,1.0,0.5,1,1,2.0,2,69.5,75.7,145.2,1,1,1,1
8897,1,0.989894,0.5,1,1,2.0,2,70.3,85.9,156.2,1,1,1,1
8898,0,0.0,0.5,0,0,,0,73.9,0.0,73.9,1,1,1,1
8899,2,0.989894,0.5,1,1,2.0,2,70.8,74.7,145.5,1,1,1,1
8900,2,0.989894,0.5,1,1,2.0,2,66.0,80.8,146.8,1,1,1,1
8901,0,0.0,0.5,0,0,,0,71.4,0.0,71.4,1,1,1,1
8902,1,0.989894,0.5,1,1,1.0,1,227.3,274.0,501.3,1,1,1,1
8903,1,0.999232,0.5,1,1,1.0,1,286.9,285.4,572.3,1,1,1,1
8904,3,0.989894,0.5,1,1,3.0,3,298.0,316.5,614.5,1,1,1,1
8905,3,0.989894,0.5,1,1,3.0,3,265.5,287.3,552.8,1,1,1,1
8906,2,0.989894,0.5,1,1,2.0,2,275.1,295.3,570.4,1,1,1,1
8907,2,0.989894,0.5,1,1,2.0,2,293.6,288.2,581.8,1,1,1,1
8908,2,0.989894,0.5,1,1,2.0,2,280.5,293.6,574.1,1,1,1,1
8909,3,0.989894,0.5,1,1,2.0,2,262.5,148.7,411.2,1,1,1,1
8910,3,0.989894,0.5,1,1,2.0,2,83.9,91.3,175.2,1,1,1,1
8911,3,0.989894,0.5,1,1,2.0,2,84.3,100.9,185.2,1,1,1,1
8912,3,0.989894,0.5,1,1,3.0,3,234.6,238.9,473.5,1,1,1,1
8913,3,0.989894,0.5,1,1,2.0,2,107.9,98.4,206.3,1,1,1,1
8914,2,0.999232,0.5,1,1,3.0,3,84.9,93.0,177.9,1,1,1,1
8915,0,0.177465,0.5,0,0,,0,75.0,0.0,75.0,1,1,1,1
8916,0,0.0,0.5,0,0,,0,69.5,0.0,69.5,1,1,1,1
8917,0,0.0,0.5,0,0,,0,66.6,0.0,66.6,1,1,1,1
8918,1,0.999232,0.5,1,1,1.0,1,68.6,72.0,140.6,1,1,1,1
8919,2,0.989894,0.5,1,1,3.0,3,64.1,73.6,137.7,1,1,1,1
8920,2,0.989894,0.5,1,1,2.0,2,62.6,72.3,134.9,1,1,1,1
8921,0,0.0,0.5,0,0,,0,64.2,0.0,64.2,1,1,1,1
8922,2,0.989894,0.5,1,1,3.0,3,63.3,71.2,134.5,1,1,1,1
8923,0,0.0,0.5,0,0,,0,62.9,0.0,62.9,1,1,1,1
8924,2,0.989894,0.5,1,1,2.0,2,63.4,69.3,132.7,1,1,1,1
8925,2,0.989894,0.5,1,1,3.0,3,62.6,69.4,132.0,1,1,1,1
8926,0,0.0,0.5,0,0,,0,61.3,0.0,61.3,1,1,1,1
8927,3,0.999232,0.5,1,1,2.0,2,63.7,75.4,139.1,1,1,1,1
8928,0,0.0,0.5,0,0,,0,62.8,0.0,62.8,1,1,1,1
8929,3,0.989894,0.5,1,1,2.0,2,82.7,85.5,168.2,1,1,1,1
8930,2,0.989894,0.5,1,1,3.0,3,66.7,70.6,137.3,1,1,1,1
8931,0,0.0,0.5,0,0,,0,62.5,0.0,62.5,1,1,1,1
8932,0,0.989894,0.5,1,1,0.0,0,64.4,70.2,134.6,1,1,1,1
8933,3,0.989894,0.5,1,1,2.0,2,63.2,71.9,135.1,1,1,1,1
8934,3,0.989894,0.5,1,1,3.0,3,62.0,72.1,134.1,1,1,1,1
8935,1,1.0,0.5,1,1,1.0,1,62.2,70.8,133.0,1,1,1,1
8936,2,0.989894,0.5,1,1,2.0,2,62.1,71.4,133.5,1,1,1,1
8937,0,0.0,0.5,0,0,,0,63.7,0.0,63.7,1,1,1,1
8938,2,0.999232,0.5,1,1,2.0,2,61.3,70.6,131.9,1,1,1,1
8939,3,0.989894,0.5,1,1,3.0,3,61.1,83.4,144.5,1,1,1,1
8940,2,0.989894,0.5,1,1,2.0,2,69.3,73.8,143.1,1,1,1,1
8941,1,0.989894,0.5,1,1,1.0,1,65.0,71.3,136.3,1,1,1,1
8942,0,0.0,0.5,0,0,,0,62.2,0.0,62.2,1,1,1,1
8943,1,0.999232,0.5,1,1,1.0,1,80.4,73.8,154.2,1,1,1,1
8944,3,0.989894,0.5,1,1,3.0,3,62.4,68.4,130.8,1,1,1,1
8945,2,0.989894,0.5,1,1,3.0,3,61.9,68.3,130.2,1,1,1,1
8946,2,0.989894,0.5,1,1,3.0,3,60.3,82.1,142.4,1,1,1,1
8947,3,0.989894,0.5,1,1,3.0,3,63.3,72.0,135.3,1,1,1,1
8948,3,0.989894,0.5,1,1,2.0,2,60.8,69.0,129.8,1,1,1,1
8949,2,0.997497,0.5,1,1,2.0,2,60.5,78.4,138.9,1,1,1,1
8950,3,0.989894,0.5,1,1,2.0,2,68.8,71.3,140.1,1,1,1,1
8951,2,1.0,0.5,1,1,3.0,3,63.2,68.7,131.9,1,1,1,1
8952,2,0.989894,0.5,1,1,2.0,2,61.1,70.1,131.2,1,1,1,1
8953,2,0.989894,0.5,1,1,2.0,2,74.0,70.9,144.9,1,1,1,1
8954,2,0.989894,0.5,1,1,2.0,2,62.5,72.0,134.5,1,1,1,1
8955,2,0.989894,0.5,1,1,2.0,2,61.5,71.0,132.5,1,1,1,1
8956,2,0.999232,0.5,1,1,2.0,2,70.8,74.1,144.9,1,1,1,1
8957,2,0.989894,0.5,1,1,3.0,3,62.5,68.9,131.4,1,1,1,1
8958,3,0.989894,0.5,1,1,2.0,2,60.2,70.2,130.4,1,1,1,1
8959,2,0.989894,0.5,1,1,2.0,2,60.8,82.7,143.5,1,1,1,1
8960,1,1.0,0.5,1,1,1.0,1,65.8,68.8,134.6,1,1,1,1
8961,3,0.999232,0.5,1,1,3.0,3,62.1,69.2,131.3,1,1,1,1
8962,0,0.0,0.5,0,0,,0,59.9,0.0,59.9,1,1,1,1
8963,2,0.999232,0.5,1,1,2.0,2,67.5,71.9,139.4,1,1,1,1
8964,0,0.0,0.5,0,0,,0,63.0,0.0,63.0,1,1,1,1
8965,3,0.989894,0.5,1,1,3.0,3,61.3,98.3,159.6,1,1,1,1
8966,2,0.997497,0.5,1,1,2.0,2,89.7,76.9,166.6,1,1,1,1
8967,3,0.989894,0.5,1,1,3.0,3,63.4,72.2,135.6,1,1,1,1
8968,2,0.989894,0.5,1,1,3.0,3,63.2,70.1,133.3,1,1,1,1
8969,1,0.997497,0.5,1,1,1.0,1,74.6,73.7,148.3,1,1,1,1
8970,2,0.989894,0.5,1,1,3.0,3,63.0,69.3,132.3,1,1,1,1
8971,3,0.989894,0.5,1,1,3.0,3,62.7,70.2,132.9,1,1,1,1
8972,1,1.0,0.5,1,1,1.0,1,91.1,121.6,212.7,1,1,1,1
8973,2,0.989894,0.5,1,1,2.0,2,71.4,72.2,143.6,1,1,1,1
8974,2,0.989894,0.5,1,1,3.0,3,63.8,68.4,132.2,1,1,1,1
8975,2,0.989894,0.5,1,1,2.0,2,61.3,70.3,131.6,1,1,1,1
8976,0,0.419355,0.5,0,0,,0,62.4,0.0,62.4,1,1,1,1
8977,2,1.0,0.5,1,1,2.0,2,61.6,70.2,131.8,1,1,1,1
8978,1,0.989894,0.5,1,1,1.0,1,61.6,67.8,129.4,1,1,1,1
8979,0,0.0,0.5,0,0,,0,58.6,0.0,58.6,1,1,1,1
8980,2,0.989894,0.5,1,1,2.0,2,61.0,68.1,129.1,1,1,1,1
8981,1,0.989894,0.5,1,1,1.0,1,62.6,67.3,129.9,1,1,1,1
8982,2,0.989894,0.5,1,1,3.0,3,60.1,68.9,129.0,1,1,1,1
8983,0,0.0,0.5,0,0,,0,61.9,0.0,61.9,1,1,1,1
8984,0,0.0,0.5,0,0,,0,69.5,0.0,69.5,1,1,1,1
8985,3,0.989894,0.5,1,1,2.0,2,64.5,70.1,134.6,1,1,1,1
8986,3,0.989894,0.5,1,1,3.0,3,59.8,69.6,129.4,1,1,1,1
8987,2,0.989894,0.5,1,1,2.0,2,62.0,68.1,130.1,1,1,1,1
8988,1,1.0,0.5,1,1,1.0,1,60.8,68.2,129.0,1,1,1,1
8989,2,0.989894,0.5,1,1,3.0,3,61.3,70.4,131.7,1,1,1,1
8990,3,1.0,0.5,1,1,2.0,2,60.4,67.7,128.1,1,1,1,1
8991,2,0.989894,0.5,1,1,3.0,3,60.2,69.1,129.3,1,1,1,1
8992,2,0.989894,0.5,1,1,3.0,3,60.7,69.7,130.4,1,1,1,1
8993,0,0.0,0.5,0,0,,0,60.8,0.0,60.8,1,1,1,1
8994,2,0.997497,0.5,1,1,2.0,2,60.2,69.4,129.6,1,1,1,1
8995,2,0.989894,0.5,1,1,2.0,2,61.0,69.6,130.6,1,1,1,1
8996,1,0.999232,0.5,1,1,1.0,1,60.4,69.3,129.7,1,1,1,1
8997,0,0.0,0.5,0,0,,0,60.4,0.0,60.4,1,1,1,1
8998,1,0.989894,0.5,1,1,1.0,1,59.9,70.4,130.3,1,1,1,1
8999,2,0.989894,0.5,1,1,1.0,1,60.5,70.7,131.2,1,1,1,1
9000,2,0.989894,0.5,1,1,2.0,2,60.8,69.5,130.3,1,1,1,1
9001,3,1.0,0.5,1,1,3.0,3,60.4,68.4,128.8,1,1,1,1
9002,1,1.0,0.5,1,1,1.0,1,61.1,69.2,130.3,1,1,1,1
9003,2,0.989894,0.5,1,1,2.0,2,79.7,97.9,177.6,1,1,1,1
9004,2,0.989894,0.5,1,1,2.0,2,66.6,72.0,138.6,1,1,1,1
9005,3,0.989894,0.5,1,1,3.0,3,61.8,71.1,132.9,1,1,1,1
9006,1,0.989894,0.5,1,1,1.0,1,59.1,80.9,140.0,1,1,1,1
9007,0,0.0,0.5,0,0,,0,66.3,0.0,66.3,1,1,1,1
9008,1,1.0,0.5,1,1,1.0,1,61.1,69.3,130.4,1,1,1,1
9009,1,0.997497,0.5,1,1,1.0,1,62.6,69.1,131.7,1,1,1,1
9010,0,0.0,0.5,0,0,,0,74.8,0.0,74.8,1,1,1,1
9011,3,0.989894,0.5,1,1,2.0,2,62.6,69.8,132.4,1,1,1,1
9012,3,0.989894,0.5,1,1,3.0,3,59.7,70.6,130.3,1,1,1,1
9013,0,0.0,0.5,0,0,,0,70.4,0.0,70.4,1,1,1,1
9014,2,1.0,0.5,1,1,3.0,3,62.5,68.6,131.1,1,1,1,1
9015,2,1.0,0.5,1,1,3.0,3,61.7,69.6,131.3,1,1,1,1
9016,1,0.989894,0.5,1,1,1.0,1,60.7,79.8,140.5,1,1,1,1
9017,2,0.989894,0.5,1,1,3.0,3,66.9,70.3,137.2,1,1,1,1
9018,2,0.999232,0.5,1,1,3.0,3,62.0,69.1,131.1,1,1,1,1
9019,3,0.989894,0.5,1,1,3.0,3,61.0,108.8,169.8,1,1,1,1
9020,3,0.989894,0.5,1,1,2.0,2,200.4,369.6,570.0,1,1,1,1
9021,3,1.0,0.5,1,1,3.0,3,155.6,106.3,261.9,1,1,1,1
9022,0,0.0,0.5,0,0,,0,82.9,0.0,82.9,1,1,1,1
9023,0,0.0,0.5,0,0,,0,90.4,0.0,90.4,1,1,1,1
9024,2,0.989894,0.5,1,1,2.0,2,75.6,83.3,158.9,1,1,1,1
9025,2,0.989894,0.5,1,1,3.0,3,72.1,76.7,148.8,1,1,1,1
9026,2,1.0,0.5,1,1,3.0,3,67.4,76.9,144.3,1,1,1,1
9027,0,0.0,0.5,0,0,,0,78.9,0.0,78.9,1,1,1,1
9028,3,0.989894,0.5,1,1,3.0,3,67.9,74.3,142.2,1,1,1,1
9029,1,0.997497,0.5,1,1,1.0,1,69.9,75.8,145.7,1,1,1,1
9030,3,0.999232,0.5,1,1,3.0,3,64.2,74.3,138.5,1,1,1,1
9031,0,0.0,0.5,0,0,,0,64.0,0.0,64.0,1,1,1,1
9032,1,0.989894,0.5,1,1,1.0,1,64.8,71.8,136.6,1,1,1,1
9033,0,0.0,0.5,0,0,,0,65.1,0.0,65.1,1,1,1,1
9034,0,0.0,0.5,0,0,,0,71.0,0.0,71.0,1,1,1,1
9035,3,0.989894,0.5,1,1,3.0,3,65.8,77.7,143.5,1,1,1,1
9036,2,0.989894,0.5,1,1,2.0,2,66.0,74.6,140.6,1,1,1,1
9037,3,1.0,0.5,1,1,2.0,2,66.7,73.8,140.5,1,1,1,1
9038,3,0.989894,0.5,1,1,2.0,2,65.6,72.8,138.4,1,1,1,1
9039,1,1.0,0.5,1,1,1.0,1,64.0,72.4,136.4,1,1,1,1
9040,0,0.0,0.5,0,0,,0,62.6,0.0,62.6,1,1,1,1
9041,3,0.989894,0.5,1,1,2.0,2,70.9,71.9,142.8,1,1,1,1
9042,0,0.0,0.5,0,0,,0,64.1,0.0,64.1,1,1,1,1
9043,0,0.0,0.5,0,0,,0,62.2,0.0,62.2,1,1,1,1
9044,0,0.0,0.5,0,0,,0,62.9,0.0,62.9,1,1,1,1
9045,0,0.0,0.5,0,0,,0,62.3,0.0,62.3,1,1,1,1
9046,1,0.989894,0.5,1,1,1.0,1,62.4,69.9,132.3,1,1,1,1
9047,2,0.989894,0.5,1,1,2.0,2,61.7,71.7,133.4,1,1,1,1
9048,1,1.0,0.5,1,1,1.0,1,69.0,73.2,142.2,1,1,1,1
9049,3,0.989894,0.5,1,1,3.0,3,64.0,71.6,135.6,1,1,1,1
9050,0,0.0,0.5,0,0,,0,64.3,0.0,64.3,1,1,1,1
9051,1,0.989894,0.5,1,1,1.0,1,62.8,85.7,148.5,1,1,1,1
9052,0,0.0,0.5,0,0,,0,66.7,0.0,66.7,1,1,1,1
9053,2,0.997497,0.5,1,1,2.0,2,63.8,72.2,136.0,1,1,1,1
9054,3,0.989894,0.5,1,1,2.0,2,63.3,91.4,154.7,1,1,1,1
9055,0,0.0,0.5,0,0,,0,74.1,0.0,74.1,1,1,1,1
9056,0,0.0,0.5,0,0,,0,65.8,0.0,65.8,1,1,1,1
9057,1,0.997497,0.5,1,1,1.0,1,64.7,80.0,144.7,1,1,1,1
9058,2,0.989894,0.5,1,1,2.0,2,69.8,71.5,141.3,1,1,1,1
9059,1,1.0,0.5,1,1,1.0,1,65.0,71.6,136.6,1,1,1,1
9060,2,0.989894,0.5,1,1,2.0,2,63.1,73.0,136.1,1,1,1,1
9061,2,0.989894,0.5,1,1,2.0,2,74.5,84.9,159.4,1,1,1,1
9062,0,0.0,0.5,0,0,,0,222.7,0.0,222.7,1,1,1,1
9063,1,1.0,0.5,1,1,1.0,1,111.4,102.0,213.4,1,1,1,1
9064,3,1.0,0.5,1,1,3.0,3,72.3,78.2,150.5,1,1,1,1
9065,1,0.989894,0.5,1,1,1.0,1,68.9,77.1,146.0,1,1,1,1
9066,1,0.999232,0.5,1,1,1.0,1,64.1,72.1,136.2,1,1,1,1
9067,3,0.989894,0.5,1,1,2.0,2,64.0,71.7,135.7,1,1,1,1
9068,2,0.989894,0.5,1,1,2.0,2,65.1,71.0,136.1,1,1,1,1
9069,0,0.0,0.5,0,0,,0,63.1,0.0,63.1,1,1,1,1
9070,0,0.0,0.5,0,0,,0,62.4,0.0,62.4,1,1,1,1
9071,1,1.0,0.5,1,1,1.0,1,62.9,71.1,134.0,1,1,1,1
9072,0,0.0,0.5,0,0,,0,63.2,0.0,63.2,1,1,1,1
9073,2,0.989894,0.5,1,1,3.0,3,63.6,72.9,136.5,1,1,1,1
9074,2,0.989894,0.5,1,1,3.0,3,65.2,70.5,135.7,1,1,1,1
9075,0,0.0,0.5,0,0,,0,65.0,0.0,65.0,1,1,1,1
9076,2,1.0,0.5,1,1,3.0,3,69.7,72.5,142.2,1,1,1,1
9077,3,0.989894,0.5,1,1,3.0,3,64.1,72.5,136.6,1,1,1,1
9078,3,0.989894,0.5,1,1,3.0,3,63.5,83.6,147.1,1,1,1,1
9079,2,1.0,0.5,1,1,3.0,3,69.8,71.6,141.4,1,1,1,1
9080,2,0.989894,0.5,1,1,3.0,3,63.2,69.8,133.0,1,1,1,1
9081,1,1.0,0.5,1,1,1.0,1,63.5,71.1,134.6,1,1,1,1
9082,3,0.999232,0.5,1,1,3.0,3,75.7,74.3,150.0,1,1,1,1
9083,3,0.989894,0.5,1,1,3.0,3,63.7,72.4,136.1,1,1,1,1
9084,1,1.0,0.5,1,1,1.0,1,62.1,70.2,132.3,1,1,1,1
9085,3,0.989894,0.5,1,1,3.0,3,63.0,83.3,146.3,1,1,1,1
9086,2,1.0,0.5,1,1,2.0,2,66.1,72.4,138.5,1,1,1,1
9087,0,0.0,0.5,0,0,,0,62.2,0.0,62.2,1,1,1,1
9088,0,0.0,0.5,0,0,,0,62.1,0.0,62.1,1,1,1,1
9089,2,0.999232,0.5,1,1,3.0,3,67.0,72.8,139.8,1,1,1,1
9090,2,0.989894,0.5,1,1,3.0,3,66.3,71.3,137.6,1,1,1,1
9091,0,0.0,0.5,0,0,,0,61.1,0.0,61.1,1,1,1,1
9092,0,0.0,0.5,0,0,,0,72.4,0.0,72.4,1,1,1,1
9093,1,1.0,0.5,1,1,1.0,1,62.2,69.7,131.9,1,1,1,1
9094,2,0.989894,0.5,1,1,3.0,3,61.4,68.9,130.3,1,1,1,1
9095,1,1.0,0.5,1,1,1.0,1,71.9,73.0,144.9,1,1,1,1
9096,3,0.989894,0.5,1,1,3.0,3,60.8,70.0,130.8,1,1,1,1
9097,0,0.0,0.5,0,0,,0,60.7,0.0,60.7,1,1,1,1
9098,0,0.0,0.5,0,0,,0,61.7,0.0,61.7,1,1,1,1
9099,0,0.0,0.5,0,0,,0,64.1,0.0,64.1,1,1,1,1
9100,2,1.0,0.5,1,1,2.0,2,61.6,67.8,129.4,1,1,1,1
9101,2,0.989894,0.5,1,1,3.0,3,62.9,75.0,137.9,1,1,1,1
9102,3,0.989894,0.5,1,1,2.0,2,65.6,71.1,136.7,1,1,1,1
9103,1,1.0,0.5,1,1,1.0,1,62.5,69.1,131.6,1,1,1,1
9104,1,0.997497,0.5,1,1,1.0,1,60.3,67.6,127.9,1,1,1,1
9105,3,0.989894,0.5,1,1,2.0,2,73.2,70.6,143.8,1,1,1,1
9106,3,0.999232,0.5,1,1,3.0,3,61.3,69.2,130.5,1,1,1,1
9107,0,0.0,0.5,0,0,,0,61.4,0.0,61.4,1,1,1,1
9108,1,0.989894,0.5,1,1,1.0,1,61.1,79.2,140.3,1,1,1,1
9109,1,1.0,0.5,1,1,1.0,1,62.6,71.3,133.9,1,1,1,1
9110,1,1.0,0.5,1,1,1.0,1,63.4,72.4,135.8,1,1,1,1
9111,2,0.989894,0.5,1,1,3.0,3,63.4,81.5,144.9,1,1,1,1
9112,2,1.0,0.5,1,1,3.0,3,68.7,74.7,143.4,1,1,1,1
9113,2,0.989894,0.5,1,1,3.0,3,67.0,72.6,139.6,1,1,1,1
9114,1,0.997497,0.5,1,1,1.0,1,65.1,76.0,141.1,1,1,1,1
9115,0,0.0,0.5,0,0,,0,77.0,0.0,77.0,1,1,1,1
9116,3,0.989894,0.5,1,1,2.0,2,67.7,76.4,144.1,1,1,1,1
9117,1,0.997497,0.5,1,1,1.0,1,70.3,78.7,149.0,1,1,1,1
9118,3,0.989894,0.5,1,1,3.0,3,80.5,85.8,166.3,1,1,1,1
9119,0,0.0,0.5,0,0,,0,73.9,0.0,73.9,1,1,1,1
9120,3,1.0,0.5,1,1,2.0,2,70.2,80.4,150.6,1,1,1,1
9121,3,0.989894,0.5,1,1,2.0,2,72.0,91.9,163.9,1,1,1,1
9122,2,0.989894,0.5,1,1,2.0,2,79.0,78.7,157.7,1,1,1,1
9123,2,0.999232,0.5,1,1,3.0,3,70.3,83.2,153.5,1,1,1,1
9124,3,0.989894,0.5,1,1,3.0,3,69.8,80.2,150.0,1,1,1,1
9125,0,0.0,0.5,0,0,,0,76.3,0.0,76.3,1,1,1,1
9126,0,0.0,0.5,0,0,,0,67.2,0.0,67.2,1,1,1,1
9127,2,0.999232,0.5,1,1,2.0,2,68.3,78.3,146.6,1,1,1,1
9128,3,0.989894,0.5,1,1,2.0,2,74.0,184.8,258.8,1,1,1,1
9129,1,0.997497,0.5,1,1,1.0,1,261.7,136.7,398.4,1,1,1,1
9130,2,0.999232,0.5,1,1,2.0,2,98.8,131.6,230.4,1,1,1,1
9131,0,0.177465,0.5,0,0,,0,96.6,0.0,96.6,1,1,1,1
9132,0,0.0,0.5,0,0,,0,73.7,0.0,73.7,1,1,1,1
9133,0,0.0,0.5,0,0,,0,66.2,0.0,66.2,1,1,1,1
9134,2,0.989894,0.5,1,1,2.0,2,62.1,72.1,134.2,1,1,1,1
9135,3,1.0,0.5,1,1,2.0,2,62.8,71.9,134.7,1,1,1,1
9136,3,0.989894,0.5,1,1,2.0,2,63.4,72.0,135.4,1,1,1,1
9137,2,0.999232,0.5,1,1,3.0,3,64.9,71.7,136.6,1,1,1,1
9138,0,0.0,0.5,0,0,,0,74.1,0.0,74.1,1,1,1,1
9139,3,0.989894,0.5,1,1,2.0,2,67.6,71.6,139.2,1,1,1,1
9140,0,0.0,0.5,0,0,,0,68.3,0.0,68.3,1,1,1,1
9141,3,1.0,0.5,1,1,3.0,3,65.1,76.6,141.7,1,1,1,1
9142,2,0.989894,0.5,1,1,3.0,3,66.5,75.3,141.8,1,1,1,1
9143,3,0.989894,0.5,1,1,2.0,2,66.0,77.2,143.2,1,1,1,1
9144,2,0.989894,0.5,1,1,3.0,3,64.6,76.2,140.8,1,1,1,1
9145,2,0.989894,0.5,1,1,3.0,3,69.4,76.2,145.6,1,1,1,1
9146,0,0.0,0.5,0,0,,0,70.8,0.0,70.8,1,1,1,1
9147,0,0.0,0.5,0,0,,0,68.4,0.0,68.4,1,1,1,1
9148,2,0.989894,0.5,1,1,3.0,3,71.5,80.2,151.7,1,1,1,1
9149,3,0.989894,0.5,1,1,2.0,2,72.4,81.1,153.5,1,1,1,1
9150,1,0.989894,0.5,1,1,1.0,1,70.1,84.4,154.5,1,1,1,1
9151,1,1.0,0.5,1,1,1.0,1,74.2,83.5,157.7,1,1,1,1
9152,2,0.989894,0.5,1,1,2.0,2,77.8,83.6,161.4,1,1,1,1
9153,0,0.177465,0.5,0,0,,0,77.5,0.0,77.5,1,1,1,1
9154,2,0.989894,0.5,1,1,3.0,3,78.0,91.0,169.0,1,1,1,1
9155,1,0.999232,0.5,1,1,1.0,1,78.8,90.2,169.0,1,1,1,1
9156,0,0.0,0.5,0,0,,0,76.6,0.0,76.6,1,1,1,1
9157,0,0.0,0.5,0,0,,0,87.7,0.0,87.7,1,1,1,1
9158,3,0.989894,0.5,1,1,2.0,2,85.3,96.3,181.6,1,1,1,1
9159,2,0.989894,0.5,1,1,3.0,3,83.9,119.9,203.8,1,1,1,1
9160,0,0.0,0.5,0,0,,0,98.1,0.0,98.1,1,1,1,1
9161,3,0.989894,0.5,1,1,1.0,1,105.9,143.9,249.8,1,1,1,1
9162,3,0.989894,0.5,1,1,3.0,3,103.4,120.1,223.5,1,1,1,1
9163,0,0.0,0.5,0,0,,0,100.9,0.0,100.9,1,1,1,1
9164,3,0.989894,0.5,1,1,2.0,2,61.6,68.1,129.7,1,1,1,1
9165,3,1.0,0.5,1,1,2.0,2,62.5,68.3,130.8,1,1,1,1
9166,0,0.0,0.5,0,0,,0,72.9,0.0,72.9,1,1,1,1
9167,1,1.0,0.5,1,1,1.0,1,62.9,69.9,132.8,1,1,1,1
9168,2,1.0,0.5,1,1,3.0,3,60.9,69.4,130.3,1,1,1,1
9169,3,0.999232,0.5,1,1,3.0,3,68.4,74.9,143.3,1,1,1,1
9170,3,0.989894,0.5,1,1,3.0,3,62.6,71.7,134.3,1,1,1,1
9171,3,0.989894,0.5,1,1,2.0,2,60.9,69.7,130.6,1,1,1,1
9172,0,0.0,0.5,0,0,,0,62.7,0.0,62.7,1,1,1,1
9173,0,0.0,0.5,0,0,,0,66.1,0.0,66.1,1,1,1,1
9174,1,1.0,0.5,1,1,1.0,1,61.8,156.3,218.1,1,1,1,1
9175,1,0.997497,0.5,1,1,1.0,1,83.4,75.3,158.7,1,1,1,1
9176,1,1.0,0.5,1,1,1.0,1,68.3,73.2,141.5,1,1,1,1
9177,2,0.989894,0.5,1,1,2.0,2,62.4,70.7,133.1,1,1,1,1
9178,0,0.177465,0.5,0,0,,0,61.5,0.0,61.5,1,1,1,1
9179,2,1.0,0.5,1,1,3.0,3,65.4,72.8,138.2,1,1,1,1
9180,1,0.177465,0.5,0,0,,0,63.3,0.0,63.3,1,1,1,1
9181,3,0.999232,0.5,1,1,3.0,3,62.1,69.6,131.7,1,1,1,1
9182,2,0.999232,0.5,1,1,2.0,2,60.9,69.9,130.8,1,1,1,1
9183,2,0.989894,0.5,1,1,3.0,3,60.0,71.1,131.1,1,1,1,1
9184,2,0.989894,0.5,1,1,2.0,2,61.9,68.8,130.7,1,1,1,1
9185,0,0.0,0.5,0,0,,0,61.6,0.0,61.6,1,1,1,1
9186,0,0.0,0.5,0,0,,0,75.8,0.0,75.8,1,1,1,1
9187,0,0.0,0.5,0,0,,0,63.5,0.0,63.5,1,1,1,1
9188,1,0.989894,0.5,1,1,1.0,1,59.9,67.9,127.8,1,1,1,1
9189,0,0.0,0.5,0,0,,0,60.6,0.0,60.6,1,1,1,1
9190,3,0.989894,0.5,1,1,2.0,2,63.7,69.8,133.5,1,1,1,1
9191,0,0.0,0.5,0,0,,0,61.8,0.0,61.8,1,1,1,1
9192,3,0.989894,0.5,1,1,3.0,3,61.4,78.7,140.1,1,1,1,1
9193,0,0.0,0.5,0,0,,0,68.5,0.0,68.5,1,1,1,1
9194,3,0.989894,0.5,1,1,3.0,3,61.0,70.9,131.9,1,1,1,1
9195,1,0.989894,0.5,1,1,1.0,1,60.5,71.1,131.6,1,1,1,1
9196,0,0.0,0.5,0,0,,0,74.3,0.0,74.3,1,1,1,1
9197,3,0.989894,0.5,1,1,2.0,2,63.9,68.3,132.2,1,1,1,1
9198,2,0.989894,0.5,1,1,2.0,2,61.1,68.5,129.6,1,1,1,1
9199,1,0.999232,0.5,1,1,1.0,1,67.9,75.6,143.5,1,1,1,1
9200,2,0.989894,0.5,1,1,3.0,3,64.7,69.6,134.3,1,1,1,1
9201,3,0.989894,0.5,1,1,2.0,2,62.0,69.1,131.1,1,1,1,1
9202,2,0.989894,0.5,1,1,2.0,2,61.4,77.8,139.2,1,1,1,1
9203,1,0.997497,0.5,1,1,1.0,1,66.7,70.5,137.2,1,1,1,1
9204,2,0.989894,0.5,1,1,3.0,3,61.7,68.7,130.4,1,1,1,1
9205,3,0.999232,0.5,1,1,3.0,3,61.1,68.7,129.8,1,1,1,1
9206,3,0.989894,0.5,1,1,2.0,2,72.3,69.0,141.3,1,1,1,1
9207,2,0.989894,0.5,1,1,3.0,3,61.3,69.2,130.5,1,1,1,1
9208,3,0.999232,0.5,1,1,2.0,2,61.2,67.6,128.8,1,1,1,1
9209,2,0.989894,0.5,1,1,2.0,2,69.7,72.5,142.2,1,1,1,1
9210,0,0.0,0.5,0,0,,0,63.8,0.0,63.8,1,1,1,1
9211,0,0.0,0.5,0,0,,0,61.6,0.0,61.6,1,1,1,1
9212,3,0.989894,0.5,1,1,2.0,2,61.4,80.2,141.6,1,1,1,1
9213,1,1.0,0.5,1,1,1.0,1,65.7,71.7,137.4,1,1,1,1
9214,0,0.0,0.5,0,0,,0,60.1,0.0,60.1,1,1,1,1
9215,3,0.999232,0.5,1,1,3.0,3,59.9,76.2,136.1,1,1,1,1
9216,3,1.0,0.5,1,1,3.0,3,65.8,70.8,136.6,1,1,1,1
9217,2,0.989894,0.5,1,1,2.0,2,62.8,68.7,131.5,1,1,1,1
9218,1,1.0,0.5,1,1,1.0,1,61.7,68.3,130.0,1,1,1,1
9219,3,0.989894,0.5,1,1,3.0,3,71.0,73.1,144.1,1,1,1,1
9220,3,0.989894,0.5,1,1,3.0,3,61.6,67.5,129.1,1,1,1,1
9221,0,0.0,0.5,0,0,,0,62.2,0.0,62.2,1,1,1,1
9222,2,0.989894,0.5,1,1,2.0,2,62.5,79.2,141.7,1,1,1,1
9223,0,0.0,0.5,0,0,,0,65.0,0.0,65.0,1,1,1,1
9224,2,1.0,0.5,1,1,2.0,2,61.2,67.0,128.2,1,1,1,1
9225,2,0.989894,0.5,1,1,2.0,2,61.1,76.8,137.9,1,1,1,1
9226,2,0.989894,0.5,1,1,3.0,3,66.6,70.0,136.6,1,1,1,1
9227,2,0.989894,0.5,1,1,3.0,3,61.3,68.6,129.9,1,1,1,1
9228,2,0.989894,0.5,1,1,3.0,3,60.3,68.0,128.3,1,1,1,1
9229,0,0.0,0.5,0,0,,0,72.0,0.0,72.0,1,1,1,1
9230,0,0.0,0.5,0,0,,0,63.9,0.0,63.9,1,1,1,1
9231,1,0.989894,0.5,1,1,1.0,1,61.0,70.4,131.4,1,1,1,1
9232,0,0.0,0.5,0,0,,0,68.9,0.0,68.9,1,1,1,1
9233,0,0.0,0.5,0,0,,0,65.0,0.0,65.0,1,1,1,1
9234,2,0.989894,0.5,1,1,2.0,2,60.6,69.3,129.9,1,1,1,1
9235,2,0.989894,0.5,1,1,2.0,2,59.5,79.3,138.8,1,1,1,1
9236,0,0.0,0.5,0,0,,0,64.9,0.0,64.9,1,1,1,1
9237,2,0.989894,0.5,1,1,2.0,2,61.7,68.8,130.5,1,1,1,1
9238,0,0.0,0.5,0,0,,0,61.5,0.0,61.5,1,1,1,1
9239,0,0.0,0.5,0,0,,0,170.4,0.0,170.4,1,1,1,1
9240,1,0.999232,0.5,1,1,1.0,1,155.6,106.5,262.1,1,1,1,1
9241,0,0.0,0.5,0,0,,0,81.4,0.0,81.4,1,1,1,1
9242,0,0.0,0.5,0,0,,0,94.5,0.0,94.5,1,1,1,1
9243,0,0.0,0.5,0,0,,0,77.2,0.0,77.2,1,1,1,1
9244,3,0.989894,0.5,1,1,2.0,2,68.3,76.5,144.8,1,1,1,1
9245,0,0.0,0.5,0,0,,0,82.4,0.0,82.4,1,1,1,1
9246,3,1.0,0.5,1,1,3.0,3,69.6,74.4,144.0,1,1,1,1
9247,2,0.989894,0.5,1,1,2.0,2,64.5,71.8,136.3,1,1,1,1
9248,0,0.0,0.5,0,0,,0,64.7,0.0,64.7,1,1,1,1
9249,2,0.989894,0.5,1,1,2.0,2,74.4,74.3,148.7,1,1,1,1
9250,1,1.0,0.5,1,1,1.0,1,65.2,72.8,138.0,1,1,1,1
9251,2,0.989894,0.5,1,1,3.0,3,62.4,85.7,148.1,1,1,1,1
9252,3,0.989894,0.5,1,1,3.0,3,67.2,73.4,140.6,1,1,1,1
9253,0,0.0,0.5,0,0,,0,63.7,0.0,63.7,1,1,1,1
9254,2,0.989894,0.5,1,1,3.0,3,65.0,77.3,142.3,1,1,1,1
9255,1,0.989894,0.5,1,1,2.0,2,68.8,74.6,143.4,1,1,1,1
9256,3,0.989894,0.5,1,1,2.0,2,72.8,73.5,146.3,1,1,1,1
9257,0,0.0,0.5,0,0,,0,65.0,0.0,65.0,1,1,1,1
9258,3,0.989894,0.5,1,1,2.0,2,78.9,75.5,154.4,1,1,1,1
9259,2,0.989894,0.5,1,1,2.0,2,65.7,72.4,138.1,1,1,1,1
9260,2,0.997497,0.5,1,1,2.0,2,63.2,70.9,134.1,1,1,1,1
9261,1,1.0,0.5,1,1,1.0,1,72.2,76.7,148.9,1,1,1,1
9262,0,0.0,0.5,0,0,,0,64.0,0.0,64.0,1,1,1,1
9263,2,0.989894,0.5,1,1,2.0,2,73.7,73.8,147.5,1,1,1,1
9264,3,0.989894,0.5,1,1,3.0,3,63.5,80.9,144.4,1,1,1,1
9265,3,0.989894,0.5,1,1,3.0,3,66.7,71.8,138.5,1,1,1,1
9266,0,0.0,0.5,0,0,,0,61.4,0.0,61.4,1,1,1,1
9267,0,0.0,0.5,0,0,,0,62.3,0.0,62.3,1,1,1,1
9268,3,0.989894,0.5,1,1,2.0,2,67.2,71.3,138.5,1,1,1,1
9269,0,0.177465,0.5,0,0,,0,64.1,0.0,64.1,1,1,1,1
9270,1,1.0,0.5,1,1,1.0,1,70.1,282.5,352.6,1,1,1,1
9271,3,0.989894,0.5,1,1,2.0,2,130.6,113.6,244.2,1,1,1,1
9272,0,0.0,0.5,0,0,,0,81.6,0.0,81.6,1,1,1,1
9273,1,1.0,0.5,1,1,1.0,1,76.1,82.4,158.5,1,1,1,1
9274,1,1.0,0.5,1,1,1.0,1,72.3,80.9,153.2,1,1,1,1
9275,0,0.0,0.5,0,0,,0,73.0,0.0,73.0,1,1,1,1
9276,3,0.989894,0.5,1,1,3.0,3,145.8,112.2,258.0,1,1,1,1
9277,2,0.989894,0.5,1,1,2.0,2,89.3,91.9,181.2,1,1,1,1
9278,1,0.997497,0.5,1,1,1.0,1,78.3,88.2,166.5,1,1,1,1
9279,3,0.989894,0.5,1,1,3.0,3,92.8,97.1,189.9,1,1,1,1
9280,2,0.999232,0.5,1,1,2.0,2,82.0,98.6,180.6,1,1,1,1
9281,2,0.989894,0.5,1,1,2.0,2,86.0,93.4,179.4,1,1,1,1
9282,1,0.989894,0.5,1,1,1.0,1,94.3,99.0,193.3,1,1,1,1
9283,0,0.0,0.5,0,0,,0,85.1,0.0,85.1,1,1,1,1
9284,1,1.0,0.5,1,1,1.0,1,83.6,94.4,178.0,1,1,1,1
9285,1,1.0,0.5,1,1,1.0,1,85.5,116.7,202.2,1,1,1,1
9286,0,0.0,0.5,0,0,,0,104.4,0.0,104.4,1,1,1,1
9287,0,0.0,0.5,0,0,,0,89.9,0.0,89.9,1,1,1,1
9288,2,0.989894,0.5,1,1,2.0,2,89.7,109.5,199.2,1,1,1,1
9289,3,0.989894,0.5,1,1,2.0,2,99.0,105.4,204.4,1,1,1,1
9290,2,0.997497,0.5,1,1,2.0,2,90.7,107.7,198.4,1,1,1,1
9291,1,0.997497,0.5,1,1,1.0,1,104.6,112.1,216.7,1,1,1,1
9292,0,0.0,0.5,0,0,,0,112.9,0.0,112.9,1,1,1,1
9293,1,0.989894,0.5,1,1,1.0,1,92.8,102.8,195.6,1,1,1,1
9294,2,1.0,0.5,1,1,2.0,2,92.6,100.1,192.7,1,1,1,1
9295,1,0.999232,0.5,1,1,1.0,1,106.4,111.1,217.5,1,1,1,1
9296,3,0.989894,0.5,1,1,2.0,2,89.0,95.4,184.4,1,1,1,1
9297,0,0.0,0.5,0,0,,0,89.9,0.0,89.9,1,1,1,1
9298,1,0.989894,0.5,1,1,1.0,1,81.9,107.5,189.4,1,1,1,1
9299,1,0.989894,0.5,1,1,1.0,1,85.9,93.8,179.7,1,1,1,1
9300,3,0.989894,0.5,1,1,3.0,3,77.3,88.5,165.8,1,1,1,1
9301,3,0.989894,0.5,1,1,2.0,2,85.5,99.6,185.1,1,1,1,1
9302,0,0.0,0.5,0,0,,0,79.0,0.0,79.0,1,1,1,1
9303,0,0.0,0.5,0,0,,0,75.1,0.0,75.1,1,1,1,1
9304,0,0.0,0.5,0,0,,0,73.7,0.0,73.7,1,1,1,1
9305,3,0.989894,0.5,1,1,3.0,3,81.8,82.6,164.4,1,1,1,1
9306,1,1.0,0.5,1,1,1.0,1,70.3,87.0,157.3,1,1,1,1
9307,3,0.989894,0.5,1,1,3.0,3,76.5,80.5,157.0,1,1,1,1
9308,2,0.989894,0.5,1,1,3.0,3,81.2,79.9,161.1,1,1,1,1
9309,0,0.0,0.5,0,0,,0,70.2,0.0,70.2,1,1,1,1
9310,2,0.989894,0.5,1,1,3.0,3,68.7,78.0,146.7,1,1,1,1
9311,0,0.989894,0.5,1,1,0.0,0,64.9,85.3,150.2,1,1,1,1
9312,2,0.989894,0.5,1,1,2.0,2,68.9,71.5,140.4,1,1,1,1
9313,1,0.999232,0.5,1,1,1.0,1,77.3,196.7,274.0,1,1,1,1
9314,1,0.997497,0.5,1,1,1.0,1,146.4,108.8,255.2,1,1,1,1
9315,0,0.0,0.5,0,0,,0,82.6,0.0,82.6,1,1,1,1
9316,2,1.0,0.5,1,1,2.0,2,71.5,76.7,148.2,1,1,1,1
9317,2,0.989894,0.5,1,1,3.0,3,68.8,73.8,142.6,1,1,1,1
9318,2,0.989894,0.5,1,1,2.0,2,66.2,73.1,139.3,1,1,1,1
9319,0,0.0,0.5,0,0,,0,64.9,0.0,64.9,1,1,1,1
9320,1,1.0,0.5,1,1,1.0,1,66.3,74.3,140.6,1,1,1,1
9321,1,0.999232,0.5,1,1,1.0,1,67.2,75.0,142.2,1,1,1,1
9322,2,0.989894,0.5,1,1,3.0,3,65.8,77.4,143.2,1,1,1,1
9323,0,0.0,0.5,0,0,,0,67.5,0.0,67.5,1,1,1,1
9324,3,0.989894,0.5,1,1,3.0,3,69.6,77.9,147.5,1,1,1,1
9325,3,0.989894,0.5,1,1,2.0,2,70.1,79.7,149.8,1,1,1,1
9326,1,1.0,0.5,1,1,1.0,1,70.2,81.4,151.6,1,1,1,1
9327,2,0.999232,0.5,1,1,2.0,2,94.3,88.7,183.0,1,1,1,1
9328,1,0.997497,0.5,1,1,1.0,1,75.7,84.6,160.3,1,1,1,1
9329,3,0.989894,0.5,1,1,3.0,3,75.4,88.0,163.4,1,1,1,1
9330,1,1.0,0.5,1,1,1.0,1,92.7,93.4,186.1,1,1,1,1
9331,1,0.989894,0.5,1,1,1.0,1,79.8,90.8,170.6,1,1,1,1
9332,1,1.0,0.5,1,1,1.0,1,80.0,270.7,350.7,1,1,1,1
9333,3,0.989894,0.5,1,1,3.0,3,106.8,98.7,205.5,1,1,1,1
9334,3,0.989894,0.5,1,1,2.0,2,86.6,522.5,609.1,1,1,1,1
9335,2,0.989894,0.5,1,1,2.0,2,203.0,141.8,344.8,1,1,1,1
9336,2,0.989894,0.5,1,1,3.0,3,107.6,112.2,219.8,1,1,1,1
9337,0,0.0,0.5,0,0,,0,94.7,0.0,94.7,1,1,1,1
9338,3,1.0,0.5,1,1,3.0,3,91.7,150.7,242.4,1,1,1,1
9339,1,0.989894,0.5,1,1,1.0,1,99.4,106.6,206.0,1,1,1,1
9340,1,0.997497,0.5,1,1,1.0,1,92.0,99.9,191.9,1,1,1,1
9341,2,0.999232,0.5,1,1,3.0,3,93.5,105.4,198.9,1,1,1,1
9342,0,0.0,0.5,0,0,,0,96.3,0.0,96.3,1,1,1,1
9343,2,1.0,0.5,1,1,2.0,2,99.9,112.7,212.6,1,1,1,1
9344,0,0.0,0.5,0,0,,0,98.9,0.0,98.9,1,1,1,1
9345,1,0.989894,0.5,1,1,2.0,2,99.3,112.3,211.6,1,1,1,1
9346,2,0.989894,0.5,1,1,3.0,3,97.6,111.4,209.0,1,1,1,1
9347,0,0.0,0.5,0,0,,0,97.8,0.0,97.8,1,1,1,1
9348,2,0.999232,0.5,1,1,3.0,3,97.6,108.0,205.6,1,1,1,1
9349,3,0.989894,0.5,1,1,3.0,3,94.7,107.4,202.1,1,1,1,1
9350,1,1.0,0.5,1,1,1.0,1,91.9,100.7,192.6,1,1,1,1
9351,3,1.0,0.5,1,1,3.0,3,94.7,100.2,194.9,1,1,1,1
9352,2,0.989894,0.5,1,1,2.0,2,87.9,98.1,186.0,1,1,1,1
9353,2,1.0,0.5,1,1,2.0,2,142.2,138.4,280.6,1,1,1,1
9354,2,0.989894,0.5,1,1,3.0,3,94.6,95.1,189.7,1,1,1,1
9355,2,0.989894,0.5,1,1,3.0,3,87.4,99.8,187.2,1,1,1,1
9356,0,0.0,0.5,0,0,,0,82.2,0.0,82.2,1,1,1,1
9357,2,1.0,0.5,1,1,3.0,3,84.4,88.8,173.2,1,1,1,1
9358,0,0.0,0.5,0,0,,0,79.3,0.0,79.3,1,1,1,1
9359,0,0.0,0.5,0,0,,0,82.5,0.0,82.5,1,1,1,1
9360,3,0.989894,0.5,1,1,2.0,2,78.6,85.1,163.7,1,1,1,1
9361,3,0.989894,0.5,1,1,2.0,2,74.6,79.7,154.3,1,1,1,1
9362,2,0.997497,0.5,1,1,2.0,2,71.0,80.8,151.8,1,1,1,1
9363,0,0.0,0.5,0,0,,0,90.7,0.0,90.7,1,1,1,1
9364,0,0.0,0.5,0,0,,0,70.8,0.0,70.8,1,1,1,1
9365,1,0.997497,0.5,1,1,1.0,1,70.0,78.0,148.0,1,1,1,1
9366,0,0.0,0.5,0,0,,0,68.1,0.0,68.1,1,1,1,1
9367,1,1.0,0.5,1,1,1.0,1,70.4,77.1,147.5,1,1,1,1
9368,3,0.989894,0.5,1,1,3.0,3,66.9,74.4,141.3,1,1,1,1
9369,1,0.999232,0.5,1,1,1.0,1,64.2,80.0,144.2,1,1,1,1
9370,0,0.0,0.5,0,0,,0,68.3,0.0,68.3,1,1,1,1
9371,2,0.999232,0.5,1,1,2.0,2,63.3,71.3,134.6,1,1,1,1
9372,0,0.0,0.5,0,0,,0,63.3,0.0,63.3,1,1,1,1
9373,2,0.989894,0.5,1,1,3.0,3,78.7,83.6,162.3,1,1,1,1
9374,0,0.0,0.5,0,0,,0,64.3,0.0,64.3,1,1,1,1
9375,2,0.989894,0.5,1,1,2.0,2,61.8,69.2,131.0,1,1,1,1
9376,3,0.989894,0.5,1,1,3.0,3,70.6,72.2,142.8,1,1,1,1
9377,2,0.989894,0.5,1,1,2.0,2,62.4,70.1,132.5,1,1,1,1
9378,0,0.0,0.5,0,0,,0,61.4,0.0,61.4,1,1,1,1
9379,1,1.0,0.5,1,1,1.0,1,61.7,81.0,142.7,1,1,1,1
9380,0,0.0,0.5,0,0,,0,63.2,0.0,63.2,1,1,1,1
9381,0,0.0,0.5,0,0,,0,60.9,0.0,60.9,1,1,1,1
9382,2,0.989894,0.5,1,1,3.0,3,60.7,67.3,128.0,1,1,1,1
9383,1,0.989894,0.5,1,1,1.0,1,74.4,73.2,147.6,1,1,1,1
9384,1,0.989894,0.5,1,1,1.0,1,61.6,70.5,132.1,1,1,1,1
9385,1,1.0,0.5,1,1,1.0,1,60.9,68.5,129.4,1,1,1,1
9386,1,0.177465,0.5,0,0,,0,72.6,0.0,72.6,1,1,1,1
9387,2,1.0,0.5,1,1,2.0,2,62.2,70.7,132.9,1,1,1,1
9388,2,0.989894,0.5,1,1,3.0,3,60.7,67.9,128.6,1,1,1,1
9389,0,0.0,0.5,0,0,,0,61.2,0.0,61.2,1,1,1,1
9390,1,1.0,0.5,1,1,1.0,1,63.8,68.8,132.6,1,1,1,1
9391,0,0.0,0.5,0,0,,0,61.1,0.0,61.1,1,1,1,1
9392,2,0.989894,0.5,1,1,2.0,2,59.4,77.7,137.1,1,1,1,1
9393,0,0.0,0.5,0,0,,0,65.3,0.0,65.3,1,1,1,1
9394,1,0.989894,0.5,1,1,1.0,1,61.2,68.2,129.4,1,1,1,1
9395,1,0.999232,0.5,1,1,1.0,1,61.3,70.0,131.3,1,1,1,1
9396,0,0.0,0.5,0,0,,0,72.8,0.0,72.8,1,1,1,1
9397,2,0.989894,0.5,1,1,3.0,3,61.6,69.4,131.0,1,1,1,1
9398,0,0.0,0.5,0,0,,0,61.3,0.0,61.3,1,1,1,1
9399,0,0.0,0.5,0,0,,0,59.8,0.0,59.8,1,1,1,1
9400,2,1.0,0.5,1,1,2.0,2,65.5,71.2,136.7,1,1,1,1
9401,1,0.997497,0.5,1,1,1.0,1,61.7,69.9,131.6,1,1,1,1
9402,3,0.989894,0.5,1,1,2.0,2,60.7,78.3,139.0,1,1,1,1
9403,0,0.989894,0.5,1,1,0.0,0,66.0,70.4,136.4,1,1,1,1
9404,1,1.0,0.5,1,1,1.0,1,61.5,69.2,130.7,1,1,1,1
9405,2,0.999232,0.5,1,1,2.0,2,61.3,69.1,130.4,1,1,1,1
9406,2,1.0,0.5,1,1,2.0,2,71.1,71.6,142.7,1,1,1,1
9407,2,0.997497,0.5,1,1,2.0,2,61.4,68.8,130.2,1,1,1,1
9408,3,0.999232,0.5,1,1,2.0,2,59.4,69.1,128.5,1,1,1,1
9409,3,0.989894,0.5,1,1,2.0,2,68.6,74.5,143.1,1,1,1,1
9410,2,1.0,0.5,1,1,3.0,3,63.2,69.0,132.2,1,1,1,1
9411,2,0.989894,0.5,1,1,3.0,3,61.2,69.4,130.6,1,1,1,1
9412,3,0.989894,0.5,1,1,3.0,3,60.3,78.3,138.6,1,1,1,1
9413,0,0.0,0.5,0,0,,0,64.4,0.0,64.4,1,1,1,1
9414,0,0.0,0.5,0,0,,0,60.8,0.0,60.8,1,1,1,1
9415,2,0.989894,0.5,1,1,2.0,2,62.5,70.2,132.7,1,1,1,1
9416,3,0.989894,0.5,1,1,2.0,2,72.2,71.4,143.6,1,1,1,1
9417,3,0.989894,0.5,1,1,3.0,3,63.2,68.3,131.5,1,1,1,1
9418,2,0.989894,0.5,1,1,3.0,3,60.2,69.6,129.8,1,1,1,1
9419,2,1.0,0.5,1,1,2.0,2,71.4,72.6,144.0,1,1,1,1
9420,0,0.0,0.5,0,0,,0,61.9,0.0,61.9,1,1,1,1
9421,3,0.989894,0.5,1,1,3.0,3,60.9,68.6,129.5,1,1,1,1
9422,2,0.989894,0.5,1,1,2.0,2,62.5,80.3,142.8,1,1,1,1
9423,1,0.997497,0.5,1,1,1.0,1,64.0,69.8,133.8,1,1,1,1
9424,0,0.0,0.5,0,0,,0,60.1,0.0,60.1,1,1,1,1
9425,0,0.0,0.5,0,0,,0,62.5,0.0,62.5,1,1,1,1
9426,0,0.0,0.5,0,0,,0,66.0,0.0,66.0,1,1,1,1
9427,0,0.989894,0.5,1,1,0.0,0,64.6,70.6,135.2,1,1,1,1
9428,2,0.989894,0.5,1,1,3.0,3,62.0,69.9,131.9,1,1,1,1
9429,3,0.989894,0.5,1,1,2.0,2,75.0,71.6,146.6,1,1,1,1
9430,0,0.0,0.5,0,0,,0,60.5,0.0,60.5,1,1,1,1
9431,0,0.0,0.5,0,0,,0,59.6,0.0,59.6,1,1,1,1
9432,2,1.0,0.5,1,1,2.0,2,70.0,232.4,302.4,1,1,1,1
9433,3,0.989894,0.5,1,1,3.0,3,336.9,218.1,555.0,1,1,1,1
9434,2,0.989894,0.5,1,1,2.0,2,178.7,104.4,283.1,1,1,1,1
9435,2,0.989894,0.5,1,1,2.0,2,76.6,78.0,154.6,1,1,1,1
9436,3,0.989894,0.5,1,1,2.0,2,71.6,80.5,152.1,1,1,1,1
9437,3,0.989894,0.5,1,1,2.0,2,68.5,73.7,142.2,1,1,1,1
9438,0,0.0,0.5,0,0,,0,62.7,0.0,62.7,1,1,1,1
9439,0,0.0,0.5,0,0,,0,63.3,0.0,63.3,1,1,1,1
9440,1,0.997497,0.5,1,1,1.0,1,61.8,70.5,132.3,1,1,1,1
9441,1,1.0,0.5,1,1,1.0,1,61.8,70.6,132.4,1,1,1,1
9442,2,0.989894,0.5,1,1,3.0,3,62.4,69.0,131.4,1,1,1,1
9443,0,0.0,0.5,0,0,,0,61.2,0.0,61.2,1,1,1,1
9444,3,0.989894,0.5,1,1,2.0,2,61.7,69.4,131.1,1,1,1,1
9445,2,0.989894,0.5,1,1,3.0,3,62.3,68.0,130.3,1,1,1,1
9446,1,0.997497,0.5,1,1,1.0,1,61.2,77.9,139.1,1,1,1,1
9447,3,0.989894,0.5,1,1,2.0,2,65.9,69.9,135.8,1,1,1,1
9448,2,0.989894,0.5,1,1,2.0,2,60.3,69.0,129.3,1,1,1,1
9449,2,0.989894,0.5,1,1,2.0,2,62.5,70.6,133.1,1,1,1,1
9450,2,0.989894,0.5,1,1,3.0,3,60.1,70.6,130.7,1,1,1,1
9451,1,0.997497,0.5,1,1,1.0,1,61.7,70.9,132.6,1,1,1,1
9452,0,0.0,0.5,0,0,,0,61.6,0.0,61.6,1,1,1,1
9453,3,0.989894,0.5,1,1,3.0,3,60.9,70.1,131.0,1,1,1,1
9454,0,0.0,0.5,0,0,,0,60.1,0.0,60.1,1,1,1,1
9455,3,0.989894,0.5,1,1,2.0,2,60.8,69.1,129.9,1,1,1,1
9456,1,0.989894,0.5,1,1,1.0,1,61.0,69.0,130.0,1,1,1,1
9457,2,0.989894,0.5,1,1,2.0,2,76.7,73.4,150.1,1,1,1,1
9458,0,0.0,0.5,0,0,,0,61.5,0.0,61.5,1,1,1,1
9459,2,0.989894,0.5,1,1,3.0,3,59.8,68.4,128.2,1,1,1,1
9460,0,0.0,0.5,0,0,,0,59.4,0.0,59.4,1,1,1,1
9461,0,0.0,0.5,0,0,,0,62.6,0.0,62.6,1,1,1,1
9462,2,1.0,0.5,1,1,2.0,2,63.1,68.7,131.8,1,1,1,1
9463,3,0.989894,0.5,1,1,3.0,3,62.2,86.8,149.0,1,1,1,1
9464,0,0.0,0.5,0,0,,0,64.0,0.0,64.0,1,1,1,1
9465,2,0.989894,0.5,1,1,2.0,2,60.7,69.5,130.2,1,1,1,1
9466,0,0.0,0.5,0,0,,0,61.6,0.0,61.6,1,1,1,1
9467,3,0.989894,0.5,1,1,2.0,2,66.8,70.6,137.4,1,1,1,1
9468,2,0.989894,0.5,1,1,3.0,3,62.2,69.0,131.2,1,1,1,1
9469,1,0.989894,0.5,1,1,1.0,1,61.7,69.1,130.8,1,1,1,1
9470,1,1.0,0.5,1,1,1.0,1,72.7,72.6,145.3,1,1,1,1
9471,3,0.989894,0.5,1,1,2.0,2,63.3,68.9,132.2,1,1,1,1
9472,3,1.0,0.5,1,1,2.0,2,59.9,69.2,129.1,1,1,1,1
9473,3,0.999232,0.5,1,1,2.0,2,62.3,81.3,143.6,1,1,1,1
9474,0,0.0,0.5,0,0,,0,63.9,0.0,63.9,1,1,1,1
9475,2,0.989894,0.5,1,1,3.0,3,60.7,71.5,132.2,1,1,1,1
9476,1,0.997497,0.5,1,1,1.0,1,59.4,77.5,136.9,1,1,1,1
9477,0,0.0,0.5,0,0,,0,66.6,0.0,66.6,1,1,1,1
9478,0,0.0,0.5,0,0,,0,61.1,0.0,61.1,1,1,1,1
9479,1,1.0,0.5,1,1,1.0,1,63.5,72.1,135.6,1,1,1,1
9480,3,1.0,0.5,1,1,3.0,3,72.4,72.1,144.5,1,1,1,1
9481,0,0.0,0.5,0,0,,0,62.9,0.0,62.9,1,1,1,1
9482,1,1.0,0.5,1,1,1.0,1,61.9,68.8,130.7,1,1,1,1
9483,0,0.0,0.5,0,0,,0,71.7,0.0,71.7,1,1,1,1
9484,3,0.989894,0.5,1,1,3.0,3,61.9,68.3,130.2,1,1,1,1
9485,3,0.989894,0.5,1,1,2.0,2,61.8,69.0,130.8,1,1,1,1
9486,1,0.997497,0.5,1,1,1.0,1,60.5,79.5,140.0,1,1,1,1
9487,1,1.0,0.5,1,1,1.0,1,64.0,71.4,135.4,1,1,1,1
9488,0,0.0,0.5,0,0,,0,61.0,0.0,61.0,1,1,1,1
9489,3,0.989894,0.5,1,1,3.0,3,60.4,75.4,135.8,1,1,1,1
9490,3,0.989894,0.5,1,1,2.0,2,65.1,71.5,136.6,1,1,1,1
9491,0,0.0,0.5,0,0,,0,61.2,0.0,61.2,1,1,1,1
9492,1,0.989894,0.5,1,1,1.0,1,59.9,67.2,127.1,1,1,1,1
9493,1,0.989894,0.5,1,1,1.0,1,71.8,72.9,144.7,1,1,1,1
9494,1,0.997497,0.5,1,1,1.0,1,61.7,70.4,132.1,1,1,1,1
9495,2,0.989894,0.5,1,1,3.0,3,60.9,69.6,130.5,1,1,1,1
9496,1,0.997497,0.5,1,1,1.0,1,60.2,80.3,140.5,1,1,1,1
9497,3,0.989894,0.5,1,1,3.0,3,63.8,71.0,134.8,1,1,1,1
9498,3,0.989894,0.5,1,1,3.0,3,60.5,70.3,130.8,1,1,1,1
9499,2,0.989894,0.5,1,1,3.0,3,60.6,77.4,138.0,1,1,1,1
9500,2,0.989894,0.5,1,1,3.0,3,66.9,71.0,137.9,1,1,1,1
9501,1,0.989894,0.5,1,1,1.0,1,62.5,69.1,131.6,1,1,1,1
9502,2,1.0,0.5,1,1,2.0,2,60.4,69.4,129.8,1,1,1,1
9503,0,0.0,0.5,0,0,,0,74.0,0.0,74.0,1,1,1,1
9504,0,0.0,0.5,0,0,,0,62.4,0.0,62.4,1,1,1,1
9505,2,0.989894,0.5,1,1,2.0,2,62.3,68.6,130.9,1,1,1,1
9506,3,0.989894,0.5,1,1,3.0,3,68.0,73.5,141.5,1,1,1,1
9507,3,0.989894,0.5,1,1,2.0,2,62.7,70.2,132.9,1,1,1,1
9508,0,0.0,0.5,0,0,,0,60.6,0.0,60.6,1,1,1,1
9509,0,0.0,0.5,0,0,,0,63.0,0.0,63.0,1,1,1,1
9510,0,0.0,0.5,0,0,,0,64.2,0.0,64.2,1,1,1,1
9511,0,0.0,0.5,0,0,,0,61.2,0.0,61.2,1,1,1,1
9512,3,0.989894,0.5,1,1,3.0,3,60.7,69.0,129.7,1,1,1,1
9513,2,0.989894,0.5,1,1,2.0,2,72.7,70.9,143.6,1,1,1,1
9514,3,1.0,0.5,1,1,2.0,2,62.8,68.0,130.8,1,1,1,1
9515,1,1.0,0.5,1,1,1.0,1,60.6,69.9,130.5,1,1,1,1
9516,3,1.0,0.5,1,1,3.0,3,71.5,71.5,143.0,1,1,1,1
9517,2,0.989894,0.5,1,1,3.0,3,63.9,69.6,133.5,1,1,1,1
9518,3,1.0,0.5,1,1,2.0,2,61.5,70.4,131.9,1,1,1,1
9519,0,0.0,0.5,0,0,,0,61.4,0.0,61.4,1,1,1,1
9520,2,0.989894,0.5,1,1,2.0,2,64.3,70.5,134.8,1,1,1,1
9521,0,0.0,0.5,0,0,,0,62.4,0.0,62.4,1,1,1,1
9522,1,0.989894,0.5,1,1,1.0,1,60.3,83.3,143.6,1,1,1,1
9523,1,1.0,0.5,1,1,1.0,1,66.5,85.9,152.4,1,1,1,1
9524,2,1.0,0.5,1,1,3.0,3,72.6,70.5,143.1,1,1,1,1
9525,0,0.0,0.5,0,0,,0,63.7,0.0,63.7,1,1,1,1
9526,2,0.989894,0.5,1,1,3.0,3,66.0,70.1,136.1,1,1,1,1
9527,2,0.989894,0.5,1,1,3.0,3,61.2,69.4,130.6,1,1,1,1
9528,2,0.989894,0.5,1,1,2.0,2,61.1,67.5,128.6,1,1,1,1
9529,0,0.0,0.5,0,0,,0,73.1,0.0,73.1,1,1,1,1
9530,0,0.0,0.5,0,0,,0,62.1,0.0,62.1,1,1,1,1
9531,3,0.989894,0.5,1,1,2.0,2,61.7,69.9,131.6,1,1,1,1
9532,2,0.989894,0.5,1,1,3.0,3,60.8,78.1,138.9,1,1,1,1
9533,3,0.989894,0.5,1,1,2.0,2,65.8,69.2,135.0,1,1,1,1
9534,2,0.989894,0.5,1,1,2.0,2,61.1,69.1,130.2,1,1,1,1
9535,2,0.989894,0.5,1,1,2.0,2,87.7,90.2,177.9,1,1,1,1
9536,1,0.999232,0.5,1,1,1.0,1,68.2,72.2,140.4,1,1,1,1
9537,1,0.999232,0.5,1,1,1.0,1,63.5,70.0,133.5,1,1,1,1
9538,0,0.0,0.5,0,0,,0,61.5,0.0,61.5,1,1,1,1
9539,0,0.0,0.5,0,0,,0,68.7,0.0,68.7,1,1,1,1
9540,0,0.0,0.5,0,0,,0,63.0,0.0,63.0,1,1,1,1
9541,0,0.0,0.5,0,0,,0,60.7,0.0,60.7,1,1,1,1
9542,3,0.989894,0.5,1,1,2.0,2,70.9,69.2,140.1,1,1,1,1
9543,1,1.0,0.5,1,1,1.0,1,60.8,69.5,130.3,1,1,1,1
9544,3,1.0,0.5,1,1,3.0,3,59.9,69.1,129.0,1,1,1,1
9545,2,0.989894,0.5,1,1,3.0,3,79.2,90.5,169.7,1,1,1,1
9546,0,0.0,0.5,0,0,,0,66.7,0.0,66.7,1,1,1,1
9547,3,0.999232,0.5,1,1,3.0,3,148.7,165.3,314.0,1,1,1,1
9548,1,0.989894,0.5,1,1,1.0,1,134.5,417.6,552.1,1,1,1,1
9549,3,0.989894,0.5,1,1,2.0,2,130.8,96.4,227.2,1,1,1,1
9550,3,0.989894,0.5,1,1,3.0,3,75.6,77.9,153.5,1,1,1,1
9551,3,0.989894,0.5,1,1,2.0,2,65.7,73.6,139.3,1,1,1,1
9552,3,0.999232,0.5,1,1,2.0,2,64.4,70.5,134.9,1,1,1,1
9553,0,0.0,0.5,0,0,,0,64.4,0.0,64.4,1,1,1,1
9554,2,0.989894,0.5,1,1,2.0,2,62.6,75.5,138.1,1,1,1,1
9555,0,0.0,0.5,0,0,,0,64.1,0.0,64.1,1,1,1,1
9556,2,0.989894,0.5,1,1,2.0,2,61.5,68.7,130.2,1,1,1,1
9557,3,0.989894,0.5,1,1,2.0,2,64.7,72.3,137.0,1,1,1,1
9558,2,0.989894,0.5,1,1,2.0,2,62.3,69.8,132.1,1,1,1,1
9559,1,0.989894,0.5,1,1,1.0,1,62.0,70.9,132.9,1,1,1,1
9560,1,1.0,0.5,1,1,1.0,1,61.6,69.5,131.1,1,1,1,1
9561,2,0.989894,0.5,1,1,3.0,3,62.0,69.7,131.7,1,1,1,1
9562,3,0.989894,0.5,1,1,2.0,2,87.5,80.9,168.4,1,1,1,1
9563,1,1.0,0.5,1,1,1.0,1,65.7,71.0,136.7,1,1,1,1
9564,2,1.0,0.5,1,1,2.0,2,61.6,69.6,131.2,1,1,1,1
9565,1,0.999232,0.5,1,1,1.0,1,61.8,68.6,130.4,1,1,1,1
9566,3,0.989894,0.5,1,1,2.0,2,61.1,68.1,129.2,1,1,1,1
9567,1,1.0,0.5,1,1,1.0,1,61.2,70.0,131.2,1,1,1,1
9568,2,1.0,0.5,1,1,3.0,3,61.3,69.8,131.1,1,1,1,1
9569,3,0.989894,0.5,1,1,3.0,3,67.3,70.8,138.1,1,1,1,1
9570,2,1.0,0.5,1,1,2.0,2,63.1,68.3,131.4,1,1,1,1
9571,3,0.989894,0.5,1,1,2.0,2,60.9,71.1,132.0,1,1,1,1
9572,3,0.989894,0.5,1,1,2.0,2,60.5,68.1,128.6,1,1,1,1
9573,0,0.177465,0.5,0,0,,0,60.8,0.0,60.8,1,1,1,1
9574,0,0.0,0.5,0,0,,0,60.7,0.0,60.7,1,1,1,1
9575,0,0.0,0.5,0,0,,0,60.4,0.0,60.4,1,1,1,1
9576,1,1.0,0.5,1,1,1.0,1,59.7,73.4,133.1,1,1,1,1
9577,0,0.0,0.5,0,0,,0,66.1,0.0,66.1,1,1,1,1
9578,2,1.0,0.5,1,1,3.0,3,72.8,73.0,145.8,1,1,1,1
9579,1,1.0,0.5,1,1,1.0,1,62.5,70.8,133.3,1,1,1,1
9580,2,0.989894,0.5,1,1,2.0,2,59.2,80.0,139.2,1,1,1,1
9581,3,0.989894,0.5,1,1,3.0,3,67.4,69.7,137.1,1,1,1,1
9582,0,0.0,0.5,0,0,,0,61.5,0.0,61.5,1,1,1,1
9583,2,0.989894,0.5,1,1,2.0,2,60.8,70.1,130.9,1,1,1,1
9584,0,0.0,0.5,0,0,,0,73.7,0.0,73.7,1,1,1,1
9585,0,0.0,0.5,0,0,,0,65.5,0.0,65.5,1,1,1,1
9586,0,0.0,0.5,0,0,,0,62.1,0.0,62.1,1,1,1,1
9587,0,0.0,0.5,0,0,,0,72.8,0.0,72.8,1,1,1,1
9588,1,1.0,0.5,1,1,1.0,1,62.1,70.6,132.7,1,1,1,1
9589,0,0.0,0.5,0,0,,0,61.4,0.0,61.4,1,1,1,1
9590,3,0.999232,0.5,1,1,3.0,3,60.4,80.3,140.7,1,1,1,1
9591,0,0.0,0.5,0,0,,0,63.3,0.0,63.3,1,1,1,1
9592,0,0.0,0.5,0,0,,0,62.2,0.0,62.2,1,1,1,1
9593,1,0.989894,0.5,1,1,1.0,1,62.3,77.2,139.5,1,1,1,1
9594,2,0.989894,0.5,1,1,2.0,2,65.9,70.9,136.8,1,1,1,1
9595,1,0.419355,0.5,0,0,,0,60.2,0.0,60.2,1,1,1,1
9596,3,0.989894,0.5,1,1,2.0,2,61.2,68.3,129.5,1,1,1,1
9597,0,0.0,0.5,0,0,,0,74.3,0.0,74.3,1,1,1,1
9598,1,1.0,0.5,1,1,1.0,1,61.4,69.0,130.4,1,1,1,1
9599,2,1.0,0.5,1,1,3.0,3,62.6,74.5,137.1,1,1,1,1
9600,1,0.989894,0.5,1,1,1.0,1,70.0,72.9,142.9,1,1,1,1
9601,0,0.0,0.5,0,0,,0,64.7,0.0,64.7,1,1,1,1
9602,3,0.989894,0.5,1,1,3.0,3,61.4,68.6,130.0,1,1,1,1
9603,2,0.989894,0.5,1,1,3.0,3,60.2,81.3,141.5,1,1,1,1
9604,0,0.0,0.5,0,0,,0,64.0,0.0,64.0,1,1,1,1
9605,0,0.0,0.5,0,0,,0,62.2,0.0,62.2,1,1,1,1
9606,2,1.0,0.5,1,1,3.0,3,60.7,78.4,139.1,1,1,1,1
9607,2,0.989894,0.5,1,1,3.0,3,67.7,73.8,141.5,1,1,1,1
9608,3,0.989894,0.5,1,1,3.0,3,61.9,68.7,130.6,1,1,1,1
9609,1,1.0,0.5,1,1,1.0,1,60.6,69.6,130.2,1,1,1,1
9610,0,0.0,0.5,0,0,,0,71.2,0.0,71.2,1,1,1,1
9611,2,0.989894,0.5,1,1,2.0,2,61.2,71.4,132.6,1,1,1,1
9612,0,0.0,0.5,0,0,,0,62.1,0.0,62.1,1,1,1,1
9613,2,0.989894,0.5,1,1,3.0,3,61.2,80.1,141.3,1,1,1,1
9614,1,1.0,0.5,1,1,1.0,1,69.4,70.8,140.2,1,1,1,1
9615,0,0.0,0.5,0,0,,0,61.3,0.0,61.3,1,1,1,1
9616,2,0.989894,0.5,1,1,2.0,2,60.9,77.8,138.7,1,1,1,1
9617,3,0.989894,0.5,1,1,3.0,3,66.3,69.8,136.1,1,1,1,1
9618,1,0.989894,0.5,1,1,1.0,1,61.6,67.8,129.4,1,1,1,1
9619,0,0.0,0.5,0,0,,0,61.0,0.0,61.0,1,1,1,1
9620,2,0.989894,0.5,1,1,3.0,3,72.0,71.0,143.0,1,1,1,1
9621,2,0.989894,0.5,1,1,3.0,3,65.9,70.7,136.6,1,1,1,1
9622,1,0.997497,0.5,1,1,1.0,1,60.5,67.9,128.4,1,1,1,1
9623,0,0.0,0.5,0,0,,0,70.9,0.0,70.9,1,1,1,1
9624,2,0.999232,0.5,1,1,2.0,2,62.6,69.0,131.6,1,1,1,1
9625,3,0.989894,0.5,1,1,2.0,2,62.2,71.3,133.5,1,1,1,1
9626,0,0.177465,0.5,0,0,,0,60.9,0.0,60.9,1,1,1,1
9627,2,0.989894,0.5,1,1,3.0,3,64.5,70.8,135.3,1,1,1,1
9628,3,0.989894,0.5,1,1,2.0,2,60.6,74.1,134.7,1,1,1,1
9629,0,0.0,0.5,0,0,,0,62.7,0.0,62.7,1,1,1,1
9630,2,0.989894,0.5,1,1,2.0,2,65.9,70.1,136.0,1,1,1,1
9631,0,0.0,0.5,0,0,,0,62.2,0.0,62.2,1,1,1,1
9632,2,0.989894,0.5,1,1,3.0,3,61.3,69.0,130.3,1,1,1,1
9633,2,0.989894,0.5,1,1,3.0,3,71.5,70.3,141.8,1,1,1,1
9634,2,0.989894,0.5,1,1,3.0,3,60.7,67.9,128.6,1,1,1,1
9635,3,0.989894,0.5,1,1,2.0,2,61.0,75.5,136.5,1,1,1,1
9636,1,1.0,0.5,1,1,1.0,1,63.3,78.8,142.1,1,1,1,1
9637,0,0.0,0.5,0,0,,0,65.4,0.0,65.4,1,1,1,1
9638,0,0.0,0.5,0,0,,0,62.3,0.0,62.3,1,1,1,1
9639,3,0.989894,0.5,1,1,3.0,3,61.5,77.3,138.8,1,1,1,1
9640,1,1.0,0.5,1,1,1.0,1,65.5,70.4,135.9,1,1,1,1
9641,0,0.0,0.5,0,0,,0,62.5,0.0,62.5,1,1,1,1
9642,3,0.989894,0.5,1,1,3.0,3,60.2,70.3,130.5,1,1,1,1
9643,2,0.989894,0.5,1,1,3.0,3,75.9,88.6,164.5,1,1,1,1
9644,2,0.989894,0.5,1,1,3.0,3,68.1,72.5,140.6,1,1,1,1
9645,3,0.989894,0.5,1,1,2.0,2,62.9,68.3,131.2,1,1,1,1
9646,0,0.0,0.5,0,0,,0,73.2,0.0,73.2,1,1,1,1
9647,3,0.989894,0.5,1,1,3.0,3,61.7,68.4,130.1,1,1,1,1
9648,2,0.989894,0.5,1,1,2.0,2,62.0,68.0,130.0,1,1,1,1
9649,2,0.989894,0.5,1,1,3.0,3,69.6,74.7,144.3,1,1,1,1
9650,2,0.989894,0.5,1,1,2.0,2,63.0,68.4,131.4,1,1,1,1
9651,0,0.0,0.5,0,0,,0,60.8,0.0,60.8,1,1,1,1
9652,0,0.0,0.5,0,0,,0,61.0,0.0,61.0,1,1,1,1
9653,3,0.989894,0.5,1,1,2.0,2,65.3,70.6,135.9,1,1,1,1
9654,3,0.989894,0.5,1,1,3.0,3,60.5,69.5,130.0,1,1,1,1
9655,3,0.989894,0.5,1,1,2.0,2,62.2,77.4,139.6,1,1,1,1
9656,0,0.0,0.5,0,0,,0,65.7,0.0,65.7,1,1,1,1
9657,3,1.0,0.5,1,1,2.0,2,62.3,67.6,129.9,1,1,1,1
9658,0,0.0,0.5,0,0,,0,62.9,0.0,62.9,1,1,1,1
9659,2,0.989894,0.5,1,1,3.0,3,73.0,224.1,297.1,1,1,1,1
9660,2,0.989894,0.5,1,1,3.0,3,328.2,319.9,648.1,1,1,1,1
9661,1,0.989894,0.5,1,1,1.0,1,123.8,101.2,225.0,1,1,1,1
9662,2,0.989894,0.5,1,1,2.0,2,81.9,89.5,171.4,1,1,1,1
9663,0,0.0,0.5,0,0,,0,88.0,0.0,88.0,1,1,1,1
9664,1,0.989894,0.5,1,1,1.0,1,66.4,71.7,138.1,1,1,1,1
9665,2,0.989894,0.5,1,1,3.0,3,63.5,71.5,135.0,1,1,1,1
9666,1,1.0,0.5,1,1,1.0,1,76.8,74.2,151.0,1,1,1,1
9667,2,0.989894,0.5,1,1,2.0,2,62.0,131.8,193.8,1,1,1,1
9668,3,0.989894,0.5,1,1,2.0,2,71.1,82.2,153.3,1,1,1,1
9669,1,0.177465,0.5,0,0,,0,69.6,0.0,69.6,1,1,1,1
9670,0,0.0,0.5,0,0,,0,61.7,0.0,61.7,1,1,1,1
9671,0,0.0,0.5,0,0,,0,61.2,0.0,61.2,1,1,1,1
9672,0,0.0,0.5,0,0,,0,73.0,0.0,73.0,1,1,1,1
9673,0,0.0,0.5,0,0,,0,65.9,0.0,65.9,1,1,1,1
9674,2,0.989894,0.5,1,1,3.0,3,61.3,69.7,131.0,1,1,1,1
9675,3,0.989894,0.5,1,1,2.0,2,70.9,75.2,146.1,1,1,1,1
9676,2,0.989894,0.5,1,1,3.0,3,62.3,69.1,131.4,1,1,1,1
9677,3,0.989894,0.5,1,1,3.0,3,62.3,69.2,131.5,1,1,1,1
9678,0,0.0,0.5,0,0,,0,63.4,0.0,63.4,1,1,1,1
9679,0,0.0,0.5,0,0,,0,64.8,0.0,64.8,1,1,1,1
9680,2,0.989894,0.5,1,1,2.0,2,62.3,69.0,131.3,1,1,1,1
9681,0,0.0,0.5,0,0,,0,61.9,0.0,61.9,1,1,1,1
9682,3,0.989894,0.5,1,1,2.0,2,66.5,69.7,136.2,1,1,1,1
9683,0,0.0,0.5,0,0,,0,61.2,0.0,61.2,1,1,1,1
9684,2,0.989894,0.5,1,1,3.0,3,60.8,69.6,130.4,1,1,1,1
9685,2,0.989894,0.5,1,1,3.0,3,73.7,72.4,146.1,1,1,1,1
9686,0,0.0,0.5,0,0,,0,62.3,0.0,62.3,1,1,1,1
9687,2,0.989894,0.5,1,1,3.0,3,60.2,69.4,129.6,1,1,1,1
9688,3,0.989894,0.5,1,1,3.0,3,62.4,79.7,142.1,1,1,1,1
9689,2,1.0,0.5,1,1,3.0,3,66.2,70.8,137.0,1,1,1,1
9690,0,0.0,0.5,0,0,,0,62.3,0.0,62.3,1,1,1,1
9691,2,0.989894,0.5,1,1,2.0,2,60.6,77.9,138.5,1,1,1,1
9692,1,0.989894,0.5,1,1,1.0,1,65.6,72.0,137.6,1,1,1,1
9693,0,0.0,0.5,0,0,,0,61.8,0.0,61.8,1,1,1,1
9694,2,0.989894,0.5,1,1,3.0,3,61.2,67.7,128.9,1,1,1,1
9695,0,0.0,0.5,0,0,,0,71.7,0.0,71.7,1,1,1,1
9696,2,0.989894,0.5,1,1,3.0,3,60.6,71.0,131.6,1,1,1,1
9697,0,0.0,0.5,0,0,,0,61.2,0.0,61.2,1,1,1,1
9698,1,1.0,0.5,1,1,1.0,1,66.8,74.9,141.7,1,1,1,1
9699,3,1.0,0.5,1,1,2.0,2,61.7,70.5,132.2,1,1,1,1
9700,3,0.989894,0.5,1,1,3.0,3,59.7,68.8,128.5,1,1,1,1
9701,3,0.989894,0.5,1,1,3.0,3,62.6,81.9,144.5,1,1,1,1
9702,2,0.989894,0.5,1,1,2.0,2,64.4,71.0,135.4,1,1,1,1
9703,3,0.989894,0.5,1,1,3.0,3,76.3,81.1,157.4,1,1,1,1
9704,2,0.997497,0.5,1,1,2.0,2,62.7,80.6,143.3,1,1,1,1
9705,1,0.999232,0.5,1,1,1.0,1,66.5,70.3,136.8,1,1,1,1
9706,0,0.989894,0.5,1,1,0.0,0,59.9,69.3,129.2,1,1,1,1
9707,1,0.989894,0.5,1,1,1.0,1,59.9,70.0,129.9,1,1,1,1
9708,1,1.0,0.5,1,1,1.0,1,72.6,70.9,143.5,1,1,1,1
9709,2,1.0,0.5,1,1,3.0,3,64.0,69.5,133.5,1,1,1,1
9710,2,1.0,0.5,1,1,2.0,2,61.9,68.8,130.7,1,1,1,1
9711,2,0.989894,0.5,1,1,3.0,3,69.6,73.3,142.9,1,1,1,1
9712,1,1.0,0.5,1,1,1.0,1,61.5,68.5,130.0,1,1,1,1
9713,3,1.0,0.5,1,1,3.0,3,62.3,68.6,130.9,1,1,1,1
9714,3,1.0,0.5,1,1,3.0,3,59.7,81.4,141.1,1,1,1,1
9715,2,1.0,0.5,1,1,3.0,3,64.1,70.0,134.1,1,1,1,1
9716,3,0.989894,0.5,1,1,2.0,2,61.6,81.0,142.6,1,1,1,1
9717,0,0.0,0.5,0,0,,0,64.7,0.0,64.7,1,1,1,1
9718,0,0.0,0.5,0,0,,0,66.7,0.0,66.7,1,1,1,1
9719,2,1.0,0.5,1,1,2.0,2,61.9,70.8,132.7,1,1,1,1
9720,2,0.989894,0.5,1,1,2.0,2,61.1,70.8,131.9,1,1,1,1
9721,1,1.0,0.5,1,1,1.0,1,74.1,72.3,146.4,1,1,1,1
9722,2,0.989894,0.5,1,1,3.0,3,62.1,71.1,133.2,1,1,1,1
9723,3,1.0,0.5,1,1,3.0,3,60.7,69.7,130.4,1,1,1,1
9724,2,0.989894,0.5,1,1,3.0,3,70.1,72.6,142.7,1,1,1,1
9725,0,0.0,0.5,0,0,,0,62.7,0.0,62.7,1,1,1,1
9726,3,0.989894,0.5,1,1,2.0,2,60.4,70.3,130.7,1,1,1,1
9727,0,0.177465,0.5,0,0,,0,61.0,0.0,61.0,1,1,1,1
9728,3,0.989894,0.5,1,1,2.0,2,63.5,69.0,132.5,1,1,1,1
9729,0,0.0,0.5,0,0,,0,62.4,0.0,62.4,1,1,1,1
9730,0,0.0,0.5,0,0,,0,61.2,0.0,61.2,1,1,1,1
9731,1,0.989894,0.5,1,1,1.0,1,66.0,71.6,137.6,1,1,1,1
9732,0,0.0,0.5,0,0,,0,61.1,0.0,61.1,1,1,1,1
9733,0,0.0,0.5,0,0,,0,61.6,0.0,61.6,1,1,1,1
9734,3,0.989894,0.5,1,1,2.0,2,69.1,72.9,142.0,1,1,1,1
9735,3,0.989894,0.5,1,1,2.0,2,61.4,68.5,129.9,1,1,1,1
9736,0,0.0,0.5,0,0,,0,59.2,0.0,59.2,1,1,1,1
9737,2,0.999232,0.5,1,1,2.0,2,62.0,81.0,143.0,1,1,1,1
9738,0,0.0,0.5,0,0,,0,65.2,0.0,65.2,1,1,1,1
9739,1,0.999232,0.5,1,1,1.0,1,64.8,71.1,135.9,1,1,1,1
9740,1,0.989894,0.5,1,1,1.0,1,61.7,77.8,139.5,1,1,1,1
9741,2,1.0,0.5,1,1,3.0,3,64.9,70.4,135.3,1,1,1,1
9742,0,0.0,0.5,0,0,,0,62.2,0.0,62.2,1,1,1,1
9743,3,0.989894,0.5,1,1,2.0,2,63.4,69.4,132.8,1,1,1,1
9744,2,0.999232,0.5,1,1,2.0,2,71.9,71.6,143.5,1,1,1,1
9745,3,0.989894,0.5,1,1,3.0,3,63.1,68.8,131.9,1,1,1,1
9746,2,0.989894,0.5,1,1,2.0,2,60.3,67.5,127.8,1,1,1,1
9747,1,0.999232,0.5,1,1,1.0,1,68.1,75.7,143.8,1,1,1,1
9748,0,0.0,0.5,0,0,,0,62.2,0.0,62.2,1,1,1,1
9749,0,0.0,0.5,0,0,,0,62.0,0.0,62.0,1,1,1,1
9750,2,0.989894,0.5,1,1,3.0,3,59.7,79.3,139.0,1,1,1,1
9751,3,1.0,0.5,1,1,3.0,3,65.3,70.0,135.3,1,1,1,1
9752,1,0.989894,0.5,1,1,1.0,1,63.0,70.3,133.3,1,1,1,1
9753,2,0.989894,0.5,1,1,2.0,2,121.7,86.1,207.8,1,1,1,1
9754,0,0.0,0.5,0,0,,0,67.2,0.0,67.2,1,1,1,1
9755,3,0.999232,0.5,1,1,2.0,2,63.1,70.3,133.4,1,1,1,1
9756,0,0.0,0.5,0,0,,0,61.3,0.0,61.3,1,1,1,1
9757,0,0.0,0.5,0,0,,0,66.4,0.0,66.4,1,1,1,1
9758,3,0.989894,0.5,1,1,3.0,3,61.9,68.6,130.5,1,1,1,1
9759,1,1.0,0.5,1,1,1.0,1,61.1,69.0,130.1,1,1,1,1
9760,2,0.997497,0.5,1,1,2.0,2,71.9,71.0,142.9,1,1,1,1
9761,1,1.0,0.5,1,1,1.0,1,62.5,69.2,131.7,1,1,1,1
9762,0,0.0,0.5,0,0,,0,59.5,0.0,59.5,1,1,1,1
9763,3,0.999232,0.5,1,1,3.0,3,69.9,75.3,145.2,1,1,1,1
9764,3,1.0,0.5,1,1,2.0,2,61.4,68.3,129.7,1,1,1,1
9765,1,0.999232,0.5,1,1,1.0,1,61.4,70.5,131.9,1,1,1,1
9766,2,0.989894,0.5,1,1,2.0,2,61.6,78.8,140.4,1,1,1,1
9767,3,0.989894,0.5,1,1,3.0,3,64.2,70.1,134.3,1,1,1,1
9768,1,1.0,0.5,1,1,1.0,1,60.6,68.6,129.2,1,1,1,1
9769,2,0.989894,0.5,1,1,3.0,3,61.6,68.3,129.9,1,1,1,1
9770,0,0.0,0.5,0,0,,0,65.6,0.0,65.6,1,1,1,1
9771,2,0.989894,0.5,1,1,3.0,3,65.4,265.1,330.5,1,1,1,1
9772,0,0.0,0.5,0,0,,0,147.0,0.0,147.0,1,1,1,1
9773,1,1.0,0.5,1,1,1.0,1,151.3,211.0,362.3,1,1,1,1
9774,1,0.989894,0.5,1,1,1.0,1,200.6,194.1,394.7,1,1,1,1
9775,3,0.989894,0.5,1,1,2.0,2,148.0,109.0,257.0,1,1,1,1
9776,2,0.989894,0.5,1,1,2.0,2,83.0,80.4,163.4,1,1,1,1
9777,1,1.0,0.5,1,1,1.0,1,69.0,75.5,144.5,1,1,1,1
9778,2,0.999232,0.5,1,1,2.0,2,64.7,71.9,136.6,1,1,1,1
9779,1,0.989894,0.5,1,1,1.0,1,63.3,71.9,135.2,1,1,1,1
9780,0,0.0,0.5,0,0,,0,63.4,0.0,63.4,1,1,1,1
9781,2,0.989894,0.5,1,1,2.0,2,63.1,70.7,133.8,1,1,1,1
9782,3,0.989894,0.5,1,1,3.0,3,72.1,73.4,145.5,1,1,1,1
9783,2,0.989894,0.5,1,1,2.0,2,61.6,72.7,134.3,1,1,1,1
9784,3,0.989894,0.5,1,1,3.0,3,61.8,71.4,133.2,1,1,1,1
9785,0,0.0,0.5,0,0,,0,63.2,0.0,63.2,1,1,1,1
9786,0,0.0,0.5,0,0,,0,61.0,0.0,61.0,1,1,1,1
9787,1,0.999232,0.5,1,1,1.0,1,61.8,70.3,132.1,1,1,1,1
9788,2,0.989894,0.5,1,1,3.0,3,61.1,67.0,128.1,1,1,1,1
9789,2,0.989894,0.5,1,1,3.0,3,61.5,74.5,136.0,1,1,1,1
9790,0,0.0,0.5,0,0,,0,60.9,0.0,60.9,1,1,1,1
9791,3,0.999232,0.5,1,1,2.0,2,60.8,68.6,129.4,1,1,1,1
9792,2,0.989894,0.5,1,1,2.0,2,61.0,67.9,128.9,1,1,1,1
9793,1,1.0,0.5,1,1,1.0,1,62.8,68.6,131.4,1,1,1,1
9794,3,0.989894,0.5,1,1,2.0,2,62.2,70.4,132.6,1,1,1,1
9795,3,0.989894,0.5,1,1,3.0,3,62.1,69.6,131.7,1,1,1,1
9796,3,0.989894,0.5,1,1,2.0,2,61.4,72.3,133.7,1,1,1,1
9797,1,0.989894,0.5,1,1,1.0,1,64.0,67.7,131.7,1,1,1,1
9798,0,0.177465,0.5,0,0,,0,60.3,0.0,60.3,1,1,1,1
9799,0,0.0,0.5,0,0,,0,59.7,0.0,59.7,1,1,1,1
9800,1,1.0,0.5,1,1,1.0,1,61.2,81.4,142.6,1,1,1,1
9801,1,1.0,0.5,1,1,1.0,1,68.9,70.7,139.6,1,1,1,1
9802,3,0.989894,0.5,1,1,3.0,3,61.2,70.4,131.6,1,1,1,1
9803,0,0.0,0.5,0,0,,0,60.8,0.0,60.8,1,1,1,1
9804,3,0.989894,0.5,1,1,3.0,3,81.5,74.1,155.6,1,1,1,1
9805,0,0.0,0.5,0,0,,0,64.8,0.0,64.8,1,1,1,1
9806,2,0.989894,0.5,1,1,3.0,3,62.7,69.6,132.3,1,1,1,1
9807,2,0.999232,0.5,1,1,3.0,3,73.1,74.0,147.1,1,1,1,1
9808,3,0.989894,0.5,1,1,3.0,3,62.7,69.4,132.1,1,1,1,1
9809,0,0.0,0.5,0,0,,0,61.5,0.0,61.5,1,1,1,1
9810,1,1.0,0.5,1,1,1.0,1,61.4,81.1,142.5,1,1,1,1
9811,2,0.989894,0.5,1,1,3.0,3,70.9,72.1,143.0,1,1,1,1
9812,0,0.0,0.5,0,0,,0,62.3,0.0,62.3,1,1,1,1
9813,3,0.999232,0.5,1,1,2.0,2,61.8,79.8,141.6,1,1,1,1
9814,3,1.0,0.5,1,1,2.0,2,66.8,70.8,137.6,1,1,1,1
9815,2,0.989894,0.5,1,1,2.0,2,62.0,69.4,131.4,1,1,1,1
9816,2,1.0,0.5,1,1,3.0,3,62.6,69.0,131.6,1,1,1,1
9817,3,1.0,0.5,1,1,2.0,2,74.1,71.7,145.8,1,1,1,1
9818,0,0.0,0.5,0,0,,0,66.8,0.0,66.8,1,1,1,1
9819,2,0.989894,0.5,1,1,2.0,2,60.4,72.0,132.4,1,1,1,1
9820,0,0.0,0.5,0,0,,0,72.0,0.0,72.0,1,1,1,1
9821,0,0.0,0.5,0,0,,0,62.0,0.0,62.0,1,1,1,1
9822,0,0.0,0.5,0,0,,0,60.7,0.0,60.7,1,1,1,1
9823,1,0.997497,0.5,1,1,1.0,1,60.0,89.8,149.8,1,1,1,1
9824,3,0.989894,0.5,1,1,2.0,2,64.2,81.2,145.4,1,1,1,1
9825,1,0.989894,0.5,1,1,1.0,1,69.3,71.4,140.7,1,1,1,1
9826,0,0.0,0.5,0,0,,0,62.2,0.0,62.2,1,1,1,1
9827,3,0.989894,0.5,1,1,2.0,2,65.4,70.5,135.9,1,1,1,1
9828,1,0.989894,0.5,1,1,1.0,1,61.0,68.4,129.4,1,1,1,1
9829,0,0.0,0.5,0,0,,0,61.9,0.0,61.9,1,1,1,1
9830,3,0.989894,0.5,1,1,2.0,2,72.3,71.5,143.8,1,1,1,1
9831,2,0.997497,0.5,1,1,2.0,2,61.9,70.0,131.9,1,1,1,1
9832,2,0.989894,0.5,1,1,3.0,3,60.4,73.8,134.2,1,1,1,1
9833,2,1.0,0.5,1,1,3.0,3,73.5,72.2,145.7,1,1,1,1
9834,2,0.989894,0.5,1,1,3.0,3,62.3,68.2,130.5,1,1,1,1
9835,1,0.999232,0.5,1,1,1.0,1,60.8,70.3,131.1,1,1,1,1
9836,3,0.989894,0.5,1,1,3.0,3,60.0,80.0,140.0,1,1,1,1
9837,2,0.989894,0.5,1,1,2.0,2,64.8,70.2,135.0,1,1,1,1
9838,3,0.989894,0.5,1,1,1.0,1,60.0,68.7,128.7,1,1,1,1
9839,0,0.0,0.5,0,0,,0,61.8,0.0,61.8,1,1,1,1
9840,0,0.0,0.5,0,0,,0,67.4,0.0,67.4,1,1,1,1
9841,1,1.0,0.5,1,1,1.0,1,63.9,80.0,143.9,1,1,1,1
9842,3,0.989894,0.5,1,1,2.0,2,63.7,79.6,143.3,1,1,1,1
9843,2,0.989894,0.5,1,1,3.0,3,67.7,72.0,139.7,1,1,1,1
9844,3,0.989894,0.5,1,1,3.0,3,62.0,68.6,130.6,1,1,1,1
9845,1,0.999232,0.5,1,1,1.0,1,61.7,69.7,131.4,1,1,1,1
9846,0,0.177465,0.5,0,0,,0,73.4,0.0,73.4,1,1,1,1
9847,0,0.0,0.5,0,0,,0,61.7,0.0,61.7,1,1,1,1
9848,0,0.0,0.5,0,0,,0,61.1,0.0,61.1,1,1,1,1
9849,2,0.989894,0.5,1,1,2.0,2,70.9,74.0,144.9,1,1,1,1
9850,0,0.0,0.5,0,0,,0,62.2,0.0,62.2,1,1,1,1
9851,0,0.0,0.5,0,0,,0,62.1,0.0,62.1,1,1,1,1
9852,3,1.0,0.5,1,1,3.0,3,60.9,81.5,142.4,1,1,1,1
9853,1,1.0,0.5,1,1,1.0,1,65.1,68.3,133.4,1,1,1,1
9854,0,0.0,0.5,0,0,,0,60.3,0.0,60.3,1,1,1,1
9855,2,0.989894,0.5,1,1,3.0,3,59.5,81.8,141.3,1,1,1,1
9856,2,0.989894,0.5,1,1,2.0,2,68.3,71.9,140.2,1,1,1,1
9857,0,0.0,0.5,0,0,,0,62.4,0.0,62.4,1,1,1,1
9858,1,1.0,0.5,1,1,1.0,1,61.1,69.2,130.3,1,1,1,1
9859,1,1.0,0.5,1,1,1.0,1,73.3,70.9,144.2,1,1,1,1
9860,2,0.989894,0.5,1,1,2.0,2,61.6,68.6,130.2,1,1,1,1
9861,0,0.0,0.5,0,0,,0,62.8,0.0,62.8,1,1,1,1
9862,2,1.0,0.5,1,1,2.0,2,61.5,79.7,141.2,1,1,1,1
9863,1,1.0,0.5,1,1,1.0,1,67.0,71.9,138.9,1,1,1,1
9864,3,0.989894,0.5,1,1,2.0,2,61.4,67.5,128.9,1,1,1,1
9865,1,1.0,0.5,1,1,1.0,1,60.2,78.2,138.4,1,1,1,1
9866,1,0.989894,0.5,1,1,1.0,1,65.6,70.1,135.7,1,1,1,1
9867,2,0.989894,0.5,1,1,2.0,2,61.4,70.4,131.8,1,1,1,1
9868,3,0.989894,0.5,1,1,3.0,3,61.4,70.8,132.2,1,1,1,1
9869,3,0.989894,0.5,1,1,3.0,3,73.9,72.6,146.5,1,1,1,1
9870,2,0.989894,0.5,1,1,3.0,3,66.9,69.7,136.6,1,1,1,1
9871,0,0.0,0.5,0,0,,0,59.6,0.0,59.6,1,1,1,1
9872,1,1.0,0.5,1,1,1.0,1,71.8,72.8,144.6,1,1,1,1
9873,0,0.0,0.5,0,0,,0,62.7,0.0,62.7,1,1,1,1
9874,1,1.0,0.5,1,1,1.0,1,60.8,68.4,129.2,1,1,1,1
9875,1,0.989894,0.5,1,1,1.0,1,60.9,79.8,140.7,1,1,1,1
9876,2,0.989894,0.5,1,1,3.0,3,64.7,67.9,132.6,1,1,1,1
9877,3,1.0,0.5,1,1,3.0,3,65.2,71.1,136.3,1,1,1,1
9878,1,1.0,0.5,1,1,1.0,1,60.0,77.7,137.7,1,1,1,1
9879,1,1.0,0.5,1,1,1.0,1,65.2,71.8,137.0,1,1,1,1
9880,2,0.999232,0.5,1,1,3.0,3,61.4,68.4,129.8,1,1,1,1
9881,3,0.989894,0.5,1,1,2.0,2,60.0,69.2,129.2,1,1,1,1
9882,1,0.989894,0.5,1,1,1.0,1,72.8,71.7,144.5,1,1,1,1
9883,2,0.999232,0.5,1,1,2.0,2,61.0,137.9,198.9,1,1,1,1
9884,1,1.0,0.5,1,1,1.0,1,304.0,213.8,517.8,1,1,1,1
9885,2,0.989894,0.5,1,1,3.0,3,138.3,194.5,332.8,1,1,1,1
9886,1,1.0,0.5,1,1,1.0,1,216.2,132.3,348.5,1,1,1,1
9887,0,0.0,0.5,0,0,,0,88.8,0.0,88.8,1,1,1,1
9888,3,0.989894,0.5,1,1,2.0,2,72.5,78.0,150.5,1,1,1,1
9889,3,0.989894,0.5,1,1,3.0,3,69.7,73.2,142.9,1,1,1,1
9890,3,0.989894,0.5,1,1,3.0,3,62.7,69.9,132.6,1,1,1,1
9891,3,0.999232,0.5,1,1,2.0,2,63.0,72.4,135.4,1,1,1,1
9892,3,0.989894,0.5,1,1,3.0,3,61.5,68.8,130.3,1,1,1,1
9893,2,0.989894,0.5,1,1,2.0,2,63.2,69.4,132.6,1,1,1,1
9894,1,0.989894,0.5,1,1,1.0,1,60.6,69.3,129.9,1,1,1,1
9895,1,0.997497,0.5,1,1,1.0,1,61.7,70.4,132.1,1,1,1,1
9896,0,0.0,0.5,0,0,,0,61.3,0.0,61.3,1,1,1,1
9897,3,0.999232,0.5,1,1,3.0,3,61.1,69.2,130.3,1,1,1,1
9898,1,1.0,0.5,1,1,1.0,1,61.9,69.0,130.9,1,1,1,1
9899,1,0.997497,0.5,1,1,1.0,1,63.9,70.5,134.4,1,1,1,1
9900,2,0.989894,0.5,1,1,2.0,2,61.0,68.4,129.4,1,1,1,1
9901,2,0.989894,0.5,1,1,3.0,3,61.1,70.4,131.5,1,1,1,1
9902,3,0.989894,0.5,1,1,2.0,2,60.4,68.1,128.5,1,1,1,1
9903,0,0.0,0.5,0,0,,0,59.8,0.0,59.8,1,1,1,1
9904,3,0.989894,0.5,1,1,2.0,2,60.8,87.4,148.2,1,1,1,1
9905,2,0.989894,0.5,1,1,3.0,3,65.9,70.1,136.0,1,1,1,1
9906,2,1.0,0.5,1,1,2.0,2,61.3,67.9,129.2,1,1,1,1
9907,3,0.989894,0.5,1,1,2.0,2,71.9,96.9,168.8,1,1,1,1
9908,0,0.0,0.5,0,0,,0,66.8,0.0,66.8,1,1,1,1
9909,2,0.989894,0.5,1,1,3.0,3,61.5,71.5,133.0,1,1,1,1
9910,0,0.0,0.5,0,0,,0,61.5,0.0,61.5,1,1,1,1
9911,3,0.989894,0.5,1,1,2.0,2,67.6,71.7,139.3,1,1,1,1
9912,2,0.989894,0.5,1,1,3.0,3,61.7,70.4,132.1,1,1,1,1
9913,3,0.989894,0.5,1,1,3.0,3,63.6,69.5,133.1,1,1,1,1
9914,2,0.989894,0.5,1,1,3.0,3,75.6,73.4,149.0,1,1,1,1
9915,3,0.989894,0.5,1,1,3.0,3,61.6,70.3,131.9,1,1,1,1
9916,1,1.0,0.5,1,1,1.0,1,61.4,68.8,130.2,1,1,1,1
9917,2,0.989894,0.5,1,1,3.0,3,71.6,74.0,145.6,1,1,1,1
9918,2,0.989894,0.5,1,1,2.0,2,62.6,68.7,131.3,1,1,1,1
9919,0,0.0,0.5,0,0,,0,61.2,0.0,61.2,1,1,1,1
9920,0,0.0,0.5,0,0,,0,60.2,0.0,60.2,1,1,1,1
9921,0,0.0,0.5,0,0,,0,65.2,0.0,65.2,1,1,1,1
9922,2,0.989894,0.5,1,1,2.0,2,61.7,67.8,129.5,1,1,1,1
9923,2,0.989894,0.5,1,1,3.0,3,61.1,69.8,130.9,1,1,1,1
9924,1,1.0,0.5,1,1,1.0,1,67.0,71.2,138.2,1,1,1,1
9925,1,1.0,0.5,1,1,1.0,1,62.1,70.5,132.6,1,1,1,1
9926,1,0.999232,0.5,1,1,1.0,1,62.5,69.1,131.6,1,1,1,1
9927,1,1.0,0.5,1,1,1.0,1,73.0,73.0,146.0,1,1,1,1
9928,0,0.0,0.5,0,0,,0,62.1,0.0,62.1,1,1,1,1
9929,1,1.0,0.5,1,1,1.0,1,62.6,68.6,131.2,1,1,1,1
9930,0,0.0,0.5,0,0,,0,60.0,0.0,60.0,1,1,1,1
9931,1,1.0,0.5,1,1,1.0,1,63.7,69.6,133.3,1,1,1,1
9932,2,0.989894,0.5,1,1,2.0,2,61.3,68.9,130.2,1,1,1,1
9933,2,0.989894,0.5,1,1,2.0,2,61.6,78.1,139.7,1,1,1,1
9934,2,0.999232,0.5,1,1,2.0,2,66.6,68.6,135.2,1,1,1,1
9935,1,1.0,0.5,1,1,1.0,1,61.3,70.9,132.2,1,1,1,1
9936,2,0.989894,0.5,1,1,3.0,3,61.3,101.7,163.0,1,1,1,1
9937,3,0.989894,0.5,1,1,2.0,2,76.3,70.8,147.1,1,1,1,1
9938,0,0.0,0.5,0,0,,0,62.4,0.0,62.4,1,1,1,1
9939,3,0.989894,0.5,1,1,3.0,3,60.8,71.9,132.7,1,1,1,1
9940,1,0.999232,0.5,1,1,1.0,1,71.3,74.8,146.1,1,1,1,1
9941,2,0.989894,0.5,1,1,3.0,3,64.5,70.6,135.1,1,1,1,1
9942,0,0.0,0.5,0,0,,0,61.9,0.0,61.9,1,1,1,1
9943,2,0.989894,0.5,1,1,2.0,2,60.8,81.2,142.0,1,1,1,1
9944,3,0.989894,0.5,1,1,3.0,3,63.1,70.1,133.2,1,1,1,1
9945,1,0.989894,0.5,1,1,1.0,1,62.1,67.5,129.6,1,1,1,1
9946,3,0.989894,0.5,1,1,3.0,3,60.7,77.1,137.8,1,1,1,1
9947,1,1.0,0.5,1,1,1.0,1,67.3,71.8,139.1,1,1,1,1
9948,2,0.989894,0.5,1,1,3.0,3,62.7,69.0,131.7,1,1,1,1
9949,2,0.999232,0.5,1,1,2.0,2,62.7,68.5,131.2,1,1,1,1
9950,3,0.999232,0.5,1,1,2.0,2,71.7,71.0,142.7,1,1,1,1
9951,3,0.989894,0.5,1,1,2.0,2,62.2,70.1,132.3,1,1,1,1
9952,2,0.989894,0.5,1,1,2.0,2,62.5,69.6,132.1,1,1,1,1
9953,0,0.0,0.5,0,0,,0,70.0,0.0,70.0,1,1,1,1
9954,2,0.989894,0.5,1,1,3.0,3,63.1,68.1,131.2,1,1,1,1
9955,2,0.989894,0.5,1,1,2.0,2,61.1,69.6,130.7,1,1,1,1
9956,2,1.0,0.5,1,1,2.0,2,60.6,80.0,140.6,1,1,1,1
9957,0,0.0,0.5,0,0,,0,66.2,0.0,66.2,1,1,1,1
9958,0,0.0,0.5,0,0,,0,60.3,0.0,60.3,1,1,1,1
9959,3,0.989894,0.5,1,1,2.0,2,61.3,76.7,138.0,1,1,1,1
9960,3,0.989894,0.5,1,1,2.0,2,69.1,72.4,141.5,1,1,1,1
9961,1,1.0,0.5,1,1,1.0,1,63.8,67.8,131.6,1,1,1,1
9962,2,0.989894,0.5,1,1,3.0,3,60.2,67.3,127.5,1,1,1,1
9963,3,0.989894,0.5,1,1,3.0,3,71.0,71.6,142.6,1,1,1,1
9964,2,0.989894,0.5,1,1,3.0,3,63.3,67.8,131.1,1,1,1,1
9965,0,0.0,0.5,0,0,,0,61.6,0.0,61.6,1,1,1,1
9966,0,0.0,0.5,0,0,,0,59.8,0.0,59.8,1,1,1,1
9967,2,1.0,0.5,1,1,2.0,2,64.3,70.5,134.8,1,1,1,1
9968,0,0.0,0.5,0,0,,0,60.6,0.0,60.6,1,1,1,1
9969,1,1.0,0.5,1,1,1.0,1,60.4,76.8,137.2,1,1,1,1
9970,0,0.0,0.5,0,0,,0,65.9,0.0,65.9,1,1,1,1
9971,2,0.989894,0.5,1,1,3.0,3,61.4,69.9,131.3,1,1,1,1
9972,2,0.989894,0.5,1,1,2.0,2,61.4,69.6,131.0,1,1,1,1
9973,3,1.0,0.5,1,1,2.0,2,72.2,72.5,144.7,1,1,1,1
9974,2,0.989894,0.5,1,1,3.0,3,61.1,68.0,129.1,1,1,1,1
9975,2,0.989894,0.5,1,1,3.0,3,60.1,68.7,128.8,1,1,1,1
9976,3,1.0,0.5,1,1,2.0,2,59.3,79.8,139.1,1,1,1,1
9977,1,1.0,0.5,1,1,1.0,1,64.3,69.1,133.4,1,1,1,1
9978,0,0.0,0.5,0,0,,0,60.2,0.0,60.2,1,1,1,1
9979,2,0.989894,0.5,1,1,2.0,2,61.6,110.3,171.9,1,1,1,1
9980,3,0.989894,0.5,1,1,3.0,3,72.1,73.9,146.0,1,1,1,1
9981,3,0.989894,0.5,1,1,3.0,3,63.0,69.4,132.4,1,1,1,1
9982,1,0.999232,0.5,1,1,1.0,1,60.7,78.1,138.8,1,1,1,1
9983,2,0.989894,0.5,1,1,3.0,3,65.5,72.7,138.2,1,1,1,1
9984,2,0.989894,0.5,1,1,2.0,2,62.6,67.9,130.5,1,1,1,1
9985,2,1.0,0.5,1,1,2.0,2,61.9,68.5,130.4,1,1,1,1
9986,0,0.0,0.5,0,0,,0,73.0,0.0,73.0,1,1,1,1
9987,2,0.989894,0.5,1,1,2.0,2,128.4,81.8,210.2,1,1,1,1
9988,3,0.989894,0.5,1,1,2.0,2,70.9,74.1,145.0,1,1,1,1
9989,0,0.0,0.5,0,0,,0,64.7,0.0,64.7,1,1,1,1
9990,3,0.989894,0.5,1,1,3.0,3,62.2,70.5,132.7,1,1,1,1
9991,0,0.0,0.5,0,0,,0,61.5,0.0,61.5,1,1,1,1
9992,0,0.0,0.5,0,0,,0,61.8,0.0,61.8,1,1,1,1
9993,0,0.0,0.5,0,0,,0,62.2,0.0,62.2,1,1,1,1
9994,0,0.0,0.5,0,0,,0,60.7,0.0,60.7,1,1,1,1
9995,0,0.0,0.5,0,0,,0,212.6,0.0,212.6,1,1,1,1
9996,0,0.0,0.5,0,0,,0,161.9,0.0,161.9,1,1,1,1
9997,2,0.989894,0.5,1,1,2.0,2,104.7,91.2,195.9,1,1,1,1
9998,1,0.997497,0.5,1,1,1.0,1,79.0,80.6,159.6,1,1,1,1
9999,1,1.0,0.5,1,1,1.0,1,71.2,80.3,151.5,1,1,1,1
10000,3,0.989894,0.5,1,1,3.0,3,68.7,76.6,145.3,1,1,1,1
10001,2,0.999232,0.5,1,1,3.0,3,68.4,78.9,147.3,1,1,1,1
10002,0,0.0,0.5,0,0,,0,69.1,0.0,69.1,1,1,1,1
10003,1,1.0,0.5,1,1,1.0,1,69.9,75.5,145.4,1,1,1,1
10004,2,0.989894,0.5,1,1,3.0,3,65.4,74.9,140.3,1,1,1,1
10005,0,0.0,0.5,0,0,,0,66.0,0.0,66.0,1,1,1,1
10006,1,0.989894,0.5,1,1,1.0,1,63.8,73.4,137.2,1,1,1,1
10007,3,0.989894,0.5,1,1,3.0,3,65.2,73.8,139.0,1,1,1,1
10008,1,0.989894,0.5,1,1,1.0,1,65.4,79.0,144.4,1,1,1,1
10009,0,0.0,0.5,0,0,,0,67.6,0.0,67.6,1,1,1,1
10010,3,0.989894,0.5,1,1,2.0,2,64.1,74.5,138.6,1,1,1,1
10011,0,0.0,0.5,0,0,,0,64.4,0.0,64.4,1,1,1,1
10012,2,0.989894,0.5,1,1,3.0,3,66.2,70.5,136.7,1,1,1,1
10013,3,1.0,0.5,1,1,2.0,2,62.7,71.0,133.7,1,1,1,1
10014,0,0.0,0.5,0,0,,0,60.0,0.0,60.0,1,1,1,1
10015,0,0.177465,0.5,0,0,,0,62.2,0.0,62.2,1,1,1,1
10016,0,0.0,0.5,0,0,,0,65.3,0.0,65.3,1,1,1,1
10017,3,1.0,0.5,1,1,2.0,2,62.9,70.7,133.6,1,1,1,1
10018,0,0.0,0.5,0,0,,0,63.4,0.0,63.4,1,1,1,1
10019,0,0.177465,0.5,0,0,,0,62.7,0.0,62.7,1,1,1,1
10020,3,0.989894,0.5,1,1,3.0,3,62.7,70.5,133.2,1,1,1,1
10021,1,0.989894,0.5,1,1,1.0,1,62.0,70.7,132.7,1,1,1,1
10022,2,0.989894,0.5,1,1,2.0,2,63.1,70.9,134.0,1,1,1,1
10023,1,0.999232,0.5,1,1,1.0,1,69.0,72.2,141.2,1,1,1,1
10024,0,0.0,0.5,0,0,,0,62.6,0.0,62.6,1,1,1,1
10025,3,0.989894,0.5,1,1,2.0,2,77.0,76.6,153.6,1,1,1,1
10026,3,0.989894,0.5,1,1,2.0,2,63.9,71.6,135.5,1,1,1,1
10027,3,0.989894,0.5,1,1,2.0,2,63.3,71.5,134.8,1,1,1,1
10028,1,0.997497,0.5,1,1,1.0,1,62.5,84.9,147.4,1,1,1,1
10029,3,1.0,0.5,1,1,2.0,2,67.3,70.9,138.2,1,1,1,1
10030,1,1.0,0.5,1,1,1.0,1,68.1,71.0,139.1,1,1,1,1
10031,2,0.999232,0.5,1,1,2.0,2,61.7,80.0,141.7,1,1,1,1
10032,2,0.989894,0.5,1,1,3.0,3,70.2,75.3,145.5,1,1,1,1
10033,3,0.989894,0.5,1,1,2.0,2,64.9,73.6,138.5,1,1,1,1
10034,3,0.989894,0.5,1,1,3.0,3,62.1,72.1,134.2,1,1,1,1
10035,1,0.989894,0.5,1,1,1.0,1,75.7,76.7,152.4,1,1,1,1
10036,2,0.989894,0.5,1,1,3.0,3,63.0,72.0,135.0,1,1,1,1
10037,3,0.999232,0.5,1,1,2.0,2,72.9,70.7,143.6,1,1,1,1
10038,2,0.989894,0.5,1,1,3.0,3,72.5,72.6,145.1,1,1,1,1
10039,1,0.999232,0.5,1,1,1.0,1,63.0,71.6,134.6,1,1,1,1
10040,3,0.989894,0.5,1,1,2.0,2,60.7,69.2,129.9,1,1,1,1
10041,0,0.0,0.5,0,0,,0,60.8,0.0,60.8,1,1,1,1
10042,3,1.0,0.5,1,1,2.0,2,63.6,69.7,133.3,1,1,1,1
10043,3,0.989894,0.5,1,1,2.0,2,60.8,69.2,130.0,1,1,1,1
10044,0,0.0,0.5,0,0,,0,69.0,0.0,69.0,1,1,1,1
10045,0,0.0,0.5,0,0,,0,79.1,0.0,79.1,1,1,1,1
10046,0,0.0,0.5,0,0,,0,66.4,0.0,66.4,1,1,1,1
10047,1,0.989894,0.5,1,1,1.0,1,62.3,82.9,145.2,1,1,1,1
10048,0,0.0,0.5,0,0,,0,66.7,0.0,66.7,1,1,1,1
10049,3,0.989894,0.5,1,1,3.0,3,63.7,73.3,137.0,1,1,1,1
10050,2,0.989894,0.5,1,1,2.0,2,62.1,70.6,132.7,1,1,1,1
10051,2,0.989894,0.5,1,1,3.0,3,67.3,72.3,139.6,1,1,1,1
10052,1,1.0,0.5,1,1,1.0,1,61.5,75.1,136.6,1,1,1,1
10053,1,1.0,0.5,1,1,1.0,1,63.8,69.7,133.5,1,1,1,1
10054,2,0.997497,0.5,1,1,2.0,2,75.0,71.1,146.1,1,1,1,1
10055,0,0.0,0.5,0,0,,0,63.0,0.0,63.0,1,1,1,1
10056,0,0.0,0.5,0,0,,0,60.8,0.0,60.8,1,1,1,1
10057,1,1.0,0.5,1,1,1.0,1,62.2,80.0,142.2,1,1,1,1
10058,1,0.999232,0.5,1,1,1.0,1,67.2,71.0,138.2,1,1,1,1
10059,2,0.989894,0.5,1,1,3.0,3,62.0,73.9,135.9,1,1,1,1
10060,3,0.989894,0.5,1,1,3.0,3,62.3,81.5,143.8,1,1,1,1
10061,3,1.0,0.5,1,1,2.0,2,65.7,70.7,136.4,1,1,1,1
10062,3,0.989894,0.5,1,1,2.0,2,62.3,68.9,131.2,1,1,1,1
10063,3,0.989894,0.5,1,1,2.0,2,61.5,76.6,138.1,1,1,1,1
10064,3,0.989894,0.5,1,1,3.0,3,66.0,71.7,137.7,1,1,1,1
10065,0,0.0,0.5,0,0,,0,62.3,0.0,62.3,1,1,1,1
10066,0,0.0,0.5,0,0,,0,60.3,0.0,60.3,1,1,1,1
10067,1,1.0,0.5,1,1,1.0,1,74.8,73.3,148.1,1,1,1,1
10068,2,0.989894,0.5,1,1,2.0,2,61.9,67.6,129.5,1,1,1,1
10069,2,0.989894,0.5,1,1,2.0,2,62.3,68.1,130.4,1,1,1,1
10070,0,0.0,0.5,0,0,,0,60.8,0.0,60.8,1,1,1,1
10071,3,0.989894,0.5,1,1,3.0,3,65.0,72.3,137.3,1,1,1,1
10072,0,0.0,0.5,0,0,,0,61.7,0.0,61.7,1,1,1,1
10073,3,1.0,0.5,1,1,3.0,3,62.0,79.4,141.4,1,1,1,1
10074,2,0.989894,0.5,1,1,2.0,2,70.7,71.5,142.2,1,1,1,1
10075,2,0.989894,0.5,1,1,2.0,2,60.9,69.3,130.2,1,1,1,1
10076,2,0.989894,0.5,1,1,3.0,3,60.0,68.0,128.0,1,1,1,1
10077,0,0.0,0.5,0,0,,0,72.5,0.0,72.5,1,1,1,1
10078,1,0.997497,0.5,1,1,1.0,1,62.3,68.0,130.3,1,1,1,1
10079,3,0.999232,0.5,1,1,2.0,2,60.1,69.3,129.4,1,1,1,1
10080,3,0.989894,0.5,1,1,2.0,2,70.6,74.1,144.7,1,1,1,1
10081,0,0.0,0.5,0,0,,0,68.8,0.0,68.8,1,1,1,1
10082,0,0.0,0.5,0,0,,0,60.2,0.0,60.2,1,1,1,1
10083,3,0.989894,0.5,1,1,3.0,3,60.1,81.6,141.7,1,1,1,1
10084,3,1.0,0.5,1,1,3.0,3,63.5,69.5,133.0,1,1,1,1
10085,2,0.989894,0.5,1,1,2.0,2,61.6,68.1,129.7,1,1,1,1
10086,1,1.0,0.5,1,1,1.0,1,60.2,66.7,126.9,1,1,1,1
10087,0,0.0,0.5,0,0,,0,66.2,0.0,66.2,1,1,1,1
10088,2,0.989894,0.5,1,1,2.0,2,61.6,113.5,175.1,1,1,1,1
10089,0,0.0,0.5,0,0,,0,115.7,0.0,115.7,1,1,1,1
10090,1,1.0,0.5,1,1,1.0,1,116.9,92.2,209.1,1,1,1,1
10091,0,0.177465,0.5,0,0,,0,76.6,0.0,76.6,1,1,1,1
10092,0,0.0,0.5,0,0,,0,70.4,0.0,70.4,1,1,1,1
10093,0,0.0,0.5,0,0,,0,66.3,0.0,66.3,1,1,1,1
10094,1,1.0,0.5,1,1,1.0,1,67.4,74.7,142.1,1,1,1,1
10095,2,1.0,0.5,1,1,2.0,2,65.0,74.7,139.7,1,1,1,1
10096,3,0.989894,0.5,1,1,3.0,3,64.3,71.4,135.7,1,1,1,1
10097,3,0.989894,0.5,1,1,3.0,3,64.0,73.0,137.0,1,1,1,1
10098,2,1.0,0.5,1,1,3.0,3,63.7,74.1,137.8,1,1,1,1
10099,3,0.989894,0.5,1,1,3.0,3,60.8,70.4,131.2,1,1,1,1
10100,0,0.0,0.5,0,0,,0,61.6,0.0,61.6,1,1,1,1
10101,3,0.989894,0.5,1,1,2.0,2,61.9,68.2,130.1,1,1,1,1
10102,3,0.989894,0.5,1,1,3.0,3,61.0,70.7,131.7,1,1,1,1
10103,2,0.997497,0.5,1,1,2.0,2,60.6,69.5,130.1,1,1,1,1
10104,0,0.0,0.5,0,0,,0,74.3,0.0,74.3,1,1,1,1
10105,2,0.999232,0.5,1,1,2.0,2,262.7,334.9,597.6,1,1,1,1
10106,2,0.989894,0.5,1,1,3.0,3,145.7,95.2,240.9,1,1,1,1
10107,2,0.989894,0.5,1,1,3.0,3,79.3,91.7,171.0,1,1,1,1
10108,0,0.989894,0.5,1,1,0.0,0,68.5,72.0,140.5,1,1,1,1
10109,2,0.989894,0.5,1,1,2.0,2,64.3,71.6,135.9,1,1,1,1
10110,2,1.0,0.5,1,1,2.0,2,61.9,70.6,132.5,1,1,1,1
10111,1,1.0,0.5,1,1,1.0,1,61.1,70.8,131.9,1,1,1,1
10112,1,0.999232,0.5,1,1,1.0,1,62.3,68.3,130.6,1,1,1,1
10113,2,0.989894,0.5,1,1,3.0,3,61.5,71.5,133.0,1,1,1,1
10114,2,0.989894,0.5,1,1,3.0,3,60.3,69.6,129.9,1,1,1,1
10115,0,0.0,0.5,0,0,,0,62.1,0.0,62.1,1,1,1,1
10116,1,0.989894,0.5,1,1,1.0,1,61.6,69.6,131.2,1,1,1,1
10117,0,0.0,0.5,0,0,,0,61.3,0.0,61.3,1,1,1,1
10118,0,0.0,0.5,0,0,,0,60.5,0.0,60.5,1,1,1,1
10119,2,0.989894,0.5,1,1,3.0,3,61.4,71.8,133.2,1,1,1,1
10120,3,0.989894,0.5,1,1,3.0,3,61.6,68.7,130.3,1,1,1,1
10121,0,0.0,0.5,0,0,,0,61.8,0.0,61.8,1,1,1,1
10122,2,0.989894,0.5,1,1,3.0,3,60.8,68.6,129.4,1,1,1,1
10123,0,0.0,0.5,0,0,,0,60.7,0.0,60.7,1,1,1,1
10124,0,0.0,0.5,0,0,,0,60.2,0.0,60.2,1,1,1,1
10125,2,1.0,0.5,1,1,3.0,3,60.6,68.4,129.0,1,1,1,1
10126,0,0.0,0.5,0,0,,0,60.6,0.0,60.6,1,1,1,1
10127,1,1.0,0.5,1,1,1.0,1,61.3,68.8,130.1,1,1,1,1
10128,3,0.989894,0.5,1,1,2.0,2,59.4,67.4,126.8,1,1,1,1
10129,1,1.0,0.5,1,1,1.0,1,60.9,68.5,129.4,1,1,1,1
10130,0,0.0,0.5,0,0,,0,59.4,0.0,59.4,1,1,1,1
10131,0,0.0,0.5,0,0,,0,62.1,0.0,62.1,1,1,1,1
10132,1,0.989894,0.5,1,1,1.0,1,61.2,67.5,128.7,1,1,1,1
10133,3,0.989894,0.5,1,1,2.0,2,60.6,69.6,130.2,1,1,1,1
10134,0,0.0,0.5,0,0,,0,60.5,0.0,60.5,1,1,1,1
10135,3,0.989894,0.5,1,1,3.0,3,59.6,70.2,129.8,1,1,1,1
10136,3,0.989894,0.5,1,1,2.0,2,62.0,86.0,148.0,1,1,1,1
10137,0,0.0,0.5,0,0,,0,65.2,0.0,65.2,1,1,1,1
10138,0,0.177465,0.5,0,0,,0,60.9,0.0,60.9,1,1,1,1
10139,1,0.989894,0.5,1,1,1.0,1,63.2,89.3,152.5,1,1,1,1
10140,2,0.989894,0.5,1,1,3.0,3,68.4,70.9,139.3,1,1,1,1
10141,2,0.989894,0.5,1,1,3.0,3,61.2,70.4,131.6,1,1,1,1
10142,3,0.999232,0.5,1,1,3.0,3,60.7,73.3,134.0,1,1,1,1
10143,0,0.0,0.5,0,0,,0,74.3,0.0,74.3,1,1,1,1
10144,0,0.0,0.5,0,0,,0,93.2,0.0,93.2,1,1,1,1
10145,2,0.989894,0.5,1,1,3.0,3,62.8,68.7,131.5,1,1,1,1
10146,3,0.989894,0.5,1,1,3.0,3,72.2,71.5,143.7,1,1,1,1
10147,2,0.989894,0.5,1,1,3.0,3,62.5,70.4,132.9,1,1,1,1
10148,2,0.989894,0.5,1,1,2.0,2,60.8,69.9,130.7,1,1,1,1
10149,2,0.989894,0.5,1,1,3.0,3,60.6,80.1,140.7,1,1,1,1
10150,2,0.989894,0.5,1,1,3.0,3,64.5,68.9,133.4,1,1,1,1
10151,2,0.989894,0.5,1,1,3.0,3,63.5,69.9,133.4,1,1,1,1
10152,1,1.0,0.5,1,1,1.0,1,61.3,76.8,138.1,1,1,1,1
10153,1,1.0,0.5,1,1,1.0,1,67.1,68.9,136.0,1,1,1,1
10154,1,0.989894,0.5,1,1,1.0,1,61.3,68.1,129.4,1,1,1,1
10155,0,0.0,0.5,0,0,,0,61.9,0.0,61.9,1,1,1,1
10156,3,0.989894,0.5,1,1,2.0,2,72.6,71.3,143.9,1,1,1,1
10157,1,0.997497,0.5,1,1,1.0,1,61.3,69.0,130.3,1,1,1,1
10158,0,0.0,0.5,0,0,,0,60.3,0.0,60.3,1,1,1,1
10159,1,1.0,0.5,1,1,1.0,1,58.8,79.5,138.3,1,1,1,1
10160,0,0.0,0.5,0,0,,0,63.5,0.0,63.5,1,1,1,1
10161,1,0.989894,0.5,1,1,1.0,1,61.8,69.7,131.5,1,1,1,1
10162,1,0.997497,0.5,1,1,1.0,1,60.4,75.3,135.7,1,1,1,1
10163,3,0.989894,0.5,1,1,2.0,2,65.2,70.8,136.0,1,1,1,1
10164,2,0.989894,0.5,1,1,3.0,3,61.9,68.7,130.6,1,1,1,1
10165,0,0.0,0.5,0,0,,0,60.3,0.0,60.3,1,1,1,1
10166,0,0.0,0.5,0,0,,0,72.9,0.0,72.9,1,1,1,1
10167,0,0.0,0.5,0,0,,0,63.3,0.0,63.3,1,1,1,1
10168,2,0.989894,0.5,1,1,3.0,3,60.6,71.6,132.2,1,1,1,1
10169,2,0.989894,0.5,1,1,2.0,2,70.9,72.4,143.3,1,1,1,1
10170,0,0.0,0.5,0,0,,0,61.4,0.0,61.4,1,1,1,1
10171,1,1.0,0.5,1,1,1.0,1,60.6,69.6,130.2,1,1,1,1
10172,3,0.989894,0.5,1,1,2.0,2,61.1,79.2,140.3,1,1,1,1
10173,0,0.0,0.5,0,0,,0,64.1,0.0,64.1,1,1,1,1
10174,3,1.0,0.5,1,1,1.0,1,61.6,68.8,130.4,1,1,1,1
10175,2,0.999232,0.5,1,1,3.0,3,59.6,69.0,128.6,1,1,1,1
10176,3,0.989894,0.5,1,1,3.0,3,66.9,70.3,137.2,1,1,1,1
10177,2,0.997497,0.5,1,1,2.0,2,63.4,69.2,132.6,1,1,1,1
10178,3,0.989894,0.5,1,1,3.0,3,62.1,69.1,131.2,1,1,1,1
10179,1,1.0,0.5,1,1,1.0,1,72.8,73.5,146.3,1,1,1,1
10180,1,1.0,0.5,1,1,1.0,1,63.5,68.4,131.9,1,1,1,1
10181,0,0.0,0.5,0,0,,0,62.6,0.0,62.6,1,1,1,1
10182,0,0.0,0.5,0,0,,0,60.8,0.0,60.8,1,1,1,1
10183,1,0.989894,0.5,1,1,1.0,1,64.4,70.3,134.7,1,1,1,1
10184,2,0.989894,0.5,1,1,2.0,2,60.6,69.7,130.3,1,1,1,1
10185,1,0.989894,0.5,1,1,1.0,1,61.9,76.0,137.9,1,1,1,1
10186,0,0.0,0.5,0,0,,0,67.1,0.0,67.1,1,1,1,1
10187,1,1.0,0.5,1,1,1.0,1,61.0,70.1,131.1,1,1,1,1
10188,1,1.0,0.5,1,1,1.0,1,60.8,67.5,128.3,1,1,1,1
10189,0,0.0,0.5,0,0,,0,73.2,0.0,73.2,1,1,1,1
10190,2,1.0,0.5,1,1,2.0,2,62.9,67.4,130.3,1,1,1,1
10191,3,0.989894,0.5,1,1,2.0,2,60.4,70.2,130.6,1,1,1,1
10192,2,0.989894,0.5,1,1,3.0,3,59.6,78.9,138.5,1,1,1,1
10193,2,0.989894,0.5,1,1,3.0,3,64.9,68.6,133.5,1,1,1,1
10194,0,0.0,0.5,0,0,,0,59.2,0.0,59.2,1,1,1,1
10195,2,0.989894,0.5,1,1,2.0,2,62.9,77.8,140.7,1,1,1,1
10196,0,0.0,0.5,0,0,,0,65.2,0.0,65.2,1,1,1,1
10197,3,0.989894,0.5,1,1,3.0,3,75.9,82.6,158.5,1,1,1,1
10198,2,0.989894,0.5,1,1,3.0,3,63.2,82.1,145.3,1,1,1,1
10199,2,0.989894,0.5,1,1,2.0,2,66.6,71.7,138.3,1,1,1,1
10200,0,0.0,0.5,0,0,,0,63.6,0.0,63.6,1,1,1,1
10201,0,0.0,0.5,0,0,,0,63.2,0.0,63.2,1,1,1,1
10202,1,0.997497,0.5,1,1,1.0,1,66.1,71.4,137.5,1,1,1,1
10203,1,1.0,0.5,1,1,1.0,1,61.2,71.1,132.3,1,1,1,1
10204,2,0.997497,0.5,1,1,2.0,2,60.4,68.8,129.2,1,1,1,1
10205,0,0.0,0.5,0,0,,0,71.8,0.0,71.8,1,1,1,1
10206,3,0.989894,0.5,1,1,2.0,2,61.8,68.8,130.6,1,1,1,1
10207,3,0.989894,0.5,1,1,3.0,3,61.7,70.1,131.8,1,1,1,1
10208,3,1.0,0.5,1,1,3.0,3,60.7,80.0,140.7,1,1,1,1
10209,3,1.0,0.5,1,1,2.0,2,65.7,69.9,135.6,1,1,1,1
10210,2,0.989894,0.5,1,1,2.0,2,60.5,67.7,128.2,1,1,1,1
10211,3,0.989894,0.5,1,1,2.0,2,59.8,76.3,136.1,1,1,1,1
10212,0,0.0,0.5,0,0,,0,65.7,0.0,65.7,1,1,1,1
10213,0,0.0,0.5,0,0,,0,62.5,0.0,62.5,1,1,1,1
10214,0,0.0,0.5,0,0,,0,59.8,0.0,59.8,1,1,1,1
10215,3,0.999232,0.5,1,1,3.0,3,70.6,72.7,143.3,1,1,1,1
10216,0,0.0,0.5,0,0,,0,62.0,0.0,62.0,1,1,1,1
10217,3,0.989894,0.5,1,1,3.0,3,62.1,69.6,131.7,1,1,1,1
10218,0,0.0,0.5,0,0,,0,60.5,0.0,60.5,1,1,1,1
10219,1,1.0,0.5,1,1,1.0,1,64.1,85.1,149.2,1,1,1,1
10220,1,1.0,0.5,1,1,1.0,1,64.2,68.8,133.0,1,1,1,1
10221,1,1.0,0.5,1,1,1.0,1,62.4,78.6,141.0,1,1,1,1
10222,2,0.989894,0.5,1,1,2.0,2,195.7,456.8,652.5,1,1,1,1
10223,0,0.0,0.5,0,0,,0,128.2,0.0,128.2,1,1,1,1
10224,3,0.989894,0.5,1,1,3.0,3,104.5,173.1,277.6,1,1,1,1
10225,0,0.0,0.5,0,0,,0,94.9,0.0,94.9,1,1,1,1
10226,3,1.0,0.5,1,1,2.0,2,72.5,77.7,150.2,1,1,1,1
10227,1,0.997497,0.5,1,1,1.0,1,66.1,76.0,142.1,1,1,1,1
10228,1,0.989894,0.5,1,1,1.0,1,64.3,73.2,137.5,1,1,1,1
10229,3,0.989894,0.5,1,1,2.0,2,64.1,72.8,136.9,1,1,1,1
10230,3,1.0,0.5,1,1,3.0,3,63.0,71.0,134.0,1,1,1,1
10231,2,0.989894,0.5,1,1,2.0,2,62.9,72.3,135.2,1,1,1,1
10232,0,0.0,0.5,0,0,,0,63.3,0.0,63.3,1,1,1,1
10233,3,1.0,0.5,1,1,2.0,2,68.1,74.6,142.7,1,1,1,1
10234,1,0.997497,0.5,1,1,1.0,1,64.3,71.9,136.2,1,1,1,1
10235,2,0.989894,0.5,1,1,3.0,3,63.3,71.3,134.6,1,1,1,1
10236,0,0.989894,0.5,1,1,0.0,0,61.4,70.6,132.0,1,1,1,1
10237,2,0.989894,0.5,1,1,2.0,2,63.3,69.6,132.9,1,1,1,1
10238,0,0.0,0.5,0,0,,0,63.2,0.0,63.2,1,1,1,1
10239,3,0.989894,0.5,1,1,2.0,2,62.2,71.7,133.9,1,1,1,1
10240,3,1.0,0.5,1,1,3.0,3,63.5,71.2,134.7,1,1,1,1
10241,2,0.989894,0.5,1,1,3.0,3,66.3,71.3,137.6,1,1,1,1
10242,3,1.0,0.5,1,1,2.0,2,64.0,69.8,133.8,1,1,1,1
10243,3,0.989894,0.5,1,1,2.0,2,61.8,72.4,134.2,1,1,1,1
10244,2,0.989894,0.5,1,1,3.0,3,62.0,71.2,133.2,1,1,1,1
10245,0,0.0,0.5,0,0,,0,63.6,0.0,63.6,1,1,1,1
10246,1,1.0,0.5,1,1,1.0,1,61.6,69.7,131.3,1,1,1,1
10247,2,0.989894,0.5,1,1,3.0,3,63.9,72.3,136.2,1,1,1,1
10248,3,1.0,0.5,1,1,2.0,2,61.7,71.6,133.3,1,1,1,1
10249,0,0.0,0.5,0,0,,0,86.5,0.0,86.5,1,1,1,1
10250,1,1.0,0.5,1,1,1.0,1,66.3,73.5,139.8,1,1,1,1
10251,2,0.989894,0.5,1,1,2.0,2,87.1,79.6,166.7,1,1,1,1
10252,1,0.989894,0.5,1,1,1.0,1,92.9,107.0,199.9,1,1,1,1
10253,0,0.0,0.5,0,0,,0,79.5,0.0,79.5,1,1,1,1
10254,0,0.0,0.5,0,0,,0,70.6,0.0,70.6,1,1,1,1
10255,3,0.999232,0.5,1,1,3.0,3,87.9,84.8,172.7,1,1,1,1
10256,0,0.0,0.5,0,0,,0,71.7,0.0,71.7,1,1,1,1
10257,0,0.0,0.5,0,0,,0,73.8,0.0,73.8,1,1,1,1
10258,3,0.989894,0.5,1,1,3.0,3,84.4,84.5,168.9,1,1,1,1
10259,2,0.989894,0.5,1,1,3.0,3,73.7,83.8,157.5,1,1,1,1
10260,1,0.989894,0.5,1,1,1.0,1,74.4,77.3,151.7,1,1,1,1
10261,1,0.989894,0.5,1,1,1.0,1,73.5,94.7,168.2,1,1,1,1
10262,2,0.989894,0.5,1,1,3.0,3,75.5,77.6,153.1,1,1,1,1
10263,0,0.0,0.5,0,0,,0,70.3,0.0,70.3,1,1,1,1
10264,0,0.0,0.5,0,0,,0,68.2,0.0,68.2,1,1,1,1
10265,3,0.989894,0.5,1,1,2.0,2,75.6,74.1,149.7,1,1,1,1
10266,3,1.0,0.5,1,1,3.0,3,65.0,74.8,139.8,1,1,1,1
10267,0,0.177465,0.5,0,0,,0,62.8,0.0,62.8,1,1,1,1
10268,2,0.989894,0.5,1,1,3.0,3,73.3,74.9,148.2,1,1,1,1
10269,1,1.0,0.5,1,1,1.0,1,66.5,75.7,142.2,1,1,1,1
10270,0,0.989894,0.5,1,1,0.0,0,62.5,69.5,132.0,1,1,1,1
10271,2,0.989894,0.5,1,1,3.0,3,70.1,73.7,143.8,1,1,1,1
10272,3,0.989894,0.5,1,1,3.0,3,63.2,68.6,131.8,1,1,1,1
10273,0,0.0,0.5,0,0,,0,61.3,0.0,61.3,1,1,1,1
10274,3,1.0,0.5,1,1,3.0,3,61.7,77.9,139.6,1,1,1,1
10275,0,0.0,0.5,0,0,,0,63.8,0.0,63.8,1,1,1,1
10276,3,0.989894,0.5,1,1,3.0,3,61.4,68.7,130.1,1,1,1,1
10277,3,0.989894,0.5,1,1,2.0,2,61.2,68.9,130.1,1,1,1,1
10278,0,0.0,0.5,0,0,,0,67.4,0.0,67.4,1,1,1,1
10279,2,0.989894,0.5,1,1,2.0,2,60.8,70.4,131.2,1,1,1,1
10280,0,0.0,0.5,0,0,,0,60.6,0.0,60.6,1,1,1,1
10281,3,0.989894,0.5,1,1,3.0,3,71.5,73.4,144.9,1,1,1,1
10282,3,1.0,0.5,1,1,2.0,2,61.4,69.6,131.0,1,1,1,1
10283,3,0.989894,0.5,1,1,3.0,3,61.0,70.4,131.4,1,1,1,1
10284,0,0.0,0.5,0,0,,0,61.1,0.0,61.1,1,1,1,1
10285,0,0.177465,0.5,0,0,,0,66.7,0.0,66.7,1,1,1,1
10286,0,0.0,0.5,0,0,,0,62.6,0.0,62.6,1,1,1,1
10287,3,0.989894,0.5,1,1,3.0,3,61.3,78.7,140.0,1,1,1,1
10288,0,0.0,0.5,0,0,,0,65.8,0.0,65.8,1,1,1,1
10289,1,0.989894,0.5,1,1,1.0,1,61.1,69.8,130.9,1,1,1,1
10290,3,0.989894,0.5,1,1,3.0,3,60.3,67.8,128.1,1,1,1,1
10291,0,0.0,0.5,0,0,,0,71.9,0.0,71.9,1,1,1,1
10292,0,0.0,0.5,0,0,,0,61.1,0.0,61.1,1,1,1,1
10293,0,0.0,0.5,0,0,,0,62.9,0.0,62.9,1,1,1,1
10294,1,1.0,0.5,1,1,1.0,1,69.2,73.7,142.9,1,1,1,1
10295,2,1.0,0.5,1,1,3.0,3,64.1,68.9,133.0,1,1,1,1
10296,0,0.0,0.5,0,0,,0,61.7,0.0,61.7,1,1,1,1
10297,0,0.0,0.5,0,0,,0,62.0,0.0,62.0,1,1,1,1
10298,1,1.0,0.5,1,1,1.0,1,64.4,68.2,132.6,1,1,1,1
10299,2,1.0,0.5,1,1,2.0,2,123.6,122.3,245.9,1,1,1,1
10300,2,0.999232,0.5,1,1,2.0,2,76.8,76.6,153.4,1,1,1,1
10301,0,0.0,0.5,0,0,,0,71.5,0.0,71.5,1,1,1,1
10302,0,0.0,0.5,0,0,,0,63.2,0.0,63.2,1,1,1,1
10303,1,0.997497,0.5,1,1,1.0,1,61.6,70.5,132.1,1,1,1,1
10304,2,0.989894,0.5,1,1,3.0,3,63.2,69.9,133.1,1,1,1,1
10305,0,0.177465,0.5,0,0,,0,61.8,0.0,61.8,1,1,1,1
10306,1,0.997497,0.5,1,1,1.0,1,62.5,68.9,131.4,1,1,1,1
10307,0,0.0,0.5,0,0,,0,61.5,0.0,61.5,1,1,1,1
10308,1,1.0,0.5,1,1,1.0,1,61.6,69.9,131.5,1,1,1,1
10309,2,0.989894,0.5,1,1,2.0,2,61.2,68.9,130.1,1,1,1,1
10310,0,0.0,0.5,0,0,,0,62.1,0.0,62.1,1,1,1,1
10311,0,0.177465,0.5,0,0,,0,61.2,0.0,61.2,1,1,1,1
10312,1,1.0,0.5,1,1,1.0,1,61.9,70.0,131.9,1,1,1,1
10313,3,0.989894,0.5,1,1,3.0,3,78.3,78.0,156.3,1,1,1,1
10314,0,0.0,0.5,0,0,,0,62.8,0.0,62.8,1,1,1,1
10315,2,0.989894,0.5,1,1,3.0,3,60.9,68.6,129.5,1,1,1,1
10316,3,0.989894,0.5,1,1,3.0,3,59.8,69.2,129.0,1,1,1,1
10317,1,0.999232,0.5,1,1,1.0,1,61.3,81.6,142.9,1,1,1,1
10318,0,0.0,0.5,0,0,,0,67.9,0.0,67.9,1,1,1,1
10319,2,0.989894,0.5,1,1,3.0,3,61.2,70.2,131.4,1,1,1,1
10320,3,0.989894,0.5,1,1,2.0,2,59.6,68.6,128.2,1,1,1,1
10321,0,0.997497,0.5,1,1,0.0,0,75.5,72.8,148.3,1,1,1,1
10322,3,0.989894,0.5,1,1,3.0,3,61.7,70.4,132.1,1,1,1,1
10323,2,1.0,0.5,1,1,2.0,2,61.1,71.8,132.9,1,1,1,1
10324,0,0.0,0.5,0,0,,0,69.7,0.0,69.7,1,1,1,1
10325,3,0.989894,0.5,1,1,2.0,2,65.2,70.7,135.9,1,1,1,1
10326,0,0.0,0.5,0,0,,0,63.0,0.0,63.0,1,1,1,1
10327,1,1.0,0.5,1,1,1.0,1,62.1,80.9,143.0,1,1,1,1
10328,3,0.999232,0.5,1,1,2.0,2,64.8,68.7,133.5,1,1,1,1
10329,0,0.0,0.5,0,0,,0,61.0,0.0,61.0,1,1,1,1
10330,2,0.989894,0.5,1,1,2.0,2,269.3,361.2,630.5,1,1,1,1
10331,3,0.989894,0.5,1,1,2.0,2,165.1,121.5,286.6,1,1,1,1
10332,3,0.989894,0.5,1,1,3.0,3,82.9,81.5,164.4,1,1,1,1
10333,3,0.989894,0.5,1,1,3.0,3,91.1,84.7,175.8,1,1,1,1
10334,1,0.999232,0.5,1,1,1.0,1,68.4,73.5,141.9,1,1,1,1
10335,0,0.0,0.5,0,0,,0,64.7,0.0,64.7,1,1,1,1
10336,1,1.0,0.5,1,1,1.0,1,72.3,74.4,146.7,1,1,1,1
10337,1,0.989894,0.5,1,1,1.0,1,92.8,77.8,170.6,1,1,1,1
10338,2,0.989894,0.5,1,1,3.0,3,63.3,71.3,134.6,1,1,1,1
10339,0,0.0,0.5,0,0,,0,62.1,0.0,62.1,1,1,1,1
10340,0,0.0,0.5,0,0,,0,65.3,0.0,65.3,1,1,1,1
10341,2,0.989894,0.5,1,1,2.0,2,61.9,69.6,131.5,1,1,1,1
10342,2,0.989894,0.5,1,1,2.0,2,61.7,82.9,144.6,1,1,1,1
10343,2,0.989894,0.5,1,1,3.0,3,67.3,71.7,139.0,1,1,1,1
10344,0,0.0,0.5,0,0,,0,63.3,0.0,63.3,1,1,1,1
10345,0,0.0,0.5,0,0,,0,62.3,0.0,62.3,1,1,1,1
10346,2,0.999232,0.5,1,1,2.0,2,68.5,71.4,139.9,1,1,1,1
10347,0,0.0,0.5,0,0,,0,62.3,0.0,62.3,1,1,1,1
10348,2,0.989894,0.5,1,1,3.0,3,61.4,68.5,129.9,1,1,1,1
10349,0,0.0,0.5,0,0,,0,73.0,0.0,73.0,1,1,1,1
10350,0,0.0,0.5,0,0,,0,63.8,0.0,63.8,1,1,1,1
10351,0,0.0,0.5,0,0,,0,60.9,0.0,60.9,1,1,1,1
10352,1,0.989894,0.5,1,1,1.0,1,62.2,75.7,137.9,1,1,1,1
10353,0,0.0,0.5,0,0,,0,66.2,0.0,66.2,1,1,1,1
10354,1,0.999232,0.5,1,1,1.0,1,62.0,69.7,131.7,1,1,1,1
10355,0,0.0,0.5,0,0,,0,61.9,0.0,61.9,1,1,1,1
10356,3,0.989894,0.5,1,1,3.0,3,64.8,69.9,134.7,1,1,1,1
10357,3,0.989894,0.5,1,1,3.0,3,62.9,71.2,134.1,1,1,1,1
10358,2,0.989894,0.5,1,1,2.0,2,61.4,69.6,131.0,1,1,1,1
10359,3,0.989894,0.5,1,1,2.0,2,66.0,71.1,137.1,1,1,1,1
10360,0,0.177465,0.5,0,0,,0,63.0,0.0,63.0,1,1,1,1
10361,1,0.997497,0.5,1,1,1.0,1,61.3,69.6,130.9,1,1,1,1
10362,2,1.0,0.5,1,1,3.0,3,72.6,72.8,145.4,1,1,1,1
10363,2,0.989894,0.5,1,1,2.0,2,62.4,70.8,133.2,1,1,1,1
10364,2,0.989894,0.5,1,1,3.0,3,61.5,69.4,130.9,1,1,1,1
10365,0,0.0,0.5,0,0,,0,60.3,0.0,60.3,1,1,1,1
10366,1,0.999232,0.5,1,1,1.0,1,64.5,71.3,135.8,1,1,1,1
10367,0,0.0,0.5,0,0,,0,61.2,0.0,61.2,1,1,1,1
10368,2,0.989894,0.5,1,1,3.0,3,60.7,76.8,137.5,1,1,1,1
10369,3,0.989894,0.5,1,1,2.0,2,67.1,71.0,138.1,1,1,1,1
10370,0,0.0,0.5,0,0,,0,60.9,0.0,60.9,1,1,1,1
10371,3,0.989894,0.5,1,1,2.0,2,62.3,71.3,133.6,1,1,1,1
10372,0,0.0,0.5,0,0,,0,72.8,0.0,72.8,1,1,1,1
10373,3,0.989894,0.5,1,1,2.0,2,63.8,68.6,132.4,1,1,1,1
10374,2,0.989894,0.5,1,1,2.0,2,60.8,69.7,130.5,1,1,1,1
10375,1,1.0,0.5,1,1,1.0,1,70.8,73.5,144.3,1,1,1,1
10376,0,0.0,0.5,0,0,,0,62.2,0.0,62.2,1,1,1,1
10377,2,0.989894,0.5,1,1,3.0,3,62.1,69.8,131.9,1,1,1,1
10378,3,1.0,0.5,1,1,3.0,3,61.1,79.8,140.9,1,1,1,1
10379,0,0.0,0.5,0,0,,0,64.1,0.0,64.1,1,1,1,1
10380,1,1.0,0.5,1,1,1.0,1,87.9,81.2,169.1,1,1,1,1
10381,3,0.989894,0.5,1,1,3.0,3,65.5,86.4,151.9,1,1,1,1
10382,2,0.997497,0.5,1,1,2.0,2,66.6,72.5,139.1,1,1,1,1
10383,0,0.0,0.5,0,0,,0,62.6,0.0,62.6,1,1,1,1
10384,1,1.0,0.5,1,1,1.0,1,62.0,77.8,139.8,1,1,1,1
10385,3,0.989894,0.5,1,1,3.0,3,67.7,71.2,138.9,1,1,1,1
10386,3,1.0,0.5,1,1,3.0,3,61.8,69.1,130.9,1,1,1,1
10387,2,1.0,0.5,1,1,3.0,3,61.8,71.3,133.1,1,1,1,1
10388,2,0.989894,0.5,1,1,2.0,2,73.8,72.9,146.7,1,1,1,1
10389,0,0.0,0.5,0,0,,0,63.4,0.0,63.4,1,1,1,1
10390,1,1.0,0.5,1,1,1.0,1,61.9,68.4,130.3,1,1,1,1
10391,1,0.997497,0.5,1,1,1.0,1,70.7,75.1,145.8,1,1,1,1
10392,0,0.989894,0.5,1,1,0.0,0,63.8,69.0,132.8,1,1,1,1
10393,3,0.989894,0.5,1,1,3.0,3,63.0,69.4,132.4,1,1,1,1
10394,3,0.989894,0.5,1,1,2.0,2,60.9,80.9,141.8,1,1,1,1
10395,0,0.0,0.5,0,0,,0,64.3,0.0,64.3,1,1,1,1
10396,2,0.989894,0.5,1,1,3.0,3,61.5,69.1,130.6,1,1,1,1
10397,1,1.0,0.5,1,1,1.0,1,62.6,77.4,140.0,1,1,1,1
10398,0,0.0,0.5,0,0,,0,67.7,0.0,67.7,1,1,1,1
10399,2,0.989894,0.5,1,1,2.0,2,61.1,70.0,131.1,1,1,1,1
10400,2,0.989894,0.5,1,1,3.0,3,60.5,68.6,129.1,1,1,1,1
10401,0,0.0,0.5,0,0,,0,74.3,0.0,74.3,1,1,1,1
10402,3,0.989894,0.5,1,1,2.0,2,142.6,117.1,259.7,1,1,1,1
10403,1,0.989894,0.5,1,1,1.0,1,90.2,89.1,179.3,1,1,1,1
10404,3,1.0,0.5,1,1,2.0,2,74.4,79.3,153.7,1,1,1,1
10405,1,0.989894,0.5,1,1,1.0,1,68.9,75.2,144.1,1,1,1,1
10406,0,0.0,0.5,0,0,,0,68.1,0.0,68.1,1,1,1,1
10407,3,0.989894,0.5,1,1,3.0,3,68.4,186.7,255.1,1,1,1,1
10408,2,0.999232,0.5,1,1,2.0,2,253.6,273.8,527.4,1,1,1,1
10409,3,0.989894,0.5,1,1,2.0,2,270.9,282.5,553.4,1,1,1,1
10410,0,0.0,0.5,0,0,,0,248.5,0.0,248.5,1,1,1,1
10411,3,0.989894,0.5,1,1,2.0,2,246.3,272.2,518.5,1,1,1,1
10412,3,0.989894,0.5,1,1,2.0,2,225.6,236.3,461.9,1,1,1,1
10413,3,0.989894,0.5,1,1,2.0,2,228.1,233.5,461.6,1,1,1,1
10414,3,0.989894,0.5,1,1,2.0,2,203.7,218.7,422.4,1,1,1,1
10415,0,0.0,0.5,0,0,,0,202.1,0.0,202.1,1,1,1,1
10416,3,0.989894,0.5,1,1,3.0,3,186.0,216.5,402.5,1,1,1,1
10417,0,0.0,0.5,0,0,,0,175.5,0.0,175.5,1,1,1,1
10418,0,0.0,0.5,0,0,,0,348.3,0.0,348.3,1,1,1,1
10419,0,0.0,0.5,0,0,,0,166.6,0.0,166.6,1,1,1,1
10420,2,1.0,0.5,1,1,2.0,2,91.0,95.8,186.8,1,1,1,1
10421,2,0.989894,0.5,1,1,2.0,2,78.7,81.5,160.2,1,1,1,1
10422,2,0.989894,0.5,1,1,2.0,2,69.1,75.7,144.8,1,1,1,1
10423,2,0.989894,0.5,1,1,3.0,3,67.8,76.1,143.9,1,1,1,1
10424,1,1.0,0.5,1,1,1.0,1,65.9,75.9,141.8,1,1,1,1
10425,2,0.999232,0.5,1,1,3.0,3,66.9,75.7,142.6,1,1,1,1
10426,0,0.0,0.5,0,0,,0,62.9,0.0,62.9,1,1,1,1
10427,2,0.989894,0.5,1,1,2.0,2,63.2,73.4,136.6,1,1,1,1
10428,2,0.989894,0.5,1,1,3.0,3,63.7,69.9,133.6,1,1,1,1
10429,2,0.989894,0.5,1,1,3.0,3,64.6,70.9,135.5,1,1,1,1
10430,0,0.0,0.5,0,0,,0,64.3,0.0,64.3,1,1,1,1
10431,1,0.989894,0.5,1,1,1.0,1,64.8,73.3,138.1,1,1,1,1
10432,2,0.989894,0.5,1,1,2.0,2,62.7,70.5,133.2,1,1,1,1
10433,3,0.989894,0.5,1,1,3.0,3,62.8,73.0,135.8,1,1,1,1
10434,2,1.0,0.5,1,1,3.0,3,63.0,71.5,134.5,1,1,1,1
10435,0,0.0,0.5,0,0,,0,62.9,0.0,62.9,1,1,1,1
10436,2,0.989894,0.5,1,1,2.0,2,61.8,68.9,130.7,1,1,1,1
10437,2,1.0,0.5,1,1,3.0,3,62.7,71.4,134.1,1,1,1,1
10438,0,0.0,0.5,0,0,,0,62.9,0.0,62.9,1,1,1,1
10439,2,0.989894,0.5,1,1,3.0,3,63.3,70.8,134.1,1,1,1,1
10440,3,0.989894,0.5,1,1,2.0,2,61.1,71.4,132.5,1,1,1,1
10441,0,0.177465,0.5,0,0,,0,62.8,0.0,62.8,1,1,1,1
10442,2,0.999232,0.5,1,1,2.0,2,61.9,71.0,132.9,1,1,1,1
10443,2,0.989894,0.5,1,1,3.0,3,62.1,91.0,153.1,1,1,1,1
10444,0,0.0,0.5,0,0,,0,65.9,0.0,65.9,1,1,1,1
10445,2,0.999232,0.5,1,1,2.0,2,63.1,72.8,135.9,1,1,1,1
10446,3,0.989894,0.5,1,1,2.0,2,65.1,82.2,147.3,1,1,1,1
10447,0,0.0,0.5,0,0,,0,67.4,0.0,67.4,1,1,1,1
10448,0,0.0,0.5,0,0,,0,63.0,0.0,63.0,1,1,1,1
10449,0,0.0,0.5,0,0,,0,62.2,0.0,62.2,1,1,1,1
10450,2,0.989894,0.5,1,1,2.0,2,73.8,71.8,145.6,1,1,1,1
10451,1,0.989894,0.5,1,1,1.0,1,63.6,72.0,135.6,1,1,1,1
10452,0,0.0,0.5,0,0,,0,62.1,0.0,62.1,1,1,1,1
10453,3,0.989894,0.5,1,1,3.0,3,60.9,74.1,135.0,1,1,1,1
10454,3,0.989894,0.5,1,1,2.0,2,63.6,81.3,144.9,1,1,1,1
10455,0,0.0,0.5,0,0,,0,61.3,0.0,61.3,1,1,1,1
10456,3,0.989894,0.5,1,1,3.0,3,61.9,83.8,145.7,1,1,1,1
10457,1,1.0,0.5,1,1,1.0,1,66.1,70.2,136.3,1,1,1,1
10458,0,0.0,0.5,0,0,,0,61.5,0.0,61.5,1,1,1,1
10459,2,1.0,0.5,1,1,2.0,2,60.8,79.0,139.8,1,1,1,1
10460,1,0.989894,0.5,1,1,1.0,1,66.7,70.1,136.8,1,1,1,1
10461,2,1.0,0.5,1,1,3.0,3,61.9,69.4,131.3,1,1,1,1
10462,0,0.0,0.5,0,0,,0,60.9,0.0,60.9,1,1,1,1
10463,2,0.989894,0.5,1,1,3.0,3,72.4,71.0,143.4,1,1,1,1
10464,1,0.997497,0.5,1,1,1.0,1,61.9,69.6,131.5,1,1,1,1
10465,3,0.989894,0.5,1,1,3.0,3,59.6,69.8,129.4,1,1,1,1
10466,1,1.0,0.5,1,1,1.0,1,60.3,79.8,140.1,1,1,1,1
10467,3,0.989894,0.5,1,1,2.0,2,64.4,70.1,134.5,1,1,1,1
10468,2,0.989894,0.5,1,1,2.0,2,60.6,68.6,129.2,1,1,1,1
10469,2,0.989894,0.5,1,1,3.0,3,61.5,76.0,137.5,1,1,1,1
10470,1,0.989894,0.5,1,1,1.0,1,66.3,69.7,136.0,1,1,1,1
10471,3,0.989894,0.5,1,1,2.0,2,61.5,69.8,131.3,1,1,1,1
10472,1,1.0,0.5,1,1,1.0,1,61.3,70.2,131.5,1,1,1,1
10473,2,0.989894,0.5,1,1,2.0,2,74.6,72.2,146.8,1,1,1,1
10474,0,0.0,0.5,0,0,,0,62.8,0.0,62.8,1,1,1,1
10475,1,1.0,0.5,1,1,1.0,1,62.5,69.6,132.1,1,1,1,1
10476,1,0.999232,0.5,1,1,1.0,1,68.5,74.4,142.9,1,1,1,1
10477,0,0.0,0.5,0,0,,0,63.5,0.0,63.5,1,1,1,1
10478,2,0.989894,0.5,1,1,3.0,3,60.5,69.9,130.4,1,1,1,1
10479,3,0.989894,0.5,1,1,3.0,3,60.9,116.5,177.4,1,1,1,1
10480,2,0.989894,0.5,1,1,2.0,2,90.9,75.5,166.4,1,1,1,1
10481,3,0.989894,0.5,1,1,3.0,3,66.7,72.5,139.2,1,1,1,1
10482,2,0.989894,0.5,1,1,3.0,3,74.2,76.3,150.5,1,1,1,1
10483,0,0.0,0.5,0,0,,0,63.2,0.0,63.2,1,1,1,1
10484,3,1.0,0.5,1,1,2.0,2,63.1,70.8,133.9,1,1,1,1
10485,2,0.989894,0.5,1,1,2.0,2,61.8,82.6,144.4,1,1,1,1
10486,1,1.0,0.5,1,1,1.0,1,64.3,70.4,134.7,1,1,1,1
10487,1,0.997497,0.5,1,1,1.0,1,62.9,72.2,135.1,1,1,1,1
10488,2,0.989894,0.5,1,1,2.0,2,64.4,80.1,144.5,1,1,1,1
10489,3,0.997497,0.5,1,1,2.0,2,67.8,70.5,138.3,1,1,1,1
10490,2,0.989894,0.5,1,1,3.0,3,63.4,92.9,156.3,1,1,1,1
10491,0,0.0,0.5,0,0,,0,64.9,0.0,64.9,1,1,1,1
10492,0,0.0,0.5,0,0,,0,68.0,0.0,68.0,1,1,1,1
10493,3,0.989894,0.5,1,1,2.0,2,62.2,70.5,132.7,1,1,1,1
10494,3,0.989894,0.5,1,1,2.0,2,62.1,68.9,131.0,1,1,1,1
10495,2,0.989894,0.5,1,1,2.0,2,74.0,72.7,146.7,1,1,1,1
10496,2,1.0,0.5,1,1,3.0,3,62.1,68.5,130.6,1,1,1,1
10497,1,0.989894,0.5,1,1,1.0,1,61.9,68.3,130.2,1,1,1,1
10498,0,0.0,0.5,0,0,,0,59.2,0.0,59.2,1,1,1,1
10499,2,0.989894,0.5,1,1,2.0,2,63.7,70.3,134.0,1,1,1,1
10500,2,0.989894,0.5,1,1,3.0,3,62.2,68.4,130.6,1,1,1,1
10501,2,0.999232,0.5,1,1,2.0,2,62.3,75.7,138.0,1,1,1,1
10502,3,1.0,0.5,1,1,3.0,3,65.8,71.2,137.0,1,1,1,1
10503,1,0.997497,0.5,1,1,1.0,1,61.1,70.8,131.9,1,1,1,1
10504,3,1.0,0.5,1,1,2.0,2,60.0,67.7,127.7,1,1,1,1
10505,1,0.989894,0.5,1,1,1.0,1,74.1,72.4,146.5,1,1,1,1
10506,0,0.419355,0.5,0,0,,0,61.6,0.0,61.6,1,1,1,1
10507,0,0.0,0.5,0,0,,0,61.0,0.0,61.0,1,1,1,1
10508,2,0.989894,0.5,1,1,3.0,3,68.1,73.7,141.8,1,1,1,1
10509,0,0.0,0.5,0,0,,0,64.6,0.0,64.6,1,1,1,1
10510,2,0.989894,0.5,1,1,1.0,1,60.7,68.3,129.0,1,1,1,1
10511,3,0.989894,0.5,1,1,3.0,3,59.8,79.8,139.6,1,1,1,1
10512,1,1.0,0.5,1,1,1.0,1,65.2,70.6,135.8,1,1,1,1
10513,3,0.989894,0.5,1,1,3.0,3,62.5,68.8,131.3,1,1,1,1
10514,3,0.989894,0.5,1,1,3.0,3,62.3,68.1,130.4,1,1,1,1
10515,2,0.999232,0.5,1,1,3.0,3,66.6,72.2,138.8,1,1,1,1
10516,3,1.0,0.5,1,1,2.0,2,62.0,68.2,130.2,1,1,1,1
10517,3,1.0,0.5,1,1,3.0,3,61.7,69.3,131.0,1,1,1,1
10518,3,0.989894,0.5,1,1,3.0,3,71.2,73.4,144.6,1,1,1,1
10519,1,1.0,0.5,1,1,1.0,1,61.9,102.6,164.5,1,1,1,1
10520,3,0.989894,0.5,1,1,2.0,2,85.0,77.1,162.1,1,1,1,1
10521,0,0.0,0.5,0,0,,0,79.8,0.0,79.8,1,1,1,1
10522,3,0.989894,0.5,1,1,3.0,3,61.6,68.2,129.8,1,1,1,1
10523,1,0.997497,0.5,1,1,1.0,1,61.5,70.1,131.6,1,1,1,1
10524,3,0.989894,0.5,1,1,2.0,2,62.6,159.5,222.1,1,1,1,1
10525,0,0.0,0.5,0,0,,0,115.3,0.0,115.3,1,1,1,1
10526,0,0.0,0.5,0,0,,0,181.3,0.0,181.3,1,1,1,1
10527,3,0.999232,0.5,1,1,2.0,2,167.1,204.6,371.7,1,1,1,1
10528,1,0.989894,0.5,1,1,1.0,1,135.2,144.4,279.6,1,1,1,1
10529,0,0.0,0.5,0,0,,0,124.4,0.0,124.4,1,1,1,1
10530,1,0.989894,0.5,1,1,1.0,1,75.6,78.0,153.6,1,1,1,1
10531,0,0.0,0.5,0,0,,0,66.9,0.0,66.9,1,1,1,1
10532,3,0.989894,0.5,1,1,2.0,2,64.2,69.3,133.5,1,1,1,1
10533,2,0.989894,0.5,1,1,3.0,3,63.8,70.1,133.9,1,1,1,1
10534,1,0.997497,0.5,1,1,1.0,1,62.2,68.8,131.0,1,1,1,1
10535,0,0.0,0.5,0,0,,0,62.7,0.0,62.7,1,1,1,1
10536,1,0.989894,0.5,1,1,2.0,2,63.0,72.6,135.6,1,1,1,1
10537,0,0.177465,0.5,0,0,,0,63.2,0.0,63.2,1,1,1,1
10538,1,0.989894,0.5,1,1,1.0,1,60.7,67.8,128.5,1,1,1,1
10539,3,1.0,0.5,1,1,2.0,2,59.7,71.2,130.9,1,1,1,1
10540,0,0.0,0.5,0,0,,0,61.3,0.0,61.3,1,1,1,1
10541,3,0.989894,0.5,1,1,2.0,2,61.6,69.6,131.2,1,1,1,1
10542,1,0.177465,0.5,0,0,,0,60.3,0.0,60.3,1,1,1,1
10543,0,0.0,0.5,0,0,,0,62.1,0.0,62.1,1,1,1,1
10544,3,0.989894,0.5,1,1,3.0,3,61.2,67.9,129.1,1,1,1,1
10545,1,0.999232,0.5,1,1,1.0,1,62.0,69.4,131.4,1,1,1,1
10546,3,0.989894,0.5,1,1,2.0,2,60.2,69.1,129.3,1,1,1,1
10547,1,1.0,0.5,1,1,1.0,1,60.0,69.6,129.6,1,1,1,1
10548,2,0.989894,0.5,1,1,2.0,2,60.6,78.4,139.0,1,1,1,1
10549,2,0.989894,0.5,1,1,2.0,2,132.5,102.0,234.5,1,1,1,1
10550,1,0.997497,0.5,1,1,1.0,1,74.0,73.4,147.4,1,1,1,1
10551,0,0.0,0.5,0,0,,0,64.8,0.0,64.8,1,1,1,1
10552,3,0.989894,0.5,1,1,3.0,3,61.8,69.5,131.3,1,1,1,1
10553,2,1.0,0.5,1,1,3.0,3,64.1,69.3,133.4,1,1,1,1
10554,3,0.989894,0.5,1,1,3.0,3,61.1,70.7,131.8,1,1,1,1
10555,1,0.989894,0.5,1,1,1.0,1,61.1,69.4,130.5,1,1,1,1
10556,1,1.0,0.5,1,1,1.0,1,81.9,75.1,157.0,1,1,1,1
10557,1,0.989894,0.5,1,1,1.0,1,62.4,70.4,132.8,1,1,1,1
10558,2,0.989894,0.5,1,1,2.0,2,61.3,69.7,131.0,1,1,1,1
10559,2,0.997497,0.5,1,1,2.0,2,60.8,71.6,132.4,1,1,1,1
10560,2,0.989894,0.5,1,1,3.0,3,60.8,69.0,129.8,1,1,1,1
10561,1,0.999232,0.5,1,1,1.0,1,61.2,69.3,130.5,1,1,1,1
10562,1,0.989894,0.5,1,1,1.0,1,60.1,72.0,132.1,1,1,1,1
10563,0,0.0,0.5,0,0,,0,61.3,0.0,61.3,1,1,1,1
10564,1,1.0,0.5,1,1,1.0,1,60.4,68.8,129.2,1,1,1,1
10565,2,0.989894,0.5,1,1,3.0,3,61.7,69.1,130.8,1,1,1,1
10566,0,0.0,0.5,0,0,,0,60.5,0.0,60.5,1,1,1,1
10567,2,0.989894,0.5,1,1,2.0,2,60.4,69.2,129.6,1,1,1,1
10568,2,0.989894,0.5,1,1,3.0,3,60.9,69.4,130.3,1,1,1,1
10569,2,0.989894,0.5,1,1,3.0,3,61.9,69.7,131.6,1,1,1,1
10570,0,0.0,0.5,0,0,,0,60.8,0.0,60.8,1,1,1,1
10571,1,0.997497,0.5,1,1,1.0,1,61.1,70.0,131.1,1,1,1,1
10572,1,1.0,0.5,1,1,1.0,1,60.9,67.6,128.5,1,1,1,1
10573,1,1.0,0.5,1,1,1.0,1,62.1,69.2,131.3,1,1,1,1
10574,0,0.0,0.5,0,0,,0,60.0,0.0,60.0,1,1,1,1
10575,0,0.0,0.5,0,0,,0,60.0,0.0,60.0,1,1,1,1
10576,2,0.989894,0.5,1,1,3.0,3,61.1,69.0,130.1,1,1,1,1
10577,0,0.0,0.5,0,0,,0,62.2,0.0,62.2,1,1,1,1
10578,1,1.0,0.5,1,1,1.0,1,62.0,68.4,130.4,1,1,1,1
10579,2,0.989894,0.5,1,1,2.0,2,61.5,70.3,131.8,1,1,1,1
10580,3,0.999232,0.5,1,1,2.0,2,79.2,73.3,152.5,1,1,1,1
10581,3,0.989894,0.5,1,1,3.0,3,63.2,69.5,132.7,1,1,1,1
10582,2,1.0,0.5,1,1,3.0,3,61.0,68.2,129.2,1,1,1,1
10583,1,0.989894,0.5,1,1,1.0,1,73.9,74.1,148.0,1,1,1,1
10584,2,1.0,0.5,1,1,3.0,3,61.9,68.3,130.2,1,1,1,1
10585,3,0.999232,0.5,1,1,3.0,3,61.8,118.1,179.9,1,1,1,1
10586,0,0.0,0.5,0,0,,0,76.0,0.0,76.0,1,1,1,1
10587,3,0.989894,0.5,1,1,3.0,3,63.5,70.6,134.1,1,1,1,1
10588,3,0.989894,0.5,1,1,3.0,3,62.6,69.0,131.6,1,1,1,1
10589,1,1.0,0.5,1,1,1.0,1,61.8,68.7,130.5,1,1,1,1
10590,0,0.0,0.5,0,0,,0,61.2,0.0,61.2,1,1,1,1
10591,3,0.989894,0.5,1,1,3.0,3,60.8,69.6,130.4,1,1,1,1
10592,2,0.989894,0.5,1,1,3.0,3,60.3,68.6,128.9,1,1,1,1
10593,3,0.989894,0.5,1,1,3.0,3,62.3,88.8,151.1,1,1,1,1
10594,2,0.989894,0.5,1,1,2.0,2,70.3,71.2,141.5,1,1,1,1
10595,0,0.0,0.5,0,0,,0,63.1,0.0,63.1,1,1,1,1
10596,3,0.989894,0.5,1,1,3.0,3,61.8,77.8,139.6,1,1,1,1
10597,1,0.989894,0.5,1,1,1.0,1,68.0,72.4,140.4,1,1,1,1
10598,2,1.0,0.5,1,1,3.0,3,62.3,70.2,132.5,1,1,1,1
10599,0,0.989894,0.5,1,1,0.0,0,61.7,70.0,131.7,1,1,1,1
10600,3,0.989894,0.5,1,1,2.0,2,72.7,72.4,145.1,1,1,1,1
10601,2,1.0,0.5,1,1,2.0,2,62.7,70.3,133.0,1,1,1,1
10602,3,0.989894,0.5,1,1,2.0,2,60.8,68.1,128.9,1,1,1,1
10603,1,1.0,0.5,1,1,1.0,1,67.9,73.6,141.5,1,1,1,1
10604,3,0.989894,0.5,1,1,3.0,3,62.2,68.9,131.1,1,1,1,1
10605,2,0.989894,0.5,1,1,2.0,2,61.3,68.0,129.3,1,1,1,1
10606,0,0.0,0.5,0,0,,0,61.3,0.0,61.3,1,1,1,1
10607,2,0.989894,0.5,1,1,3.0,3,66.3,71.2,137.5,1,1,1,1
10608,1,0.999232,0.5,1,1,1.0,1,63.0,67.6,130.6,1,1,1,1
10609,2,1.0,0.5,1,1,3.0,3,62.6,76.0,138.6,1,1,1,1
10610,3,0.989894,0.5,1,1,2.0,2,67.6,71.9,139.5,1,1,1,1
10611,1,0.999232,0.5,1,1,1.0,1,62.9,69.5,132.4,1,1,1,1
10612,1,0.997497,0.5,1,1,1.0,1,62.6,67.8,130.4,1,1,1,1
10613,3,0.989894,0.5,1,1,2.0,2,72.8,72.4,145.2,1,1,1,1
10614,0,0.0,0.5,0,0,,0,61.3,0.0,61.3,1,1,1,1
10615,1,0.989894,0.5,1,1,1.0,1,62.8,71.9,134.7,1,1,1,1
10616,2,0.989894,0.5,1,1,2.0,2,61.6,81.2,142.8,1,1,1,1
10617,3,0.989894,0.5,1,1,3.0,3,65.8,70.2,136.0,1,1,1,1
10618,1,1.0,0.5,1,1,1.0,1,61.3,69.3,130.6,1,1,1,1
10619,0,0.0,0.5,0,0,,0,61.1,0.0,61.1,1,1,1,1
10620,0,0.0,0.5,0,0,,0,64.9,0.0,64.9,1,1,1,1
10621,0,0.0,0.5,0,0,,0,90.5,0.0,90.5,1,1,1,1
10622,1,1.0,0.5,1,1,1.0,1,80.0,76.8,156.8,1,1,1,1
10623,3,0.989894,0.5,1,1,2.0,2,66.0,72.6,138.6,1,1,1,1
10624,1,1.0,0.5,1,1,1.0,1,63.1,80.5,143.6,1,1,1,1
10625,1,0.997497,0.5,1,1,1.0,1,66.8,71.4,138.2,1,1,1,1
10626,3,0.989894,0.5,1,1,3.0,3,61.8,68.8,130.6,1,1,1,1
10627,1,0.989894,0.5,1,1,2.0,2,61.2,69.7,130.9,1,1,1,1
10628,3,0.989894,0.5,1,1,3.0,3,124.1,79.1,203.2,1,1,1,1
10629,1,0.989894,0.5,1,1,1.0,1,68.8,71.8,140.6,1,1,1,1
10630,2,0.999232,0.5,1,1,3.0,3,62.3,82.7,145.0,1,1,1,1
10631,0,0.0,0.5,0,0,,0,65.5,0.0,65.5,1,1,1,1
10632,2,0.989894,0.5,1,1,2.0,2,63.1,69.2,132.3,1,1,1,1
10633,1,1.0,0.5,1,1,1.0,1,63.3,76.6,139.9,1,1,1,1
10634,2,0.989894,0.5,1,1,2.0,2,67.4,71.6,139.0,1,1,1,1
10635,3,0.999232,0.5,1,1,2.0,2,62.9,70.6,133.5,1,1,1,1
10636,3,0.999232,0.5,1,1,2.0,2,61.5,68.2,129.7,1,1,1,1
10637,2,0.989894,0.5,1,1,2.0,2,74.0,70.9,144.9,1,1,1,1
10638,2,0.989894,0.5,1,1,2.0,2,61.4,174.5,235.9,1,1,1,1
10639,2,0.999232,0.5,1,1,3.0,3,162.8,139.0,301.8,1,1,1,1
10640,1,1.0,0.5,1,1,1.0,1,101.1,89.7,190.8,1,1,1,1
10641,0,0.0,0.5,0,0,,0,68.9,0.0,68.9,1,1,1,1
10642,1,1.0,0.5,1,1,1.0,1,98.5,116.4,214.9,1,1,1,1
10643,1,1.0,0.5,1,1,1.0,1,75.3,78.3,153.6,1,1,1,1
10644,1,1.0,0.5,1,1,1.0,1,67.5,71.5,139.0,1,1,1,1
10645,1,1.0,0.5,1,1,1.0,1,64.2,70.2,134.4,1,1,1,1
10646,1,1.0,0.5,1,1,1.0,1,61.6,70.4,132.0,1,1,1,1
10647,2,0.989894,0.5,1,1,3.0,3,61.9,70.1,132.0,1,1,1,1
10648,3,0.989894,0.5,1,1,2.0,2,61.4,69.3,130.7,1,1,1,1
10649,0,0.0,0.5,0,0,,0,62.3,0.0,62.3,1,1,1,1
10650,3,0.989894,0.5,1,1,2.0,2,60.2,70.2,130.4,1,1,1,1
10651,2,0.989894,0.5,1,1,2.0,2,61.2,70.8,132.0,1,1,1,1
10652,1,1.0,0.5,1,1,1.0,1,61.5,69.9,131.4,1,1,1,1
10653,0,0.177465,0.5,0,0,,0,61.5,0.0,61.5,1,1,1,1
10654,3,0.989894,0.5,1,1,2.0,2,61.5,69.3,130.8,1,1,1,1
10655,2,0.997497,0.5,1,1,2.0,2,62.3,70.1,132.4,1,1,1,1
10656,2,0.989894,0.5,1,1,2.0,2,61.2,68.4,129.6,1,1,1,1
10657,3,0.999232,0.5,1,1,2.0,2,61.1,68.6,129.7,1,1,1,1
10658,0,0.0,0.5,0,0,,0,60.4,0.0,60.4,1,1,1,1
10659,2,0.999232,0.5,1,1,3.0,3,60.4,71.3,131.7,1,1,1,1
10660,1,0.989894,0.5,1,1,1.0,1,61.4,68.4,129.8,1,1,1,1
10661,3,0.989894,0.5,1,1,2.0,2,61.7,85.7,147.4,1,1,1,1
10662,1,0.997497,0.5,1,1,1.0,1,64.5,69.9,134.4,1,1,1,1
10663,2,0.989894,0.5,1,1,2.0,2,61.0,70.1,131.1,1,1,1,1
10664,3,0.989894,0.5,1,1,2.0,2,60.6,68.7,129.3,1,1,1,1
10665,2,1.0,0.5,1,1,3.0,3,76.9,70.5,147.4,1,1,1,1
10666,0,0.0,0.5,0,0,,0,62.4,0.0,62.4,1,1,1,1
10667,0,0.0,0.5,0,0,,0,61.0,0.0,61.0,1,1,1,1
10668,3,0.989894,0.5,1,1,3.0,3,68.7,73.4,142.1,1,1,1,1
10669,3,1.0,0.5,1,1,3.0,3,62.6,69.7,132.3,1,1,1,1
10670,0,0.177465,0.5,0,0,,0,61.1,0.0,61.1,1,1,1,1
10671,2,0.989894,0.5,1,1,3.0,3,60.2,80.3,140.5,1,1,1,1
10672,1,0.999232,0.5,1,1,1.0,1,63.5,69.5,133.0,1,1,1,1
10673,0,0.0,0.5,0,0,,0,62.1,0.0,62.1,1,1,1,1
10674,0,0.0,0.5,0,0,,0,61.1,0.0,61.1,1,1,1,1
10675,0,0.0,0.5,0,0,,0,65.6,0.0,65.6,1,1,1,1
10676,1,0.999232,0.5,1,1,1.0,1,61.2,69.7,130.9,1,1,1,1
10677,3,0.989894,0.5,1,1,3.0,3,61.7,67.9,129.6,1,1,1,1
10678,2,0.989894,0.5,1,1,2.0,2,70.3,70.7,141.0,1,1,1,1
10679,3,0.989894,0.5,1,1,2.0,2,62.8,70.7,133.5,1,1,1,1
10680,1,1.0,0.5,1,1,1.0,1,61.3,68.7,130.0,1,1,1,1
10681,3,1.0,0.5,1,1,2.0,2,60.3,79.5,139.8,1,1,1,1
10682,3,1.0,0.5,1,1,2.0,2,65.0,68.1,133.1,1,1,1,1
10683,3,0.989894,0.5,1,1,2.0,2,61.3,70.5,131.8,1,1,1,1
10684,0,0.0,0.5,0,0,,0,61.4,0.0,61.4,1,1,1,1
10685,2,0.989894,0.5,1,1,3.0,3,66.7,70.2,136.9,1,1,1,1
10686,2,0.997497,0.5,1,1,2.0,2,61.9,68.8,130.7,1,1,1,1
10687,0,0.0,0.5,0,0,,0,61.0,0.0,61.0,1,1,1,1
10688,0,0.0,0.5,0,0,,0,71.5,0.0,71.5,1,1,1,1
10689,0,0.0,0.5,0,0,,0,60.9,0.0,60.9,1,1,1,1
10690,2,0.989894,0.5,1,1,2.0,2,70.7,74.8,145.5,1,1,1,1
10691,2,0.989894,0.5,1,1,2.0,2,77.5,75.2,152.7,1,1,1,1
10692,1,1.0,0.5,1,1,1.0,1,62.5,68.6,131.1,1,1,1,1
10693,0,0.0,0.5,0,0,,0,62.2,0.0,62.2,1,1,1,1
10694,2,0.989894,0.5,1,1,2.0,2,61.2,80.6,141.8,1,1,1,1
10695,0,0.0,0.5,0,0,,0,63.0,0.0,63.0,1,1,1,1
10696,1,1.0,0.5,1,1,1.0,1,61.3,66.9,128.2,1,1,1,1
10697,1,0.997497,0.5,1,1,1.0,1,61.6,75.4,137.0,1,1,1,1
10698,3,0.989894,0.5,1,1,2.0,2,66.3,71.7,138.0,1,1,1,1
10699,2,0.999232,0.5,1,1,3.0,3,61.5,70.7,132.2,1,1,1,1
10700,3,1.0,0.5,1,1,3.0,3,61.3,69.2,130.5,1,1,1,1
10701,0,0.0,0.5,0,0,,0,71.4,0.0,71.4,1,1,1,1
10702,3,0.989894,0.5,1,1,3.0,3,61.8,69.1,130.9,1,1,1,1
10703,1,1.0,0.5,1,1,1.0,1,59.3,69.6,128.9,1,1,1,1
10704,1,0.989894,0.5,1,1,1.0,1,60.1,79.9,140.0,1,1,1,1
10705,1,1.0,0.5,1,1,1.0,1,64.5,69.9,134.4,1,1,1,1
10706,3,1.0,0.5,1,1,3.0,3,62.3,66.9,129.2,1,1,1,1
10707,1,0.997497,0.5,1,1,1.0,1,58.4,76.1,134.5,1,1,1,1
10708,2,0.989894,0.5,1,1,2.0,2,66.0,69.7,135.7,1,1,1,1
10709,3,0.989894,0.5,1,1,2.0,2,62.1,69.5,131.6,1,1,1,1
10710,3,0.989894,0.5,1,1,3.0,3,60.4,68.2,128.6,1,1,1,1
10711,1,0.997497,0.5,1,1,1.0,1,71.1,72.3,143.4,1,1,1,1
10712,1,1.0,0.5,1,1,1.0,1,62.2,69.1,131.3,1,1,1,1
10713,2,0.989894,0.5,1,1,2.0,2,62.1,68.1,130.2,1,1,1,1
10714,0,0.0,0.5,0,0,,0,60.1,0.0,60.1,1,1,1,1
10715,2,0.989894,0.5,1,1,2.0,2,63.1,70.6,133.7,1,1,1,1
10716,1,0.997497,0.5,1,1,1.0,1,60.8,69.7,130.5,1,1,1,1
10717,3,0.989894,0.5,1,1,2.0,2,61.5,75.2,136.7,1,1,1,1
10718,0,0.0,0.5,0,0,,0,65.6,0.0,65.6,1,1,1,1
10719,0,0.0,0.5,0,0,,0,61.5,0.0,61.5,1,1,1,1
10720,2,0.989894,0.5,1,1,3.0,3,73.8,81.8,155.6,1,1,1,1
10721,2,0.989894,0.5,1,1,2.0,2,69.0,71.8,140.8,1,1,1,1
10722,3,0.999232,0.5,1,1,3.0,3,62.1,69.3,131.4,1,1,1,1
10723,1,0.999232,0.5,1,1,1.0,1,60.8,71.8,132.6,1,1,1,1
10724,3,0.989894,0.5,1,1,2.0,2,74.3,72.1,146.4,1,1,1,1
10725,0,0.0,0.5,0,0,,0,63.4,0.0,63.4,1,1,1,1
10726,3,0.999232,0.5,1,1,2.0,2,60.5,68.3,128.8,1,1,1,1
10727,2,0.999232,0.5,1,1,2.0,2,68.9,73.7,142.6,1,1,1,1
10728,0,0.177465,0.5,0,0,,0,64.6,0.0,64.6,1,1,1,1
10729,3,0.989894,0.5,1,1,3.0,3,62.9,68.4,131.3,1,1,1,1
10730,0,0.0,0.5,0,0,,0,61.2,0.0,61.2,1,1,1,1
10731,1,1.0,0.5,1,1,1.0,1,64.1,69.8,133.9,1,1,1,1
10732,2,0.989894,0.5,1,1,3.0,3,61.6,68.0,129.6,1,1,1,1
10733,2,0.989894,0.5,1,1,2.0,2,62.0,75.6,137.6,1,1,1,1
10734,1,1.0,0.5,1,1,1.0,1,68.8,70.8,139.6,1,1,1,1
10735,3,0.989894,0.5,1,1,2.0,2,61.3,69.2,130.5,1,1,1,1
10736,1,0.989894,0.5,1,1,1.0,1,61.8,67.4,129.2,1,1,1,1
10737,2,0.989894,0.5,1,1,3.0,3,72.1,70.2,142.3,1,1,1,1
10738,3,0.989894,0.5,1,1,3.0,3,62.0,68.1,130.1,1,1,1,1
10739,0,0.0,0.5,0,0,,0,60.8,0.0,60.8,1,1,1,1
10740,0,0.0,0.5,0,0,,0,60.3,0.0,60.3,1,1,1,1
10741,3,0.989894,0.5,1,1,2.0,2,63.9,70.1,134.0,1,1,1,1
10742,2,0.989894,0.5,1,1,3.0,3,61.2,67.1,128.3,1,1,1,1
10743,1,0.997497,0.5,1,1,1.0,1,60.6,76.5,137.1,1,1,1,1
10744,0,0.0,0.5,0,0,,0,66.7,0.0,66.7,1,1,1,1
10745,1,0.989894,0.5,1,1,1.0,1,60.8,68.4,129.2,1,1,1,1
10746,2,0.989894,0.5,1,1,2.0,2,61.0,67.3,128.3,1,1,1,1
10747,2,0.989894,0.5,1,1,3.0,3,71.4,72.3,143.7,1,1,1,1
10748,2,0.989894,0.5,1,1,3.0,3,61.8,66.6,128.4,1,1,1,1
10749,2,0.989894,0.5,1,1,2.0,2,61.0,68.9,129.9,1,1,1,1
10750,1,1.0,0.5,1,1,1.0,1,59.7,79.8,139.5,1,1,1,1
10751,2,1.0,0.5,1,1,3.0,3,64.2,70.1,134.3,1,1,1,1
10752,0,0.0,0.5,0,0,,0,60.8,0.0,60.8,1,1,1,1
10753,0,0.0,0.5,0,0,,0,61.6,0.0,61.6,1,1,1,1
10754,0,0.0,0.5,0,0,,0,66.8,0.0,66.8,1,1,1,1
10755,2,1.0,0.5,1,1,3.0,3,62.0,82.5,144.5,1,1,1,1
10756,2,0.989894,0.5,1,1,3.0,3,64.0,71.5,135.5,1,1,1,1
10757,2,0.989894,0.5,1,1,2.0,2,87.2,87.4,174.6,1,1,1,1
10758,1,0.997497,0.5,1,1,1.0,1,93.1,92.5,185.6,1,1,1,1
10759,3,1.0,0.5,1,1,3.0,3,83.6,230.4,314.0,1,1,1,1
10760,2,0.989894,0.5,1,1,3.0,3,78.9,87.5,166.4,1,1,1,1
10761,1,1.0,0.5,1,1,1.0,1,78.2,78.8,157.0,1,1,1,1
10762,2,1.0,0.5,1,1,3.0,3,64.0,69.2,133.2,1,1,1,1
10763,1,1.0,0.5,1,1,1.0,1,60.9,68.5,129.4,1,1,1,1
10764,0,0.0,0.5,0,0,,0,60.1,0.0,60.1,1,1,1,1
10765,2,0.989894,0.5,1,1,2.0,2,65.4,70.4,135.8,1,1,1,1
10766,2,0.989894,0.5,1,1,2.0,2,61.2,68.1,129.3,1,1,1,1
10767,1,1.0,0.5,1,1,1.0,1,59.8,69.6,129.4,1,1,1,1
10768,3,0.989894,0.5,1,1,3.0,3,72.1,71.1,143.2,1,1,1,1
10769,2,0.989894,0.5,1,1,3.0,3,63.2,70.9,134.1,1,1,1,1
10770,2,0.989894,0.5,1,1,2.0,2,59.4,71.8,131.2,1,1,1,1
10771,0,0.0,0.5,0,0,,0,71.5,0.0,71.5,1,1,1,1
10772,0,0.0,0.5,0,0,,0,61.8,0.0,61.8,1,1,1,1
10773,0,0.0,0.5,0,0,,0,60.6,0.0,60.6,1,1,1,1
10774,0,0.0,0.5,0,0,,0,60.3,0.0,60.3,1,1,1,1
10775,2,0.989894,0.5,1,1,2.0,2,62.8,70.4,133.2,1,1,1,1
10776,2,0.989894,0.5,1,1,3.0,3,60.3,69.2,129.5,1,1,1,1
10777,1,1.0,0.5,1,1,1.0,1,60.9,75.0,135.9,1,1,1,1
10778,2,0.989894,0.5,1,1,2.0,2,65.5,69.8,135.3,1,1,1,1
10779,0,0.0,0.5,0,0,,0,60.4,0.0,60.4,1,1,1,1
10780,1,1.0,0.5,1,1,1.0,1,61.3,69.9,131.2,1,1,1,1
10781,2,0.989894,0.5,1,1,2.0,2,72.3,72.1,144.4,1,1,1,1
10782,3,0.989894,0.5,1,1,3.0,3,61.4,68.8,130.2,1,1,1,1
10783,2,0.989894,0.5,1,1,3.0,3,60.4,68.7,129.1,1,1,1,1
10784,0,0.0,0.5,0,0,,0,59.4,0.0,59.4,1,1,1,1
10785,0,0.0,0.5,0,0,,0,64.2,0.0,64.2,1,1,1,1
10786,1,0.989894,0.5,1,1,1.0,1,61.4,68.0,129.4,1,1,1,1
10787,0,0.0,0.5,0,0,,0,61.3,0.0,61.3,1,1,1,1
10788,2,1.0,0.5,1,1,3.0,3,66.0,71.4,137.4,1,1,1,1
10789,0,0.0,0.5,0,0,,0,61.8,0.0,61.8,1,1,1,1
10790,0,0.0,0.5,0,0,,0,62.0,0.0,62.0,1,1,1,1
10791,1,1.0,0.5,1,1,1.0,1,80.7,73.0,153.7,1,1,1,1
10792,0,0.0,0.5,0,0,,0,78.7,0.0,78.7,1,1,1,1
10793,0,0.0,0.5,0,0,,0,62.8,0.0,62.8,1,1,1,1
10794,1,0.997497,0.5,1,1,1.0,1,72.1,73.8,145.9,1,1,1,1
10795,2,0.989894,0.5,1,1,2.0,2,62.2,71.1,133.3,1,1,1,1
10796,0,0.0,0.5,0,0,,0,60.7,0.0,60.7,1,1,1,1
10797,3,0.989894,0.5,1,1,3.0,3,62.0,81.4,143.4,1,1,1,1
10798,1,1.0,0.5,1,1,1.0,1,152.6,113.8,266.4,1,1,1,1
10799,2,0.989894,0.5,1,1,3.0,3,77.3,92.3,169.6,1,1,1,1
10800,1,0.989894,0.5,1,1,1.0,1,71.8,73.0,144.8,1,1,1,1
10801,1,0.997497,0.5,1,1,1.0,1,64.0,71.9,135.9,1,1,1,1
10802,1,0.989894,0.5,1,1,1.0,1,64.2,78.2,142.4,1,1,1,1
10803,2,0.989894,0.5,1,1,2.0,2,66.8,72.4,139.2,1,1,1,1
10804,1,1.0,0.5,1,1,1.0,1,62.8,69.5,132.3,1,1,1,1
10805,0,0.0,0.5,0,0,,0,63.3,0.0,63.3,1,1,1,1
10806,3,0.989894,0.5,1,1,2.0,2,74.7,73.5,148.2,1,1,1,1
10807,3,0.989894,0.5,1,1,2.0,2,62.5,69.2,131.7,1,1,1,1
10808,2,0.989894,0.5,1,1,2.0,2,61.8,70.8,132.6,1,1,1,1
10809,2,0.989894,0.5,1,1,2.0,2,74.2,75.7,149.9,1,1,1,1
10810,1,0.989894,0.5,1,1,1.0,1,63.3,69.9,133.2,1,1,1,1
10811,0,0.0,0.5,0,0,,0,60.5,0.0,60.5,1,1,1,1
10812,1,0.997497,0.5,1,1,1.0,1,61.6,80.3,141.9,1,1,1,1
10813,3,0.989894,0.5,1,1,2.0,2,64.8,70.0,134.8,1,1,1,1
10814,0,0.0,0.5,0,0,,0,60.3,0.0,60.3,1,1,1,1
10815,1,1.0,0.5,1,1,1.0,1,59.5,74.8,134.3,1,1,1,1
10816,3,0.989894,0.5,1,1,2.0,2,66.1,71.2,137.3,1,1,1,1
10817,0,0.0,0.5,0,0,,0,63.5,0.0,63.5,1,1,1,1
10818,2,0.989894,0.5,1,1,2.0,2,61.4,68.6,130.0,1,1,1,1
10819,3,0.989894,0.5,1,1,3.0,3,72.3,72.7,145.0,1,1,1,1
10820,0,0.0,0.5,0,0,,0,63.6,0.0,63.6,1,1,1,1
10821,0,0.0,0.5,0,0,,0,62.7,0.0,62.7,1,1,1,1
10822,3,0.989894,0.5,1,1,3.0,3,60.4,79.4,139.8,1,1,1,1
10823,2,0.999232,0.5,1,1,2.0,2,64.2,72.0,136.2,1,1,1,1
10824,3,0.989894,0.5,1,1,2.0,2,61.5,69.3,130.8,1,1,1,1
10825,3,1.0,0.5,1,1,3.0,3,62.5,77.9,140.4,1,1,1,1
10826,2,0.997497,0.5,1,1,2.0,2,66.1,70.3,136.4,1,1,1,1
10827,2,0.989894,0.5,1,1,2.0,2,61.2,69.6,130.8,1,1,1,1
10828,3,0.989894,0.5,1,1,2.0,2,60.7,68.9,129.6,1,1,1,1
10829,2,0.989894,0.5,1,1,2.0,2,73.1,71.7,144.8,1,1,1,1
10830,0,0.0,0.5,0,0,,0,61.9,0.0,61.9,1,1,1,1
10831,3,0.989894,0.5,1,1,2.0,2,61.5,69.6,131.1,1,1,1,1
10832,1,0.999232,0.5,1,1,1.0,1,68.3,73.7,142.0,1,1,1,1
10833,2,0.989894,0.5,1,1,2.0,2,62.6,68.5,131.1,1,1,1,1
10834,0,0.0,0.5,0,0,,0,60.8,0.0,60.8,1,1,1,1
10835,0,0.0,0.5,0,0,,0,59.3,0.0,59.3,1,1,1,1
10836,1,0.989894,0.5,1,1,1.0,1,65.6,69.7,135.3,1,1,1,1
10837,2,0.989894,0.5,1,1,3.0,3,62.8,69.2,132.0,1,1,1,1
10838,0,0.0,0.5,0,0,,0,60.9,0.0,60.9,1,1,1,1
10839,0,0.177465,0.5,0,0,,0,67.7,0.0,67.7,1,1,1,1
10840,3,0.989894,0.5,1,1,2.0,2,62.2,68.8,131.0,1,1,1,1
10841,2,0.989894,0.5,1,1,3.0,3,62.9,69.3,132.2,1,1,1,1
10842,0,0.0,0.5,0,0,,0,71.7,0.0,71.7,1,1,1,1
10843,3,0.989894,0.5,1,1,2.0,2,61.6,70.3,131.9,1,1,1,1
10844,2,1.0,0.5,1,1,2.0,2,60.4,67.8,128.2,1,1,1,1
10845,2,0.989894,0.5,1,1,3.0,3,60.3,79.5,139.8,1,1,1,1
10846,2,0.989894,0.5,1,1,3.0,3,62.8,69.8,132.6,1,1,1,1
10847,2,0.989894,0.5,1,1,3.0,3,62.5,70.1,132.6,1,1,1,1
10848,1,0.997497,0.5,1,1,1.0,1,60.4,75.2,135.6,1,1,1,1
10849,2,0.989894,0.5,1,1,3.0,3,66.9,70.8,137.7,1,1,1,1
10850,0,0.0,0.5,0,0,,0,60.3,0.0,60.3,1,1,1,1
10851,0,0.0,0.5,0,0,,0,60.3,0.0,60.3,1,1,1,1
10852,2,0.989894,0.5,1,1,2.0,2,71.3,70.4,141.7,1,1,1,1
10853,2,0.989894,0.5,1,1,2.0,2,62.8,70.0,132.8,1,1,1,1
10854,3,0.989894,0.5,1,1,2.0,2,62.9,70.2,133.1,1,1,1,1
10855,1,1.0,0.5,1,1,1.0,1,60.9,80.9,141.8,1,1,1,1
10856,2,0.989894,0.5,1,1,2.0,2,66.6,70.3,136.9,1,1,1,1
10857,3,0.989894,0.5,1,1,3.0,3,69.4,69.6,139.0,1,1,1,1
10858,0,0.0,0.5,0,0,,0,59.5,0.0,59.5,1,1,1,1
10859,3,0.989894,0.5,1,1,2.0,2,64.8,70.1,134.9,1,1,1,1
10860,1,0.989894,0.5,1,1,1.0,1,61.5,68.1,129.6,1,1,1,1
10861,1,0.989894,0.5,1,1,1.0,1,60.2,70.5,130.7,1,1,1,1
10862,3,0.989894,0.5,1,1,2.0,2,71.2,72.2,143.4,1,1,1,1
10863,0,0.0,0.5,0,0,,0,61.2,0.0,61.2,1,1,1,1
10864,1,1.0,0.5,1,1,1.0,1,59.9,68.9,128.8,1,1,1,1
10865,3,0.989894,0.5,1,1,3.0,3,70.9,74.1,145.0,1,1,1,1
10866,2,1.0,0.5,1,1,3.0,3,61.8,70.0,131.8,1,1,1,1
10867,3,0.989894,0.5,1,1,3.0,3,61.2,70.0,131.2,1,1,1,1
10868,2,0.989894,0.5,1,1,3.0,3,60.3,79.0,139.3,1,1,1,1
10869,3,0.989894,0.5,1,1,2.0,2,64.1,71.1,135.2,1,1,1,1
10870,2,0.989894,0.5,1,1,2.0,2,60.8,69.9,130.7,1,1,1,1
10871,0,0.177465,0.5,0,0,,0,60.6,0.0,60.6,1,1,1,1
10872,0,0.0,0.5,0,0,,0,214.9,0.0,214.9,1,1,1,1
10873,2,0.989894,0.5,1,1,2.0,2,129.0,104.6,233.6,1,1,1,1
10874,1,0.999232,0.5,1,1,1.0,1,88.8,83.7,172.5,1,1,1,1
10875,3,0.989894,0.5,1,1,3.0,3,70.5,80.6,151.1,1,1,1,1
10876,0,0.0,0.5,0,0,,0,71.6,0.0,71.6,1,1,1,1
10877,0,0.0,0.5,0,0,,0,66.7,0.0,66.7,1,1,1,1
10878,0,0.0,0.5,0,0,,0,65.0,0.0,65.0,1,1,1,1
10879,1,1.0,0.5,1,1,1.0,1,64.5,74.4,138.9,1,1,1,1
10880,2,0.989894,0.5,1,1,2.0,2,65.8,72.5,138.3,1,1,1,1
10881,2,0.989894,0.5,1,1,3.0,3,65.5,73.0,138.5,1,1,1,1
10882,2,0.989894,0.5,1,1,3.0,3,63.5,73.8,137.3,1,1,1,1
10883,2,0.989894,0.5,1,1,2.0,2,64.4,73.6,138.0,1,1,1,1
10884,2,0.989894,0.5,1,1,3.0,3,64.1,73.5,137.6,1,1,1,1
10885,0,0.0,0.5,0,0,,0,66.5,0.0,66.5,1,1,1,1
10886,3,1.0,0.5,1,1,2.0,2,65.3,73.8,139.1,1,1,1,1
10887,2,0.989894,0.5,1,1,2.0,2,65.6,72.8,138.4,1,1,1,1
10888,2,0.989894,0.5,1,1,3.0,3,65.2,72.8,138.0,1,1,1,1
10889,0,0.0,0.5,0,0,,0,68.4,0.0,68.4,1,1,1,1
10890,2,0.989894,0.5,1,1,3.0,3,61.9,70.4,132.3,1,1,1,1
10891,1,1.0,0.5,1,1,1.0,1,62.4,70.1,132.5,1,1,1,1
10892,1,1.0,0.5,1,1,1.0,1,63.2,69.9,133.1,1,1,1,1
10893,2,0.989894,0.5,1,1,3.0,3,63.1,71.5,134.6,1,1,1,1
10894,3,0.989894,0.5,1,1,3.0,3,63.0,70.4,133.4,1,1,1,1
10895,0,0.0,0.5,0,0,,0,61.9,0.0,61.9,1,1,1,1
10896,3,0.989894,0.5,1,1,2.0,2,61.6,87.5,149.1,1,1,1,1
10897,1,0.997497,0.5,1,1,1.0,1,69.1,71.2,140.3,1,1,1,1
10898,2,0.989894,0.5,1,1,2.0,2,62.1,71.4,133.5,1,1,1,1
10899,0,0.0,0.5,0,0,,0,63.2,0.0,63.2,1,1,1,1
10900,3,0.989894,0.5,1,1,3.0,3,69.3,73.5,142.8,1,1,1,1
10901,3,0.989894,0.5,1,1,3.0,3,65.2,72.5,137.7,1,1,1,1
10902,1,0.989894,0.5,1,1,1.0,1,62.4,70.0,132.4,1,1,1,1
10903,2,0.989894,0.5,1,1,3.0,3,74.3,77.6,151.9,1,1,1,1
10904,0,0.513514,0.5,1,1,0.0,0,63.8,69.5,133.3,1,1,1,1
10905,0,0.0,0.5,0,0,,0,62.9,0.0,62.9,1,1,1,1
10906,2,1.0,0.5,1,1,3.0,3,61.6,82.1,143.7,1,1,1,1
10907,0,0.0,0.5,0,0,,0,66.4,0.0,66.4,1,1,1,1
10908,3,1.0,0.5,1,1,3.0,3,62.3,70.4,132.7,1,1,1,1
10909,0,0.0,0.5,0,0,,0,62.8,0.0,62.8,1,1,1,1
10910,3,0.989894,0.5,1,1,2.0,2,67.0,72.9,139.9,1,1,1,1
10911,3,0.989894,0.5,1,1,3.0,3,62.9,71.0,133.9,1,1,1,1
10912,3,0.989894,0.5,1,1,2.0,2,62.5,70.6,133.1,1,1,1,1
10913,0,0.0,0.5,0,0,,0,74.5,0.0,74.5,1,1,1,1
10914,0,0.0,0.5,0,0,,0,63.3,0.0,63.3,1,1,1,1
10915,2,0.989894,0.5,1,1,3.0,3,61.9,72.4,134.3,1,1,1,1
10916,2,0.989894,0.5,1,1,2.0,2,72.0,74.1,146.1,1,1,1,1
10917,0,0.0,0.5,0,0,,0,64.6,0.0,64.6,1,1,1,1
10918,2,1.0,0.5,1,1,2.0,2,60.7,67.5,128.2,1,1,1,1
10919,2,0.997497,0.5,1,1,0.0,0,61.0,78.1,139.1,1,1,1,1
10920,0,0.0,0.5,0,0,,0,65.8,0.0,65.8,1,1,1,1
10921,2,0.989894,0.5,1,1,2.0,2,62.1,68.7,130.8,1,1,1,1
10922,1,0.999232,0.5,1,1,1.0,1,60.8,67.6,128.4,1,1,1,1
10923,3,0.989894,0.5,1,1,2.0,2,72.2,71.5,143.7,1,1,1,1
10924,0,0.0,0.5,0,0,,0,62.2,0.0,62.2,1,1,1,1
10925,2,0.989894,0.5,1,1,3.0,3,66.0,71.9,137.9,1,1,1,1
10926,1,1.0,0.5,1,1,1.0,1,74.2,72.5,146.7,1,1,1,1
10927,2,0.989894,0.5,1,1,3.0,3,62.8,68.2,131.0,1,1,1,1
10928,3,0.999232,0.5,1,1,3.0,3,61.5,67.8,129.3,1,1,1,1
10929,1,1.0,0.5,1,1,1.0,1,62.2,79.0,141.2,1,1,1,1
10930,2,0.989894,0.5,1,1,2.0,2,63.8,68.3,132.1,1,1,1,1
10931,2,0.989894,0.5,1,1,3.0,3,60.8,70.3,131.1,1,1,1,1
10932,3,0.989894,0.5,1,1,2.0,2,60.4,77.1,137.5,1,1,1,1
10933,0,0.0,0.5,0,0,,0,67.9,0.0,67.9,1,1,1,1
10934,2,0.989894,0.5,1,1,3.0,3,62.4,68.4,130.8,1,1,1,1
10935,0,0.0,0.5,0,0,,0,61.5,0.0,61.5,1,1,1,1
10936,3,0.989894,0.5,1,1,2.0,2,72.9,71.9,144.8,1,1,1,1
10937,3,0.989894,0.5,1,1,3.0,3,62.8,68.9,131.7,1,1,1,1
10938,3,0.999232,0.5,1,1,3.0,3,59.6,68.8,128.4,1,1,1,1
10939,0,0.0,0.5,0,0,,0,59.9,0.0,59.9,1,1,1,1
10940,1,0.989894,0.5,1,1,1.0,1,63.5,68.3,131.8,1,1,1,1
10941,0,0.0,0.5,0,0,,0,62.9,0.0,62.9,1,1,1,1
10942,0,0.0,0.5,0,0,,0,59.9,0.0,59.9,1,1,1,1
10943,1,0.989894,0.5,1,1,1.0,1,65.7,73.9,139.6,1,1,1,1
10944,3,0.999232,0.5,1,1,3.0,3,61.0,69.8,130.8,1,1,1,1
10945,0,0.0,0.5,0,0,,0,62.1,0.0,62.1,1,1,1,1
10946,2,0.989894,0.5,1,1,2.0,2,71.4,71.1,142.5,1,1,1,1
10947,0,0.177465,0.5,0,0,,0,62.4,0.0,62.4,1,1,1,1
10948,0,0.0,0.5,0,0,,0,72.1,0.0,72.1,1,1,1,1
10949,2,0.989894,0.5,1,1,2.0,2,74.5,72.2,146.7,1,1,1,1
10950,2,0.989894,0.5,1,1,2.0,2,61.5,67.5,129.0,1,1,1,1
10951,1,0.989894,0.5,1,1,1.0,1,61.0,67.8,128.8,1,1,1,1
10952,2,1.0,0.5,1,1,3.0,3,60.0,82.0,142.0,1,1,1,1
10953,0,0.0,0.5,0,0,,0,65.9,0.0,65.9,1,1,1,1
10954,3,0.989894,0.5,1,1,2.0,2,60.3,68.3,128.6,1,1,1,1
10955,1,0.997497,0.5,1,1,1.0,1,61.3,76.9,138.2,1,1,1,1
10956,0,0.0,0.5,0,0,,0,65.4,0.0,65.4,1,1,1,1
10957,0,0.0,0.5,0,0,,0,62.2,0.0,62.2,1,1,1,1
10958,1,0.997497,0.5,1,1,1.0,1,60.6,67.4,128.0,1,1,1,1
10959,0,0.0,0.5,0,0,,0,72.7,0.0,72.7,1,1,1,1
10960,1,1.0,0.5,1,1,1.0,1,61.8,68.4,130.2,1,1,1,1
10961,0,0.419355,0.5,0,0,,0,62.4,0.0,62.4,1,1,1,1
10962,0,0.177465,0.5,0,0,,0,61.3,0.0,61.3,1,1,1,1
10963,2,1.0,0.5,1,1,2.0,2,64.5,71.6,136.1,1,1,1,1
10964,3,0.989894,0.5,1,1,3.0,3,62.7,68.0,130.7,1,1,1,1
10965,1,0.989894,0.5,1,1,1.0,1,62.2,78.9,141.1,1,1,1,1
10966,3,0.989894,0.5,1,1,3.0,3,65.7,69.9,135.6,1,1,1,1
10967,3,1.0,0.5,1,1,2.0,2,61.4,71.1,132.5,1,1,1,1
10968,2,0.989894,0.5,1,1,3.0,3,61.0,68.4,129.4,1,1,1,1
10969,2,0.997497,0.5,1,1,2.0,2,72.9,70.3,143.2,1,1,1,1
10970,2,0.989894,0.5,1,1,2.0,2,61.6,69.8,131.4,1,1,1,1
10971,1,0.989894,0.5,1,1,1.0,1,59.7,70.7,130.4,1,1,1,1
10972,3,0.999232,0.5,1,1,3.0,3,69.6,72.8,142.4,1,1,1,1
10973,3,0.989894,0.5,1,1,3.0,3,62.3,68.8,131.1,1,1,1,1
10974,0,0.0,0.5,0,0,,0,61.2,0.0,61.2,1,1,1,1
10975,0,0.0,0.5,0,0,,0,59.6,0.0,59.6,1,1,1,1
10976,0,0.0,0.5,0,0,,0,64.0,0.0,64.0,1,1,1,1
10977,3,0.989894,0.5,1,1,3.0,3,61.0,70.3,131.3,1,1,1,1
10978,2,0.989894,0.5,1,1,3.0,3,59.6,67.8,127.4,1,1,1,1
10979,3,0.989894,0.5,1,1,2.0,2,70.7,70.9,141.6,1,1,1,1
10980,0,0.0,0.5,0,0,,0,60.5,0.0,60.5,1,1,1,1
10981,0,0.0,0.5,0,0,,0,61.9,0.0,61.9,1,1,1,1
10982,2,0.989894,0.5,1,1,3.0,3,70.0,72.2,142.2,1,1,1,1
10983,3,0.989894,0.5,1,1,2.0,2,61.6,70.6,132.2,1,1,1,1
10984,0,0.0,0.5,0,0,,0,58.7,0.0,58.7,1,1,1,1
10985,3,0.989894,0.5,1,1,2.0,2,70.9,97.3,168.2,1,1,1,1
10986,1,0.997497,0.5,1,1,1.0,1,83.8,91.9,175.7,1,1,1,1
10987,2,0.989894,0.5,1,1,2.0,2,79.7,89.8,169.5,1,1,1,1
10988,2,0.989894,0.5,1,1,2.0,2,84.2,93.0,177.2,1,1,1,1
10989,1,0.999232,0.5,1,1,1.0,1,72.6,72.2,144.8,1,1,1,1
10990,0,0.0,0.5,0,0,,0,70.0,0.0,70.0,1,1,1,1
10991,2,1.0,0.5,1,1,2.0,2,93.8,79.8,173.6,1,1,1,1
10992,3,0.999232,0.5,1,1,3.0,3,74.7,73.3,148.0,1,1,1,1
10993,1,1.0,0.5,1,1,1.0,1,65.1,90.2,155.3,1,1,1,1
10994,0,0.0,0.5,0,0,,0,76.3,0.0,76.3,1,1,1,1
10995,2,1.0,0.5,1,1,2.0,2,74.7,73.2,147.9,1,1,1,1
10996,1,0.997497,0.5,1,1,1.0,1,67.4,82.6,150.0,1,1,1,1
10997,2,0.989894,0.5,1,1,3.0,3,69.9,76.2,146.1,1,1,1,1
10998,2,0.989894,0.5,1,1,3.0,3,67.3,73.8,141.1,1,1,1,1
10999,2,0.989894,0.5,1,1,2.0,2,79.8,88.9,168.7,1,1,1,1
11000,2,0.989894,0.5,1,1,3.0,3,67.0,70.9,137.9,1,1,1,1
11001,0,0.0,0.5,0,0,,0,64.0,0.0,64.0,1,1,1,1
11002,1,0.177465,0.5,0,0,,0,66.7,0.0,66.7,1,1,1,1
11003,1,1.0,0.5,1,1,1.0,1,68.8,77.9,146.7,1,1,1,1
11004,1,0.997497,0.5,1,1,1.0,1,69.3,76.5,145.8,1,1,1,1
11005,2,0.999232,0.5,1,1,3.0,3,75.0,78.9,153.9,1,1,1,1
11006,2,0.989894,0.5,1,1,2.0,2,67.7,78.0,145.7,1,1,1,1
11007,1,1.0,0.5,1,1,1.0,1,64.9,70.1,135.0,1,1,1,1
11008,0,0.0,0.5,0,0,,0,62.4,0.0,62.4,1,1,1,1
11009,3,0.989894,0.5,1,1,2.0,2,88.2,84.3,172.5,1,1,1,1
11010,1,0.997497,0.5,1,1,1.0,1,70.1,70.1,140.2,1,1,1,1
11011,1,1.0,0.5,1,1,1.0,1,79.1,77.1,156.2,1,1,1,1
11012,3,0.989894,0.5,1,1,3.0,3,63.3,70.7,134.0,1,1,1,1
11013,0,0.177465,0.5,0,0,,0,71.9,0.0,71.9,1,1,1,1
11014,1,0.513514,0.5,1,1,1.0,1,81.2,78.4,159.6,1,1,1,1
11015,1,1.0,0.5,1,1,1.0,1,63.6,70.2,133.8,1,1,1,1
11016,2,0.989894,0.5,1,1,3.0,3,61.7,68.2,129.9,1,1,1,1
11017,0,0.0,0.5,0,0,,0,61.9,0.0,61.9,1,1,1,1
11018,2,0.989894,0.5,1,1,3.0,3,64.4,70.4,134.8,1,1,1,1
11019,2,0.989894,0.5,1,1,3.0,3,61.0,70.9,131.9,1,1,1,1
11020,3,0.989894,0.5,1,1,3.0,3,60.7,73.3,134.0,1,1,1,1
11021,2,0.989894,0.5,1,1,2.0,2,68.2,71.7,139.9,1,1,1,1
11022,0,0.999232,0.5,1,1,0.0,0,63.6,69.1,132.7,1,1,1,1
11023,0,0.0,0.5,0,0,,0,62.0,0.0,62.0,1,1,1,1
11024,2,1.0,0.5,1,1,2.0,2,82.8,72.6,155.4,1,1,1,1
11025,2,0.989894,0.5,1,1,2.0,2,71.0,76.1,147.1,1,1,1,1
11026,2,0.989894,0.5,1,1,3.0,3,61.3,67.8,129.1,1,1,1,1
11027,0,0.0,0.5,0,0,,0,69.6,0.0,69.6,1,1,1,1
11028,0,0.0,0.5,0,0,,0,62.1,0.0,62.1,1,1,1,1
11029,2,0.989894,0.5,1,1,3.0,3,62.1,68.1,130.2,1,1,1,1
11030,0,0.0,0.5,0,0,,0,60.3,0.0,60.3,1,1,1,1
11031,0,0.0,0.5,0,0,,0,62.8,0.0,62.8,1,1,1,1
11032,3,0.989894,0.5,1,1,2.0,2,61.2,68.1,129.3,1,1,1,1
11033,0,0.0,0.5,0,0,,0,61.2,0.0,61.2,1,1,1,1
11034,0,0.0,0.5,0,0,,0,68.4,0.0,68.4,1,1,1,1
11035,0,0.0,0.5,0,0,,0,62.2,0.0,62.2,1,1,1,1
11036,3,0.989894,0.5,1,1,3.0,3,62.4,68.1,130.5,1,1,1,1
11037,2,0.989894,0.5,1,1,2.0,2,72.2,72.1,144.3,1,1,1,1
11038,0,0.0,0.5,0,0,,0,68.0,0.0,68.0,1,1,1,1
11039,3,0.989894,0.5,1,1,2.0,2,60.8,70.7,131.5,1,1,1,1
11040,0,0.999232,0.5,1,1,0.0,0,60.4,79.6,140.0,1,1,1,1
11041,1,1.0,0.5,1,1,1.0,1,65.2,69.8,135.0,1,1,1,1
11042,0,0.0,0.5,0,0,,0,61.6,0.0,61.6,1,1,1,1
11043,0,0.0,0.5,0,0,,0,60.7,0.0,60.7,1,1,1,1
11044,0,0.0,0.5,0,0,,0,65.5,0.0,65.5,1,1,1,1
11045,3,0.989894,0.5,1,1,2.0,2,62.0,68.4,130.4,1,1,1,1
11046,2,0.989894,0.5,1,1,3.0,3,59.1,67.9,127.0,1,1,1,1
11047,0,0.0,0.5,0,0,,0,72.2,0.0,72.2,1,1,1,1
11048,3,1.0,0.5,1,1,3.0,3,61.7,69.8,131.5,1,1,1,1
11049,3,1.0,0.5,1,1,2.0,2,61.1,68.4,129.5,1,1,1,1
11050,2,0.989894,0.5,1,1,3.0,3,69.3,74.8,144.1,1,1,1,1
11051,3,0.989894,0.5,1,1,3.0,3,64.8,70.0,134.8,1,1,1,1
11052,1,0.989894,0.5,1,1,1.0,1,60.4,68.7,129.1,1,1,1,1
11053,2,0.989894,0.5,1,1,3.0,3,62.4,78.1,140.5,1,1,1,1
11054,2,0.989894,0.5,1,1,3.0,3,64.5,69.2,133.7,1,1,1,1
11055,3,1.0,0.5,1,1,2.0,2,60.4,69.7,130.1,1,1,1,1
11056,1,0.989894,0.5,1,1,1.0,1,60.4,68.5,128.9,1,1,1,1
11057,2,0.989894,0.5,1,1,3.0,3,72.9,70.7,143.6,1,1,1,1
11058,2,0.989894,0.5,1,1,3.0,3,63.0,69.1,132.1,1,1,1,1
11059,3,0.989894,0.5,1,1,2.0,2,60.7,70.4,131.1,1,1,1,1
11060,0,0.0,0.5,0,0,,0,69.7,0.0,69.7,1,1,1,1
11061,0,0.0,0.5,0,0,,0,61.8,0.0,61.8,1,1,1,1
11062,1,1.0,0.5,1,1,1.0,1,60.0,68.6,128.6,1,1,1,1
11063,2,0.989894,0.5,1,1,3.0,3,60.5,79.5,140.0,1,1,1,1
11064,1,1.0,0.5,1,1,1.0,1,63.0,69.8,132.8,1,1,1,1
11065,3,0.989894,0.5,1,1,2.0,2,60.7,69.1,129.8,1,1,1,1
11066,2,0.989894,0.5,1,1,2.0,2,60.1,75.8,135.9,1,1,1,1
11067,0,0.0,0.5,0,0,,0,65.8,0.0,65.8,1,1,1,1
11068,0,0.0,0.5,0,0,,0,61.0,0.0,61.0,1,1,1,1
11069,3,0.989894,0.5,1,1,2.0,2,62.0,69.8,131.8,1,1,1,1
11070,1,1.0,0.5,1,1,1.0,1,69.3,71.7,141.0,1,1,1,1
11071,2,0.989894,0.5,1,1,2.0,2,62.2,71.3,133.5,1,1,1,1
11072,3,0.989894,0.5,1,1,2.0,2,59.9,69.9,129.8,1,1,1,1
11073,1,0.989894,0.5,1,1,1.0,1,60.9,78.9,139.8,1,1,1,1
11074,3,0.989894,0.5,1,1,3.0,3,64.8,68.3,133.1,1,1,1,1
11075,0,0.0,0.5,0,0,,0,61.0,0.0,61.0,1,1,1,1
11076,2,0.999232,0.5,1,1,2.0,2,60.5,78.2,138.7,1,1,1,1
11077,0,0.0,0.5,0,0,,0,67.8,0.0,67.8,1,1,1,1
11078,3,1.0,0.5,1,1,3.0,3,60.2,69.3,129.5,1,1,1,1
11079,3,1.0,0.5,1,1,3.0,3,60.1,69.9,130.0,1,1,1,1
11080,1,1.0,0.5,1,1,1.0,1,70.8,70.8,141.6,1,1,1,1
11081,3,0.989894,0.5,1,1,3.0,3,62.5,68.4,130.9,1,1,1,1
11082,3,0.989894,0.5,1,1,2.0,2,59.5,68.3,127.8,1,1,1,1
11083,0,0.0,0.5,0,0,,0,60.0,0.0,60.0,1,1,1,1
11084,2,0.989894,0.5,1,1,3.0,3,63.4,69.6,133.0,1,1,1,1
11085,0,0.0,0.5,0,0,,0,61.7,0.0,61.7,1,1,1,1
11086,3,0.989894,0.5,1,1,2.0,2,60.9,77.8,138.7,1,1,1,1
11087,2,0.989894,0.5,1,1,3.0,3,65.2,72.9,138.1,1,1,1,1
11088,2,0.999232,0.5,1,1,3.0,3,61.8,68.8,130.6,1,1,1,1
11089,2,0.989894,0.5,1,1,3.0,3,61.9,68.5,130.4,1,1,1,1
11090,2,0.989894,0.5,1,1,2.0,2,71.7,72.3,144.0,1,1,1,1
11091,0,0.0,0.5,0,0,,0,61.5,0.0,61.5,1,1,1,1
11092,1,0.997497,0.5,1,1,1.0,1,60.9,70.5,131.4,1,1,1,1
11093,3,0.989894,0.5,1,1,3.0,3,69.2,76.3,145.5,1,1,1,1
11094,2,0.989894,0.5,1,1,3.0,3,62.3,69.5,131.8,1,1,1,1
11095,3,0.989894,0.5,1,1,2.0,2,62.0,70.2,132.2,1,1,1,1
11096,2,0.989894,0.5,1,1,3.0,3,74.9,81.4,156.3,1,1,1,1
11097,1,0.989894,0.5,1,1,1.0,1,65.4,71.4,136.8,1,1,1,1
11098,0,0.0,0.5,0,0,,0,59.5,0.0,59.5,1,1,1,1
11099,0,0.0,0.5,0,0,,0,61.9,0.0,61.9,1,1,1,1
11100,0,0.0,0.5,0,0,,0,66.7,0.0,66.7,1,1,1,1
11101,0,0.0,0.5,0,0,,0,62.4,0.0,62.4,1,1,1,1
11102,3,0.989894,0.5,1,1,2.0,2,61.9,76.6,138.5,1,1,1,1
11103,2,0.989894,0.5,1,1,2.0,2,367.7,216.7,584.4,1,1,1,1
11104,3,0.989894,0.5,1,1,3.0,3,274.8,171.4,446.2,1,1,1,1
11105,2,0.989894,0.5,1,1,2.0,2,152.0,135.5,287.5,1,1,1,1
11106,1,0.999232,0.5,1,1,1.0,1,98.2,89.0,187.2,1,1,1,1
11107,3,1.0,0.5,1,1,2.0,2,94.8,82.6,177.4,1,1,1,1
11108,2,0.989894,0.5,1,1,2.0,2,68.8,76.8,145.6,1,1,1,1
11109,2,0.989894,0.5,1,1,2.0,2,67.0,75.8,142.8,1,1,1,1
11110,3,0.989894,0.5,1,1,3.0,3,81.2,77.6,158.8,1,1,1,1
11111,0,0.0,0.5,0,0,,0,71.6,0.0,71.6,1,1,1,1
11112,2,0.989894,0.5,1,1,2.0,2,66.8,115.3,182.1,1,1,1,1
11113,3,0.989894,0.5,1,1,2.0,2,101.0,79.8,180.8,1,1,1,1
11114,1,0.999232,0.5,1,1,1.0,1,67.4,75.0,142.4,1,1,1,1
11115,3,0.989894,0.5,1,1,3.0,3,66.5,85.1,151.6,1,1,1,1
11116,2,0.989894,0.5,1,1,2.0,2,74.0,77.2,151.2,1,1,1,1
11117,3,0.989894,0.5,1,1,3.0,3,67.6,75.8,143.4,1,1,1,1
11118,3,0.989894,0.5,1,1,2.0,2,65.2,74.0,139.2,1,1,1,1
11119,0,0.0,0.5,0,0,,0,80.3,0.0,80.3,1,1,1,1
11120,3,0.989894,0.5,1,1,3.0,3,64.5,70.8,135.3,1,1,1,1
11121,0,0.0,0.5,0,0,,0,62.2,0.0,62.2,1,1,1,1
11122,1,1.0,0.5,1,1,1.0,1,78.1,80.8,158.9,1,1,1,1
11123,0,0.0,0.5,0,0,,0,64.9,0.0,64.9,1,1,1,1
11124,3,0.989894,0.5,1,1,2.0,2,63.3,72.1,135.4,1,1,1,1
11125,1,0.997497,0.5,1,1,1.0,1,63.1,82.6,145.7,1,1,1,1
11126,3,0.989894,0.5,1,1,2.0,2,66.3,72.7,139.0,1,1,1,1
11127,0,0.0,0.5,0,0,,0,63.6,0.0,63.6,1,1,1,1
11128,1,0.999232,0.5,1,1,1.0,1,61.7,79.9,141.6,1,1,1,1
11129,1,0.997497,0.5,1,1,1.0,1,105.2,80.3,185.5,1,1,1,1
11130,3,0.989894,0.5,1,1,2.0,2,66.5,70.6,137.1,1,1,1,1
11131,0,0.0,0.5,0,0,,0,64.7,0.0,64.7,1,1,1,1
11132,2,0.989894,0.5,1,1,2.0,2,68.2,74.0,142.2,1,1,1,1
11133,3,1.0,0.5,1,1,2.0,2,66.2,72.0,138.2,1,1,1,1
11134,1,1.0,0.5,1,1,1.0,1,62.5,72.3,134.8,1,1,1,1
11135,2,0.989894,0.5,1,1,2.0,2,75.5,76.4,151.9,1,1,1,1
11136,3,0.989894,0.5,1,1,2.0,2,65.9,71.0,136.9,1,1,1,1
11137,1,1.0,0.5,1,1,1.0,1,63.9,70.6,134.5,1,1,1,1
11138,1,0.989894,0.5,1,1,1.0,1,62.6,82.7,145.3,1,1,1,1
11139,2,0.989894,0.5,1,1,2.0,2,66.2,74.0,140.2,1,1,1,1
11140,0,0.0,0.5,0,0,,0,62.8,0.0,62.8,1,1,1,1
11141,2,0.989894,0.5,1,1,3.0,3,64.6,82.8,147.4,1,1,1,1
11142,1,1.0,0.5,1,1,1.0,1,72.1,75.3,147.4,1,1,1,1
11143,1,1.0,0.5,1,1,1.0,1,64.1,69.4,133.5,1,1,1,1
11144,0,0.0,0.5,0,0,,0,60.8,0.0,60.8,1,1,1,1
11145,1,1.0,0.5,1,1,1.0,1,67.2,70.1,137.3,1,1,1,1
11146,1,1.0,0.5,1,1,1.0,1,61.8,69.9,131.7,1,1,1,1
11147,0,0.0,0.5,0,0,,0,61.1,0.0,61.1,1,1,1,1
11148,3,0.989894,0.5,1,1,2.0,2,74.7,72.0,146.7,1,1,1,1
11149,3,1.0,0.5,1,1,3.0,3,63.7,74.2,137.9,1,1,1,1
11150,0,0.0,0.5,0,0,,0,65.4,0.0,65.4,1,1,1,1
11151,1,0.999232,0.5,1,1,1.0,1,70.0,76.0,146.0,1,1,1,1
11152,0,0.0,0.5,0,0,,0,62.9,0.0,62.9,1,1,1,1
11153,2,0.989894,0.5,1,1,2.0,2,61.4,69.3,130.7,1,1,1,1
11154,3,0.989894,0.5,1,1,2.0,2,60.3,78.8,139.1,1,1,1,1
11155,0,0.0,0.5,0,0,,0,65.2,0.0,65.2,1,1,1,1
11156,0,0.0,0.5,0,0,,0,62.1,0.0,62.1,1,1,1,1
11157,2,0.989894,0.5,1,1,3.0,3,67.3,75.5,142.8,1,1,1,1
11158,2,0.989894,0.5,1,1,3.0,3,66.2,71.6,137.8,1,1,1,1
11159,2,0.989894,0.5,1,1,2.0,2,63.3,69.8,133.1,1,1,1,1
11160,2,0.989894,0.5,1,1,2.0,2,61.2,67.4,128.6,1,1,1,1
11161,1,0.989894,0.5,1,1,1.0,1,72.3,72.5,144.8,1,1,1,1
11162,0,0.0,0.5,0,0,,0,61.5,0.0,61.5,1,1,1,1
11163,1,1.0,0.5,1,1,1.0,1,60.7,69.4,130.1,1,1,1,1
11164,2,0.989894,0.5,1,1,3.0,3,65.4,81.3,146.7,1,1,1,1
11165,1,1.0,0.5,1,1,1.0,1,66.2,69.5,135.7,1,1,1,1
11166,0,0.0,0.5,0,0,,0,62.8,0.0,62.8,1,1,1,1
11167,3,1.0,0.5,1,1,2.0,2,62.6,80.2,142.8,1,1,1,1
11168,1,1.0,0.5,1,1,1.0,1,66.9,70.2,137.1,1,1,1,1
11169,0,0.0,0.5,0,0,,0,63.7,0.0,63.7,1,1,1,1
11170,1,1.0,0.5,1,1,1.0,1,62.5,68.6,131.1,1,1,1,1
11171,2,0.989894,0.5,1,1,2.0,2,79.9,75.4,155.3,1,1,1,1
11172,2,0.989894,0.5,1,1,2.0,2,76.3,78.7,155.0,1,1,1,1
11173,0,0.0,0.5,0,0,,0,65.1,0.0,65.1,1,1,1,1
11174,1,0.989894,0.5,1,1,1.0,1,74.4,72.0,146.4,1,1,1,1
11175,3,0.989894,0.5,1,1,2.0,2,63.6,70.4,134.0,1,1,1,1
11176,1,1.0,0.5,1,1,1.0,1,61.1,68.0,129.1,1,1,1,1
11177,0,0.0,0.5,0,0,,0,71.8,0.0,71.8,1,1,1,1
11178,2,0.989894,0.5,1,1,2.0,2,62.5,68.6,131.1,1,1,1,1
11179,0,0.0,0.5,0,0,,0,61.0,0.0,61.0,1,1,1,1
11180,3,0.989894,0.5,1,1,2.0,2,64.4,80.3,144.7,1,1,1,1
11181,1,0.999232,0.5,1,1,1.0,1,65.5,70.7,136.2,1,1,1,1
11182,2,0.989894,0.5,1,1,2.0,2,61.0,70.7,131.7,1,1,1,1
11183,0,0.0,0.5,0,0,,0,61.5,0.0,61.5,1,1,1,1
11184,1,1.0,0.5,1,1,1.0,1,67.2,70.3,137.5,1,1,1,1
11185,2,0.989894,0.5,1,1,3.0,3,63.3,68.9,132.2,1,1,1,1
11186,0,0.0,0.5,0,0,,0,60.3,0.0,60.3,1,1,1,1
11187,1,0.999232,0.5,1,1,1.0,1,75.6,73.6,149.2,1,1,1,1
11188,0,0.0,0.5,0,0,,0,62.3,0.0,62.3,1,1,1,1
11189,3,0.989894,0.5,1,1,2.0,2,60.9,68.3,129.2,1,1,1,1
11190,0,0.0,0.5,0,0,,0,69.0,0.0,69.0,1,1,1,1
11191,2,0.989894,0.5,1,1,2.0,2,62.3,69.7,132.0,1,1,1,1
11192,1,0.999232,0.5,1,1,1.0,1,60.3,69.1,129.4,1,1,1,1
11193,0,0.0,0.5,0,0,,0,61.6,0.0,61.6,1,1,1,1
11194,0,0.0,0.5,0,0,,0,68.9,0.0,68.9,1,1,1,1
11195,0,0.0,0.5,0,0,,0,60.7,0.0,60.7,1,1,1,1
11196,1,0.989894,0.5,1,1,1.0,1,60.0,68.4,128.4,1,1,1,1
11197,0,0.0,0.5,0,0,,0,66.4,0.0,66.4,1,1,1,1
11198,0,0.0,0.5,0,0,,0,60.5,0.0,60.5,1,1,1,1
11199,1,1.0,0.5,1,1,1.0,1,61.7,69.4,131.1,1,1,1,1
